{"type": "FeatureCollection", "features": [{"type": "Feature", "properties": {"color": "#aa7028"}, "geometry": {"type": "Polygon", "coordinates": [[[-84.24018674033951, 40.465223927625104], [-84.33115101141821, 40.410941922323545], [-84.30916054113233, 40.3264243332899], [-84.19655315533991, 40.29611000956959], [-84.1056351766622, 40.35020376056599], [-84.12727780940155, 40.43479982798167], [-84.24018674033951, 40.465223927625104]]]}}, {"type": "Feature", "properties": {"color": "#ed0000"}, "geometry": {"type": "Polygon", "coordinates": [[[-81.59172945737694, 41.40024333107299], [-81.68793723723647, 41.34731528542784], [-81.67028663682615, 41.26120166176824], [-81.55680375389127, 41.22795439244012], [-81.46068049767929, 41.280694278621574], [-81.47795519547924, 41.366869295822994], [-81.59172945737694, 41.40024333107299]]]}}, {"type": "Feature", "properties": {"color": "#dbd83d"}, "geometry": {"type": "Polygon", "coordinates": [[[-81.97123063894578, 39.668787883495], [-82.06350825028254, 39.61680998970672], [-82.04583473123306, 39.53263294836581], [-81.93623083268238, 39.500371420261736], [-81.84402693328337, 39.55216554326568], [-81.86135284327548, 39.63640468608177], [-81.97123063894578, 39.668787883495]]]}}, {"type": "Feature", "properties": {"color": "#dbd83d"}, "geometry": {"type": "Polygon", "coordinates": [[[-82.21371030624701, 38.8749745356158], [-82.30417071845994, 38.82341875163956], [-82.28637460501989, 38.74018742389722], [-82.17845285565863, 38.70844882647529], [-82.08806075231873, 38.75982287449172], [-82.10552172209411, 38.8431169856211], [-82.21371030624701, 38.8749745356158]]]}}, {"type": "Feature", "properties": {"color": "#aa7028"}, "geometry": {"type": "Polygon", "coordinates": [[[-84.23307150927275, 41.25482420972739], [-84.32559103153267, 41.19994400763362], [-84.30323746500112, 41.11459548504865], [-84.18872366641551, 41.08404731264821], [-84.09625212485085, 41.13873700990645], [-84.11824589450808, 41.22416511634056], [-84.23307150927275, 41.25482420972739]]]}}, {"type": "Feature", "properties": {"color": "#aa7028"}, "geometry": {"type": "Polygon", "coordinates": [[[-83.44221702482646, 39.77500454777299], [-83.53288082130909, 39.72184566290236], [-83.51259624597238, 39.637876274677154], [-83.40198952921173, 39.60699333715702], [-83.31138094467961, 39.6599665676443], [-83.33132343147186, 39.744008124915915], [-83.44221702482646, 39.77500454777299]]]}}, {"type": "Feature", "properties": {"color": "#68aa63"}, "geometry": {"type": "Polygon", "coordinates": [[[-82.95204320560609, 40.34749365679358], [-83.04443607719223, 40.29426341300199], [-83.02476713900344, 40.20955483537676], [-82.91305791688387, 40.178006594659394], [-82.82072805793575, 40.2310499803533], [-82.84004397715644, 40.31582818985582], [-82.95204320560609, 40.34749365679358]]]}}, {"type": "Feature", "properties": {"color": "#dbd83d"}, "geometry": {"type": "Polygon", "coordinates": [[[-81.3583493393034, 40.76546410609522], [-81.45354600205734, 40.71316603264161], [-81.4365543739911, 40.62767398072585], [-81.32473258225637, 40.59442064162267], [-81.2296212748109, 40.64653266563023], [-81.24624602412824, 40.73208378398533], [-81.3583493393034, 40.76546410609522]]]}}, {"type": "Feature", "properties": {"color": "#d89382"}, "geometry": {"type": "Polygon", "coordinates": [[[-81.74837137548474, 41.12235382368507], [-81.84381627153648, 41.069494473494885], [-81.82598763498775, 40.98370184119001], [-81.7130844514835, 40.95070606148531], [-81.6177209693675, 41.0033778022279], [-81.63517885222046, 41.08923263834745], [-81.74837137548474, 41.12235382368507]]]}}, {"type": "Feature", "properties": {"color": "#aa7028"}, "geometry": {"type": "Polygon", "coordinates": [[[-82.80528538646531, 40.62400896618856], [-82.89840854005607, 40.570684340420605], [-82.87888384861897, 40.48564563908592], [-82.76659350449087, 40.453862302927575], [-82.67353605867008, 40.50699943111518], [-82.69270281585628, 40.59210711417667], [-82.80528538646531, 40.62400896618856]]]}}, {"type": "Feature", "properties": {"color": "#aa7028"}, "geometry": {"type": "Polygon", "coordinates": [[[-84.37772043429537, 40.18784885627974], [-84.4679704706624, 40.13368270316131], [-84.4458699398569, 40.04949918299012], [-84.3338618768429, 40.01940258085803], [-84.24365578826108, 40.07338119969315], [-84.26541333655263, 40.1576436971368], [-84.37772043429537, 40.18784885627974]]]}}, {"type": "Feature", "properties": {"color": "#aa7028"}, "geometry": {"type": "Polygon", "coordinates": [[[-84.64789077340076, 39.635821467882714], [-84.73674070156687, 39.581900529996055], [-84.71443318825096, 39.498391365624336], [-84.60360880867445, 39.46872299063058], [-84.51479835288433, 39.522457866333184], [-84.53677233336167, 39.6060469288225], [-84.64789077340076, 39.635821467882714]]]}}, {"type": "Feature", "properties": {"color": "#aa7028"}, "geometry": {"type": "Polygon", "coordinates": [[[-83.58256129866841, 39.50097161812177], [-83.67252512165416, 39.4479243425445], [-83.65211562131886, 39.36429222119318], [-83.54207929889768, 39.33363439712897], [-83.45216826958178, 39.38649670747425], [-83.47224033810632, 39.470201545682436], [-83.58256129866841, 39.50097161812177]]]}}, {"type": "Feature", "properties": {"color": "#68aa63"}, "geometry": {"type": "Polygon", "coordinates": [[[-82.024197470907, 39.922087550422575], [-82.11690566277402, 39.86988067626215], [-82.09904338525342, 39.78543409963034], [-81.9888236385909, 39.75313135513914], [-81.89618927238463, 39.805153657338444], [-81.91370044185867, 39.88966299527875], [-82.024197470907, 39.922087550422575]]]}}, {"type": "Feature", "properties": {"color": "#68aa63"}, "geometry": {"type": "Polygon", "coordinates": [[[-80.95697994706664, 39.76262583049779], [-81.0506478614508, 39.71135916626715], [-81.0347238849883, 39.626885312208174], [-80.92548489403474, 39.59362261501126], [-80.83190386781236, 39.64470668945241], [-80.84747460360144, 39.72923576202546], [-80.95697994706664, 39.76262583049779]]]}}, {"type": "Feature", "properties": {"color": "#68aa63"}, "geometry": {"type": "Polygon", "coordinates": [[[-81.51429618638119, 40.490081629405914], [-81.60874897064873, 40.43785593316728], [-81.59157859621733, 40.35268899801105], [-81.48031699795185, 40.31968760022318], [-81.38594653257968, 40.371727793599085], [-81.40275496727787, 40.45695459727784], [-81.51429618638119, 40.490081629405914]]]}}, {"type": "Feature", "properties": {"color": "#aa7028"}, "geometry": {"type": "Polygon", "coordinates": [[[-84.43858434006923, 41.627912697406664], [-84.53157049817098, 41.57259746819492], [-84.50866649401696, 41.486922625974394], [-84.39314016446482, 41.45648122395423], [-84.30019990221268, 41.511604772290156], [-84.32273954680524, 41.597361134893696], [-84.43858434006923, 41.627912697406664]]]}}, {"type": "Feature", "properties": {"color": "#68aa63"}, "geometry": {"type": "Polygon", "coordinates": [[[-82.13184570564222, 40.43109201045684], [-82.22542647516772, 40.378427578706294], [-82.20717759172246, 40.29344872901407], [-82.09570579672983, 40.26106992629171], [-82.00219905144425, 40.31354819027773], [-82.02008967474013, 40.39859114073385], [-82.13184570564222, 40.43109201045684]]]}}, {"type": "Feature", "properties": {"color": "#dbd83d"}, "geometry": {"type": "Polygon", "coordinates": [[[-81.7728892497717, 40.72684466767308], [-81.86750279548116, 40.67424641607379], [-81.84978104454059, 40.588876809752556], [-81.73780979959265, 40.55604322595368], [-81.64327598041393, 40.60845494299497], [-81.66063328416043, 40.69388648836225], [-81.7728892497717, 40.72684466767308]]]}}, {"type": "Feature", "properties": {"color": "#aa0000"}, "geometry": {"type": "Polygon", "coordinates": [[[-83.60019678206457, 41.72421452886994], [-83.69449731480498, 41.66947057794396], [-83.67306055235906, 41.5834780316657], [-83.55769357572198, 41.552153254763056], [-83.46345084217906, 41.60670585155474], [-83.48451678880451, 41.69277429989295], [-83.60019678206457, 41.72421452886994]]]}}, {"type": "Feature", "properties": {"color": "#68aa63"}, "geometry": {"type": "Polygon", "coordinates": [[[-84.38454939274959, 39.022751331760965], [-84.4725966585246, 38.96951425137803], [-84.45102464134345, 38.886619733601115], [-84.3417313915654, 38.856884807519265], [-84.25372587210533, 38.90993779442843], [-84.2749714115423, 38.99290955202998], [-84.38454939274959, 39.022751331760965]]]}}, {"type": "Feature", "properties": {"color": "#68aa63"}, "geometry": {"type": "Polygon", "coordinates": [[[-81.33028322460656, 41.16115536606813], [-81.42632061287578, 41.1086031170425], [-81.40923474026573, 41.02268753481371], [-81.29648433164674, 40.989264622936], [-81.20053412987326, 41.04162976132058], [-81.21724676201623, 41.12760462420332], [-81.33028322460656, 41.16115536606813]]]}}, {"type": "Feature", "properties": {"color": "#aa7028"}, "geometry": {"type": "Polygon", "coordinates": [[[-83.56462048700939, 40.281134042998104], [-83.65610455809419, 40.22749412623332], [-83.63538486083736, 40.14300258013546], [-83.52352948814189, 40.11207699188339], [-83.43210022141852, 40.16552967856666], [-83.45247107092263, 40.25009491573595], [-83.56462048700939, 40.281134042998104]]]}}, {"type": "Feature", "properties": {"color": "#68aa63"}, "geometry": {"type": "Polygon", "coordinates": [[[-80.71556170062989, 41.874662571151], [-80.81383202894408, 41.82212933424269], [-80.79761476631501, 41.735363545386136], [-80.68351427902454, 41.70107512601865], [-80.58534235760455, 41.753420290943566], [-80.60117213739862, 41.84024163710596], [-80.71556170062989, 41.874662571151]]]}}, {"type": "Feature", "properties": {"color": "#68aa63"}, "geometry": {"type": "Polygon", "coordinates": [[[-82.17345169080798, 39.6489915753088], [-82.26544589800636, 39.5968753320741], [-82.247425965499, 39.51276174689166], [-82.13775785499838, 39.48070067178475], [-82.04583473123306, 39.53263294836581], [-82.06350825028254, 39.61680998970672], [-82.17345169080798, 39.6489915753088]]]}}, {"type": "Feature", "properties": {"color": "#aa7028"}, "geometry": {"type": "Polygon", "coordinates": [[[-84.16666977726497, 40.998782806966155], [-84.25877194986825, 40.94414606206453], [-84.23665914558374, 40.85904575257196], [-84.12279993782057, 40.82850315646233], [-84.03074612160886, 40.88295016576108], [-84.05250266081094, 40.968129240011045], [-84.16666977726497, 40.998782806966155]]]}}, {"type": "Feature", "properties": {"color": "#aa7028"}, "geometry": {"type": "Polygon", "coordinates": [[[-83.38198166636963, 39.523119881180264], [-83.47224033810632, 39.470201545682436], [-83.45216826958178, 39.38649670747425], [-83.34217588326273, 39.35563852234019], [-83.2519726036187, 39.40837199563456], [-83.27170589367334, 39.49214825250288], [-83.38198166636963, 39.523119881180264]]]}}, {"type": "Feature", "properties": {"color": "#aa7028"}, "geometry": {"type": "Polygon", "coordinates": [[[-83.0706909770195, 40.858030388149864], [-83.1639412058158, 40.80432935903401], [-83.14384422905599, 40.71910372605182], [-83.0308567248236, 40.687507738497814], [-82.93766930185159, 40.74102033291347], [-82.9574061271175, 40.826317071558684], [-83.0706909770195, 40.858030388149864]]]}}, {"type": "Feature", "properties": {"color": "#68aa63"}, "geometry": {"type": "Polygon", "coordinates": [[[-82.32096975142379, 39.376746357916424], [-82.41225904923928, 39.3247255366119], [-82.39408655524771, 39.24094712615025], [-82.28496617757858, 39.20912514027374], [-82.19374529828282, 39.2609626144264], [-82.2115759950874, 39.34480514826907], [-82.32096975142379, 39.376746357916424]]]}}, {"type": "Feature", "properties": {"color": "#68aa63"}, "geometry": {"type": "Polygon", "coordinates": [[[-82.28206393344585, 40.15601288551789], [-82.37491587297762, 40.10343537516579], [-82.35650841826299, 40.01878631746125], [-82.24560203333816, 39.98664968066347], [-82.1528213092108, 40.03904162566477], [-82.1708753536719, 40.123755492609696], [-82.28206393344585, 40.15601288551789]]]}}, {"type": "Feature", "properties": {"color": "#68aa63"}, "geometry": {"type": "Polygon", "coordinates": [[[-80.68794966201295, 40.56372287949075], [-80.78353843563525, 40.51210083809687], [-80.76782278130376, 40.42670301326592], [-80.65688450133074, 40.39287280985689], [-80.5613891322846, 40.44431043259191], [-80.57673829110766, 40.52976237921071], [-80.68794966201295, 40.56372287949075]]]}}, {"type": "Feature", "properties": {"color": "#68aa63"}, "geometry": {"type": "Polygon", "coordinates": [[[-84.4476164375689, 39.65984438894761], [-84.53677233336167, 39.6060469288225], [-84.51479835288433, 39.522457866333184], [-84.40400302015644, 39.492587378351466], [-84.31488920250042, 39.54619881146346], [-84.3365281744877, 39.629866506644554], [-84.4476164375689, 39.65984438894761]]]}}, {"type": "Feature", "properties": {"color": "#aa7028"}, "geometry": {"type": "Polygon", "coordinates": [[[-84.78261504524785, 40.13917456145657], [-84.8722390508244, 40.08475399033875], [-84.84945712989762, 40.00073230958151], [-84.73739063844366, 39.97104938337123], [-84.6478051969585, 40.02528234922036], [-84.67024719200688, 40.10938559396003], [-84.78261504524785, 40.13917456145657]]]}}, {"type": "Feature", "properties": {"color": "#ddc9c9"}, "geometry": {"type": "Polygon", "coordinates": [[[-83.70572800167778, 40.00509153221232], [-83.79649791800706, 39.9515600038801], [-83.77565344935073, 39.86740260802368], [-83.66438265535928, 39.836702227050445], [-83.57366507375637, 39.890047212927776], [-83.59416550213496, 39.97427885816784], [-83.70572800167778, 40.00509153221232]]]}}, {"type": "Feature", "properties": {"color": "#68aa63"}, "geometry": {"type": "Polygon", "coordinates": [[[-82.61090961754894, 38.834863167898085], [-82.70081575154161, 38.783047098939555], [-82.68235286471038, 38.69994523170503], [-82.57431625774586, 38.66859379056406], [-82.48447343544395, 38.720227792557154], [-82.5026035281451, 38.803395036500184], [-82.61090961754894, 38.834863167898085]]]}}, {"type": "Feature", "properties": {"color": "#aa7028"}, "geometry": {"type": "Polygon", "coordinates": [[[-84.78365697496344, 40.53116760901377], [-84.87402940916232, 40.47643642391875], [-84.85105407076789, 40.39199521677634], [-84.73805142411926, 40.362202757859045], [-84.64771819028856, 40.41674520000579], [-84.67034789946376, 40.501268588428275], [-84.78365697496344, 40.53116760901377]]]}}, {"type": "Feature", "properties": {"color": "#68aa63"}, "geometry": {"type": "Polygon", "coordinates": [[[-83.98844555222777, 39.06898140849947], [-84.07708328694125, 39.0159866784234], [-84.05616561753523, 38.93293892218984], [-83.94693902403573, 38.90281089373208], [-83.85834806437988, 38.955621640424944], [-83.87893649028908, 39.03874414530278], [-83.98844555222777, 39.06898140849947]]]}}, {"type": "Feature", "properties": {"color": "#d89382"}, "geometry": {"type": "Polygon", "coordinates": [[[-82.93658778739614, 38.928719589795826], [-83.0262739357217, 38.876592625583086], [-83.00721545872038, 38.79345490114213], [-82.89880301993625, 38.76237622077587], [-82.8091764074538, 38.81432050121307], [-82.82790230414604, 38.89752588211314], [-82.93658778739614, 38.928719589795826]]]}}, {"type": "Feature", "properties": {"color": "#aa7028"}, "geometry": {"type": "Polygon", "coordinates": [[[-84.64771819028856, 40.41674520000579], [-84.73805142411926, 40.362202757859045], [-84.71536988871078, 40.277846074779426], [-84.60269938189785, 40.24795046953141], [-84.51240695560429, 40.30230456570093], [-84.5347437337078, 40.386742356735965], [-84.64771819028856, 40.41674520000579]]]}}, {"type": "Feature", "properties": {"color": "#aa7028"}, "geometry": {"type": "Polygon", "coordinates": [[[-83.66027743483397, 38.977984494053175], [-83.74915897259865, 38.92529689648807], [-83.72884145683234, 38.84227147678143], [-83.61997167402481, 38.81186092017216], [-83.531140812379, 38.86436504756541], [-83.5511286378961, 38.94746294520241], [-83.66027743483397, 38.977984494053175]]]}}, {"type": "Feature", "properties": {"color": "#aa7028"}, "geometry": {"type": "Polygon", "coordinates": [[[-82.43057492029003, 41.318930367182816], [-82.52556659751208, 41.26539189037274], [-82.50642549650868, 41.179538480023226], [-82.39266288670977, 41.14715602500621], [-82.29774401737565, 41.20050546498303], [-82.31651451207846, 41.28642610804958], [-82.43057492029003, 41.318930367182816]]]}}, {"type": "Feature", "properties": {"color": "#aa7028"}, "geometry": {"type": "Polygon", "coordinates": [[[-83.13098535413837, 41.114452582448784], [-83.22466977466898, 41.06051636920545], [-83.20435358729578, 40.975035964760835], [-83.09071631444753, 40.94341964068627], [-82.99709457368978, 40.99716663466113], [-83.01704696602997, 41.08271889243074], [-83.13098535413837, 41.114452582448784]]]}}, {"type": "Feature", "properties": {"color": "#68aa63"}, "geometry": {"type": "Polygon", "coordinates": [[[-80.84722720486317, 40.2898768454739], [-80.9420749579538, 40.23831978484322], [-80.9261667437389, 40.15324634191119], [-80.8157720680694, 40.11967468486644], [-80.72101458270397, 40.171047832137226], [-80.73656115733223, 40.25617625540636], [-80.84722720486317, 40.2898768454739]]]}}, {"type": "Feature", "properties": {"color": "#dbd83d"}, "geometry": {"type": "Polygon", "coordinates": [[[-81.87317832254442, 40.196020023459575], [-81.9666097199729, 40.143727426886734], [-81.94891033360582, 40.05895013223145], [-81.8381350459052, 40.026403111290705], [-81.74478029600354, 40.07851054514274], [-81.76212380002949, 40.16334987818559], [-81.87317832254442, 40.196020023459575]]]}}, {"type": "Feature", "properties": {"color": "#68aa63"}, "geometry": {"type": "Polygon", "coordinates": [[[-84.12349167751296, 38.79712967559481], [-84.21145402523877, 38.74426036552229], [-84.19042697644726, 38.66155516911153], [-84.08176194481688, 38.63164382065957], [-83.99384417245635, 38.684329875816445], [-84.0145464264522, 38.767110284226504], [-84.12349167751296, 38.79712967559481]]]}}, {"type": "Feature", "properties": {"color": "#aa7028"}, "geometry": {"type": "Polygon", "coordinates": [[[-83.30020214399553, 40.049925244004875], [-83.39157514466831, 39.99665934063192], [-83.37142016099692, 39.91235476890126], [-83.26023856839817, 39.88124423688269], [-83.16892327137472, 39.93432380888241], [-83.1887314273336, 40.018699975413796], [-83.30020214399553, 40.049925244004875]]]}}, {"type": "Feature", "properties": {"color": "#aa7028"}, "geometry": {"type": "Polygon", "coordinates": [[[-83.21655808399422, 40.58038850590761], [-83.3090726700442, 40.52678315507312], [-83.28883625672681, 40.44188655894113], [-83.17643997168256, 40.41052329953315], [-83.08398551618815, 40.46394086671646], [-83.10386676740276, 40.54890920284058], [-83.21655808399422, 40.58038850590761]]]}}, {"type": "Feature", "properties": {"color": "#aa7028"}, "geometry": {"type": "Polygon", "coordinates": [[[-84.37297525363925, 40.97458393711952], [-84.46475607284381, 40.919811560922675], [-84.44228857766178, 40.83479136977025], [-84.32839445136715, 40.80446317238012], [-84.23665914558374, 40.85904575257196], [-84.25877194986825, 40.94414606206453], [-84.37297525363925, 40.97458393711952]]]}}, {"type": "Feature", "properties": {"color": "#aa7028"}, "geometry": {"type": "Polygon", "coordinates": [[[-83.27727854758282, 40.83582896438863], [-83.37021970614317, 40.781986585888845], [-83.3497640059739, 40.696833446402565], [-83.2367254131918, 40.665449916332065], [-83.14384422905599, 40.71910372605182], [-83.1639412058158, 40.80432935903401], [-83.27727854758282, 40.83582896438863]]]}}, {"type": "Feature", "properties": {"color": "#68aa63"}, "geometry": {"type": "Polygon", "coordinates": [[[-82.52171271738929, 39.35646741855968], [-82.6127187569271, 39.30431255113061], [-82.59420568004009, 39.220599590273096], [-82.48502675673281, 39.188975776015354], [-82.39408655524771, 39.24094712615025], [-82.41225904923928, 39.3247255366119], [-82.52171271738929, 39.35646741855968]]]}}, {"type": "Feature", "properties": {"color": "#aa7028"}, "geometry": {"type": "Polygon", "coordinates": [[[-82.22121591780298, 41.339814110402855], [-82.31651451207846, 41.28642610804958], [-82.29774401737565, 41.20050546498303], [-82.18404646800346, 41.16790674782207], [-82.08882360539363, 41.22110591043673], [-82.10722213060734, 41.30709233887162], [-82.22121591780298, 41.339814110402855]]]}}, {"type": "Feature", "properties": {"color": "#aa7028"}, "geometry": {"type": "Polygon", "coordinates": [[[-83.00721545872038, 38.79345490114213], [-83.0965609960144, 38.74138370664013], [-83.07743615789266, 38.658416440875925], [-82.9692957523994, 38.627452168220636], [-82.88000854456746, 38.679341015523114], [-82.89880301993625, 38.76237622077587], [-83.00721545872038, 38.79345490114213]]]}}, {"type": "Feature", "properties": {"color": "#d89382"}, "geometry": {"type": "Polygon", "coordinates": [[[-84.24706773486436, 39.6835390677499], [-84.3365281744877, 39.629866506644554], [-84.31488920250042, 39.54619881146346], [-84.20412579672586, 39.51612606395678], [-84.11471004848187, 39.569612646256694], [-84.13601255577407, 39.65335769943933], [-84.24706773486436, 39.6835390677499]]]}}, {"type": "Feature", "properties": {"color": "#aa7028"}, "geometry": {"type": "Polygon", "coordinates": [[[-83.1811539246125, 39.544936280297456], [-83.27170589367334, 39.49214825250288], [-83.2519726036187, 39.40837199563456], [-83.14202703089278, 39.37731338851494], [-83.0515330577677, 39.42991667026796], [-83.07092624338418, 39.51376303912256], [-83.1811539246125, 39.544936280297456]]]}}, {"type": "Feature", "properties": {"color": "#68aa63"}, "geometry": {"type": "Polygon", "coordinates": [[[-81.11201833359132, 39.49134797559082], [-81.20497116876284, 39.44015864027032], [-81.18886690091921, 39.35601564557116], [-81.080158073392, 39.323005690523956], [-80.98728919699022, 39.374012976668524], [-81.00304484846203, 39.45821198182318], [-81.11201833359132, 39.49134797559082]]]}}, {"type": "Feature", "properties": {"color": "#aa7028"}, "geometry": {"type": "Polygon", "coordinates": [[[-82.90818270226346, 41.5339410910974], [-83.00300088818246, 41.4798737106704], [-82.98290378398958, 41.39390707706946], [-82.86835960501851, 41.36193669824013], [-82.77360831453142, 41.41581390806928], [-82.79333384406097, 41.50185138172185], [-82.90818270226346, 41.5339410910974]]]}}, {"type": "Feature", "properties": {"color": "#68aa63"}, "geometry": {"type": "Polygon", "coordinates": [[[-82.11051614751115, 40.82512100530449], [-82.20491084206681, 40.77218745090063], [-82.18654551520943, 40.686782852430404], [-82.07414949444103, 40.6542471085584], [-81.97983036094304, 40.706993405354254], [-81.99783127561099, 40.79246241598955], [-82.11051614751115, 40.82512100530449]]]}}, {"type": "Feature", "properties": {"color": "#d89382"}, "geometry": {"type": "Polygon", "coordinates": [[[-84.38231032136524, 39.40908906560963], [-84.47107979877278, 39.35553984733694], [-84.44933444083341, 39.272211401369034], [-84.33915099445026, 39.24235409956339], [-84.25042397846825, 39.29571807077123], [-84.2718374919788, 39.379124339065775], [-84.38231032136524, 39.40908906560963]]]}}, {"type": "Feature", "properties": {"color": "#aa7028"}, "geometry": {"type": "Polygon", "coordinates": [[[-83.55542379634996, 40.674210991177766], [-83.64768741289647, 40.62027906547766], [-83.62680908821413, 40.5353646292027], [-83.51402145787112, 40.50430767646887], [-83.42181369375415, 40.55805124952803], [-83.44233724432425, 40.64303985680236], [-83.55542379634996, 40.674210991177766]]]}}, {"type": "Feature", "properties": {"color": "#68aa63"}, "geometry": {"type": "Polygon", "coordinates": [[[-81.76879357295468, 39.68824291946582], [-81.86135284327548, 39.63640468608177], [-81.84402693328337, 39.55216554326568], [-81.73449016479438, 39.519703613432405], [-81.64200723768623, 39.5713582853106], [-81.65898436575118, 39.65565816741518], [-81.76879357295468, 39.68824291946582]]]}}, {"type": "Feature", "properties": {"color": "#dbd83d"}, "geometry": {"type": "Polygon", "coordinates": [[[-81.17094984425788, 41.43866431003318], [-81.26775379656655, 41.38604990930428], [-81.25085625916844, 41.299814978533526], [-81.13753277213534, 41.26613572061568], [-81.04081921732364, 41.31856248986647], [-81.05733836368965, 41.40485584650718], [-81.17094984425788, 41.43866431003318]]]}}, {"type": "Feature", "properties": {"color": "#68aa63"}, "geometry": {"type": "Polygon", "coordinates": [[[-82.46677984859902, 39.105365743716895], [-82.5573731690166, 39.05344501893523], [-82.53905306845915, 38.970003877225054], [-82.43047652362759, 38.93841842715488], [-82.33994903187732, 38.99015643813007], [-82.3579318745723, 39.073662343258086], [-82.46677984859902, 39.105365743716895]]]}}, {"type": "Feature", "properties": {"color": "#68aa63"}, "geometry": {"type": "Polygon", "coordinates": [[[-82.19374529828282, 39.2609626144264], [-82.28496617757858, 39.20912514027374], [-82.26705878743627, 39.125450661205164], [-82.15827085112963, 39.09355025946678], [-82.0671196479831, 39.145204878558616], [-82.08468632930622, 39.2289424808487], [-82.19374529828282, 39.2609626144264]]]}}, {"type": "Feature", "properties": {"color": "#aa7028"}, "geometry": {"type": "Polygon", "coordinates": [[[-84.64753974040855, 41.20559044069165], [-84.73940664684469, 41.150437256121904], [-84.71633833366133, 41.0652519887663], [-84.60175915162989, 41.03513733787398], [-84.50993445679651, 41.090099917554355], [-84.53264621191607, 41.17536749042191], [-84.64753974040855, 41.20559044069165]]]}}, {"type": "Feature", "properties": {"color": "#aa7028"}, "geometry": {"type": "Polygon", "coordinates": [[[-83.5460711328026, 41.06925597430011], [-83.63912768706544, 41.01503510536033], [-83.6180883112515, 40.92970260122448], [-83.50435275917634, 40.89851604544637], [-83.4113531353227, 40.95254744547315], [-83.43203165842165, 41.03795459564464], [-83.5460711328026, 41.06925597430011]]]}}, {"type": "Feature", "properties": {"color": "#d89382"}, "geometry": {"type": "Polygon", "coordinates": [[[-82.27748374724462, 41.59831181815636], [-82.37324039440959, 41.544696961121645], [-82.3542623242102, 41.45852214732229], [-82.23990300044638, 41.425895415279136], [-82.1442221529954, 41.479320644398236], [-82.1628243901662, 41.56556194065525], [-82.27748374724462, 41.59831181815636]]]}}, {"type": "Feature", "properties": {"color": "#aa7028"}, "geometry": {"type": "Polygon", "coordinates": [[[-82.77877207982402, 39.58756784461759], [-82.86990587725694, 39.53504450508409], [-82.8508541010537, 39.45112933926244], [-82.7410108157068, 39.419669768691584], [-82.6499402366787, 39.47200863409614], [-82.66864931978579, 39.55599127365454], [-82.77877207982402, 39.58756784461759]]]}}, {"type": "Feature", "properties": {"color": "#aa7028"}, "geometry": {"type": "Polygon", "coordinates": [[[-82.74735151785707, 40.368919061638046], [-82.84004397715644, 40.31582818985582], [-82.82072805793575, 40.2310499803533], [-82.70907361947525, 40.19929410377317], [-82.61644691932726, 40.25219826912878], [-82.63540847431182, 40.33704474017332], [-82.74735151785707, 40.368919061638046]]]}}, {"type": "Feature", "properties": {"color": "#aa7028"}, "geometry": {"type": "Polygon", "coordinates": [[[-80.65432558643684, 40.95835907323568], [-80.7507602686879, 40.90649195924803], [-80.73497181275233, 40.82066672976508], [-80.62312115136403, 40.78665405490244], [-80.52678190245854, 40.83833570966048], [-80.54219752663327, 40.92421519645427], [-80.65432558643684, 40.95835907323568]]]}}, {"type": "Feature", "properties": {"color": "#68aa63"}, "geometry": {"type": "Polygon", "coordinates": [[[-83.20502243984699, 38.772267687554255], [-83.29408537435346, 38.72007088370335], [-83.2746314191826, 38.63717282703956], [-83.16644324757348, 38.60640210539843], [-83.07743615789266, 38.658416440875925], [-83.0965609960144, 38.74138370664013], [-83.20502243984699, 38.772267687554255]]]}}, {"type": "Feature", "properties": {"color": "#aa7028"}, "geometry": {"type": "Polygon", "coordinates": [[[-84.17485249263413, 40.2116804558027], [-84.26541333655263, 40.1576436971368], [-84.24365578826108, 40.07338119969315], [-84.13168140444033, 40.04307753091869], [-84.04116721187347, 40.09692681097698], [-84.06258027982122, 40.18126697804957], [-84.17485249263413, 40.2116804558027]]]}}, {"type": "Feature", "properties": {"color": "#aa7028"}, "geometry": {"type": "Polygon", "coordinates": [[[-84.57763006028502, 41.744188719307985], [-84.67066039910068, 41.68868140554974], [-84.64744822114457, 41.602927231784896], [-84.53157049817098, 41.57259746819492], [-84.43858434006923, 41.627912697406664], [-84.46143118807129, 41.71374950689553], [-84.57763006028502, 41.744188719307985]]]}}, {"type": "Feature", "properties": {"color": "#aa7028"}, "geometry": {"type": "Polygon", "coordinates": [[[-84.78471650602698, 40.92513436178042], [-84.87584997382396, 40.87009525905075], [-84.852677906484, 40.785239325637754], [-84.73872333251317, 40.75533944059063], [-84.6476297172339, 40.810188668847104], [-84.67045030726342, 40.89512739796599], [-84.78471650602698, 40.92513436178042]]]}}, {"type": "Feature", "properties": {"color": "#68aa63"}, "geometry": {"type": "Polygon", "coordinates": [[[-83.98295848014577, 39.455685282310725], [-84.07232806392065, 39.4023842581595], [-84.05124782117228, 39.31890143056004], [-83.94113222890988, 39.28864408313445], [-83.85181025967655, 39.34175997519163], [-83.8725558247785, 39.42531809009573], [-83.98295848014577, 39.455685282310725]]]}}, {"type": "Feature", "properties": {"color": "#68aa63"}, "geometry": {"type": "Polygon", "coordinates": [[[-82.92251543946601, 39.314910698795735], [-83.01295005899492, 39.262491701578604], [-82.9937595448574, 39.17891358730861], [-82.88447209835626, 39.14768612481748], [-82.79409816753105, 39.19992130375402], [-82.81295059153481, 39.283567496572566], [-82.92251543946601, 39.314910698795735]]]}}, {"type": "Feature", "properties": {"color": "#68aa63"}, "geometry": {"type": "Polygon", "coordinates": [[[-81.36329029319286, 39.72612422104003], [-81.4564075376281, 39.67456920534607], [-81.4397803413552, 39.59020995349442], [-81.33038660341983, 39.5573474392693], [-81.2373509714923, 39.608719352349965], [-81.2536271093838, 39.693136597203335], [-81.36329029319286, 39.72612422104003]]]}}, {"type": "Feature", "properties": {"color": "#68aa63"}, "geometry": {"type": "Polygon", "coordinates": [[[-80.83057470179953, 41.336935570663925], [-80.92758032521691, 41.28466740714346], [-80.91134068158566, 41.19847557851913], [-80.7984732277191, 41.16449572792106], [-80.70156221397755, 41.216577090933335], [-80.71742367316241, 41.302824800990884], [-80.83057470179953, 41.336935570663925]]]}}, {"type": "Feature", "properties": {"color": "#aa7028"}, "geometry": {"type": "Polygon", "coordinates": [[[-83.11790628703503, 41.51174339636865], [-83.21240794365241, 41.45752811840523], [-83.19194073528958, 41.37163375948054], [-83.07734150315325, 41.33988212072938], [-82.98290378398958, 41.39390707706946], [-83.00300088818246, 41.4798737106704], [-83.11790628703503, 41.51174339636865]]]}}, {"type": "Feature", "properties": {"color": "#68aa63"}, "geometry": {"type": "Polygon", "coordinates": [[[-81.3080152681045, 40.50903136045475], [-81.40275496727787, 40.45695459727784], [-81.38594653257968, 40.371727793599085], [-81.27476114400594, 40.33851901809616], [-81.18010653320823, 40.390410528238384], [-81.19655185111826, 40.475695774545215], [-81.3080152681045, 40.50903136045475]]]}}, {"type": "Feature", "properties": {"color": "#aa7028"}, "geometry": {"type": "Polygon", "coordinates": [[[-83.38989195922538, 41.74737159420542], [-83.48451678880451, 41.69277429989295], [-83.46345084217906, 41.60670585155474], [-83.34813194577092, 41.57515994257586], [-83.25356790993247, 41.629566001675315], [-83.27426148719726, 41.71570892285755], [-83.38989195922538, 41.74737159420542]]]}}, {"type": "Feature", "properties": {"color": "#aa7028"}, "geometry": {"type": "Polygon", "coordinates": [[[-82.58181797255136, 41.04034846118458], [-82.6760547977635, 40.98689166001772], [-82.65675622724562, 40.90136225917495], [-82.54358586599223, 40.86922142093951], [-82.44941894490655, 40.922489790583626], [-82.46835204477864, 41.008087145227], [-82.58181797255136, 41.04034846118458]]]}}, {"type": "Feature", "properties": {"color": "#68aa63"}, "geometry": {"type": "Polygon", "coordinates": [[[-81.51582713769554, 39.454502678781274], [-81.60823249688494, 39.40303105703758], [-81.59143425835988, 39.31900418616803], [-81.48257673933792, 39.28638991220123], [-81.39025015042697, 39.33767899914329], [-81.40670195498795, 39.42176461344144], [-81.51582713769554, 39.454502678781274]]]}}, {"type": "Feature", "properties": {"color": "#68aa63"}, "geometry": {"type": "Polygon", "coordinates": [[[-81.54043603353163, 40.09772159855841], [-81.63407508080404, 40.045758411668615], [-81.6170017548995, 39.96102276571826], [-81.50664487078629, 39.92819039669417], [-81.41308644651201, 39.97996915894057], [-81.42980391237218, 40.06476442816434], [-81.54043603353163, 40.09772159855841]]]}}, {"type": "Feature", "properties": {"color": "#68aa63"}, "geometry": {"type": "Polygon", "coordinates": [[[-83.52194417846484, 39.25009868225519], [-83.61150981699843, 39.19729351282291], [-83.59131278208497, 39.11392741599776], [-83.481883881408, 39.08329426728976], [-83.39237124201264, 39.13591526459617], [-83.4122340820864, 39.21935332261235], [-83.52194417846484, 39.25009868225519]]]}}, {"type": "Feature", "properties": {"color": "#dbd83d"}, "geometry": {"type": "Polygon", "coordinates": [[[-84.78689018689101, 41.71889765796711], [-84.87958483236373, 41.66325136729971], [-84.85600902669067, 41.57758120937454], [-84.74010166003093, 41.547473061268796], [-84.64744822114457, 41.602927231784896], [-84.67066039910068, 41.68868140554974], [-84.78689018689101, 41.71889765796711]]]}}, {"type": "Feature", "properties": {"color": "#ccba7c"}, "geometry": {"type": "Polygon", "coordinates": [[[-84.71397625841327, 39.111697637315395], [-84.80176399164768, 39.058156909040186], [-84.7795905848232, 38.97524910224026], [-84.66995485850526, 38.9458022829131], [-84.58220490458613, 38.9991584780209], [-84.60405243996024, 39.082145779905375], [-84.71397625841327, 39.111697637315395]]]}}, {"type": "Feature", "properties": {"color": "#68aa63"}, "geometry": {"type": "Polygon", "coordinates": [[[-82.1200051094356, 39.396690613457466], [-82.2115759950874, 39.34480514826907], [-82.19374529828282, 39.2609626144264], [-82.08468632930622, 39.2289424808487], [-81.9931864460071, 39.280644782174704], [-82.01067415309915, 39.36455010552647], [-82.1200051094356, 39.396690613457466]]]}}, {"type": "Feature", "properties": {"color": "#aa7028"}, "geometry": {"type": "Polygon", "coordinates": [[[-83.89546347216017, 40.76710078948416], [-83.98746733885295, 40.71284309375948], [-83.96594426802297, 40.627915670890715], [-83.85277115269457, 40.59716907336363], [-83.76081880292945, 40.651237883264855], [-83.78198757288936, 40.73624190846428], [-83.89546347216017, 40.76710078948416]]]}}, {"type": "Feature", "properties": {"color": "#d89382"}, "geometry": {"type": "Polygon", "coordinates": [[[-83.09705929230678, 40.07183096476671], [-83.1887314273336, 40.018699975413796], [-83.16892327137472, 39.93432380888241], [-83.0577907402042, 39.90300810605014], [-82.9661790017406, 39.955952889903855], [-82.98563896872724, 40.040399310885086], [-83.09705929230678, 40.07183096476671]]]}}, {"type": "Feature", "properties": {"color": "#68aa63"}, "geometry": {"type": "Polygon", "coordinates": [[[-83.59131278208497, 39.11392741599776], [-83.68053526290383, 39.06118048891023], [-83.66027743483397, 38.977984494053175], [-83.5511286378961, 38.94746294520241], [-83.46195798609693, 39.00002604967565], [-83.481883881408, 39.08329426728976], [-83.59131278208497, 39.11392741599776]]]}}, {"type": "Feature", "properties": {"color": "#aa7028"}, "geometry": {"type": "Polygon", "coordinates": [[[-82.3542623242102, 41.45852214732229], [-82.4496352111078, 41.40494481079592], [-82.43057492029003, 41.318930367182816], [-82.31651451207846, 41.28642610804958], [-82.22121591780298, 41.339814110402855], [-82.23990300044638, 41.425895415279136], [-82.3542623242102, 41.45852214732229]]]}}, {"type": "Feature", "properties": {"color": "#aa7028"}, "geometry": {"type": "Polygon", "coordinates": [[[-84.51361254047558, 39.91137697433191], [-84.60315785033133, 39.85733121578089], [-84.58095168189637, 39.773483865856534], [-84.46953794380109, 39.74360257004536], [-84.38003430914294, 39.797461525106385], [-84.40190226270973, 39.88138832539969], [-84.51361254047558, 39.91137697433191]]]}}, {"type": "Feature", "properties": {"color": "#68aa63"}, "geometry": {"type": "Polygon", "coordinates": [[[-83.26339400991812, 39.021744895873226], [-83.35285228471544, 38.96930762165758], [-83.33319546091195, 38.88613851152798], [-83.22441224850961, 38.85533647578641], [-83.13500968169267, 38.90759048081291], [-83.15433421201585, 38.99082952970192], [-83.26339400991812, 39.021744895873226]]]}}, {"type": "Feature", "properties": {"color": "#68aa63"}, "geometry": {"type": "Polygon", "coordinates": [[[-80.63300923845013, 42.01414063841923], [-80.73167514006182, 41.96158437378361], [-80.71556170062989, 41.874662571151], [-80.60117213739862, 41.84024163710596], [-80.50260638172206, 41.89260959615167], [-80.51832966446244, 41.97958648267334], [-80.63300923845013, 42.01414063841923]]]}}, {"type": "Feature", "properties": {"color": "#68aa63"}, "geometry": {"type": "Polygon", "coordinates": [[[-81.66840538491898, 40.21549800572237], [-81.76212380002949, 40.16334987818559], [-81.74478029600354, 40.07851054514274], [-81.63407508080404, 40.045758411668615], [-81.54043603353163, 40.09772159855841], [-81.55742245485578, 40.182621573026786], [-81.66840538491898, 40.21549800572237]]]}}, {"type": "Feature", "properties": {"color": "#68aa63"}, "geometry": {"type": "Polygon", "coordinates": [[[-81.86696695015765, 39.164627146247774], [-81.95839459241242, 39.11310750978978], [-81.94108981115016, 39.029476025174155], [-81.8326977865489, 38.997303099981906], [-81.7413436020857, 39.048640574667346], [-81.75830762279185, 39.1323328604783], [-81.86696695015765, 39.164627146247774]]]}}, {"type": "Feature", "properties": {"color": "#dbd83d"}, "geometry": {"type": "Polygon", "coordinates": [[[-82.14062645532431, 39.009980904201306], [-82.23143117382543, 38.95837512901246], [-82.21371030624701, 38.8749745356158], [-82.10552172209411, 38.8431169856211], [-82.01478660475748, 38.89454071170374], [-82.03217010249828, 38.97800376483958], [-82.14062645532431, 39.009980904201306]]]}}, {"type": "Feature", "properties": {"color": "#dbd83d"}, "geometry": {"type": "Polygon", "coordinates": [[[-81.30173614828743, 41.55877785880135], [-81.39862917513993, 41.50597529339589], [-81.38144831353927, 41.419641212588196], [-81.26775379656655, 41.38604990930428], [-81.17094984425788, 41.43866431003318], [-81.18775093737602, 41.52505787679473], [-81.30173614828743, 41.55877785880135]]]}}, {"type": "Feature", "properties": {"color": "#aa7028"}, "geometry": {"type": "Polygon", "coordinates": [[[-84.16247364351305, 41.39526828119499], [-84.25536632224457, 41.34033600387873], [-84.23307150927275, 41.25482420972739], [-84.11824589450808, 41.22416511634056], [-84.02540245979144, 41.27890653855905], [-84.04733488725314, 41.36449763919408], [-84.16247364351305, 41.39526828119499]]]}}, {"type": "Feature", "properties": {"color": "#aa7028"}, "geometry": {"type": "Polygon", "coordinates": [[[-83.37142016099692, 39.91235476890126], [-83.46243739608211, 39.85914179364636], [-83.44221702482646, 39.77500454777299], [-83.33132343147186, 39.744008124915915], [-83.24036264486736, 39.79703510575342], [-83.26023856839817, 39.88124423688269], [-83.37142016099692, 39.91235476890126]]]}}, {"type": "Feature", "properties": {"color": "#68aa63"}, "geometry": {"type": "Polygon", "coordinates": [[[-84.38003430914294, 39.797461525106385], [-84.46953794380109, 39.74360257004536], [-84.4476164375689, 39.65984438894761], [-84.3365281744877, 39.629866506644554], [-84.24706773486436, 39.6835390677499], [-84.26865189656422, 39.76737565035002], [-84.38003430914294, 39.797461525106385]]]}}, {"type": "Feature", "properties": {"color": "#476ba0"}, "geometry": {"type": "Polygon", "coordinates": [[[-82.69820096143646, 41.55576938642599], [-82.79333384406097, 41.50185138172185], [-82.77360831453142, 41.41581390806928], [-82.6591224666514, 41.38362475470237], [-82.56405944280495, 41.437352754737425], [-82.58341195245647, 41.52345962475627], [-82.69820096143646, 41.55576938642599]]]}}, {"type": "Feature", "properties": {"color": "#aa7028"}, "geometry": {"type": "Polygon", "coordinates": [[[-82.87888384861897, 40.48564563908592], [-82.97164065808767, 40.432367587805565], [-82.95204320560609, 40.34749365679358], [-82.84004397715644, 40.31582818985582], [-82.74735151785707, 40.368919061638046], [-82.76659350449087, 40.453862302927575], [-82.87888384861897, 40.48564563908592]]]}}, {"type": "Feature", "properties": {"color": "#aa7028"}, "geometry": {"type": "Polygon", "coordinates": [[[-82.56405944280495, 41.437352754737425], [-82.6591224666514, 41.38362475470237], [-82.63969035885908, 41.29767862237188], [-82.52556659751208, 41.26539189037274], [-82.43057492029003, 41.318930367182816], [-82.4496352111078, 41.40494481079592], [-82.56405944280495, 41.437352754737425]]]}}, {"type": "Feature", "properties": {"color": "#68aa63"}, "geometry": {"type": "Polygon", "coordinates": [[[-83.79700813432767, 38.706789899684594], [-83.8852143571516, 38.654224166057546], [-83.8647807200882, 38.57154127354143], [-83.75646570649701, 38.54135089233128], [-83.66830790460494, 38.5937338693116], [-83.68841627846935, 38.67648973114611], [-83.79700813432767, 38.706789899684594]]]}}, {"type": "Feature", "properties": {"color": "#aa7028"}, "geometry": {"type": "Polygon", "coordinates": [[[-84.30916054113233, 40.3264243332899], [-84.399766495996, 40.27219967896715], [-84.37772043429537, 40.18784885627974], [-84.26541333655263, 40.1576436971368], [-84.17485249263413, 40.2116804558027], [-84.19655315533991, 40.29611000956959], [-84.30916054113233, 40.3264243332899]]]}}, {"type": "Feature", "properties": {"color": "#ddc9c9"}, "geometry": {"type": "Polygon", "coordinates": [[[-82.75338614528422, 38.565251659492716], [-82.84261374508276, 38.51354469150601], [-82.8240127614834, 38.43078401711934], [-82.71651220402674, 38.39966408439281], [-82.62734546969968, 38.45118964540547], [-82.6456180486459, 38.534016283482885], [-82.75338614528422, 38.565251659492716]]]}}, {"type": "Feature", "properties": {"color": "#aa7028"}, "geometry": {"type": "Polygon", "coordinates": [[[-84.58095168189637, 39.773483865856534], [-84.67014814289362, 39.71949997159644], [-84.64789077340076, 39.635821467882714], [-84.53677233336167, 39.6060469288225], [-84.4476164375689, 39.65984438894761], [-84.46953794380109, 39.74360257004536], [-84.58095168189637, 39.773483865856534]]]}}, {"type": "Feature", "properties": {"color": "#aa7028"}, "geometry": {"type": "Polygon", "coordinates": [[[-83.51259624597238, 39.637876274677154], [-83.60290891148283, 39.584772627870365], [-83.58256129866841, 39.50097161812177], [-83.47224033810632, 39.470201545682436], [-83.38198166636963, 39.523119881180264], [-83.40198952921173, 39.60699333715702], [-83.51259624597238, 39.637876274677154]]]}}, {"type": "Feature", "properties": {"color": "#aa7028"}, "geometry": {"type": "Polygon", "coordinates": [[[-81.94891033360582, 40.05895013223145], [-82.04197896645096, 40.00669977591412], [-82.024197470907, 39.922087550422575], [-81.91370044185867, 39.88966299527875], [-81.82070703550443, 39.94172848241443], [-81.8381350459052, 40.026403111290705], [-81.94891033360582, 40.05895013223145]]]}}, {"type": "Feature", "properties": {"color": "#aa7028"}, "geometry": {"type": "Polygon", "coordinates": [[[-82.9661790017406, 39.955952889903855], [-83.0577907402042, 39.90300810605014], [-83.03826062212957, 39.81872841938564], [-82.92746548582856, 39.787324027644885], [-82.83591553892404, 39.84008307065537], [-82.85509851552284, 39.92443197462173], [-82.9661790017406, 39.955952889903855]]]}}, {"type": "Feature", "properties": {"color": "#aa7028"}, "geometry": {"type": "Polygon", "coordinates": [[[-83.7454769748687, 41.442949307413336], [-83.83901837813379, 41.388299297382545], [-83.81744992748149, 41.302630277283605], [-83.7027051242378, 41.2715344691872], [-83.60921882127492, 41.325993793412614], [-83.63042172722056, 41.411739336138005], [-83.7454769748687, 41.442949307413336]]]}}, {"type": "Feature", "properties": {"color": "#68aa63"}, "geometry": {"type": "Polygon", "coordinates": [[[-80.87878287631807, 39.898567679315136], [-80.97281170358137, 39.84726423792643], [-80.95697994706664, 39.76262583049779], [-80.84747460360144, 39.72923576202546], [-80.75353415979062, 39.78035634940883], [-80.76901033532964, 39.86504956857894], [-80.87878287631807, 39.898567679315136]]]}}, {"type": "Feature", "properties": {"color": "#ddc9c9"}, "geometry": {"type": "Polygon", "coordinates": [[[-81.4365543739911, 40.62767398072585], [-81.53137789943887, 40.57541143941741], [-81.51429618638119, 40.490081629405914], [-81.40275496727787, 40.45695459727784], [-81.3080152681045, 40.50903136045475], [-81.32473258225637, 40.59442064162267], [-81.4365543739911, 40.62767398072585]]]}}, {"type": "Feature", "properties": {"color": "#aa7028"}, "geometry": {"type": "Polygon", "coordinates": [[[-84.36806676257258, 41.76911626970062], [-84.46143118807129, 41.71374950689553], [-84.43858434006923, 41.627912697406664], [-84.32273954680524, 41.597361134893696], [-84.22942228536876, 41.65253586351188], [-84.25190212418336, 41.73845391815527], [-84.36806676257258, 41.76911626970062]]]}}, {"type": "Feature", "properties": {"color": "#aa7028"}, "geometry": {"type": "Polygon", "coordinates": [[[-82.93766930185159, 40.74102033291347], [-83.0308567248236, 40.687507738497814], [-83.0110470413572, 40.60237490177518], [-82.89840854005607, 40.570684340420605], [-82.80528538646531, 40.62400896618856], [-82.82473602308508, 40.70921184349955], [-82.93766930185159, 40.74102033291347]]]}}, {"type": "Feature", "properties": {"color": "#68aa63"}, "geometry": {"type": "Polygon", "coordinates": [[[-81.25085625916844, 41.299814978533526], [-81.34727568147429, 41.24723096470384], [-81.33028322460656, 41.16115536606813], [-81.21724676201623, 41.12760462420332], [-81.12091612015804, 41.1800012649281], [-81.13753277213534, 41.26613572061568], [-81.25085625916844, 41.299814978533526]]]}}, {"type": "Feature", "properties": {"color": "#aa7028"}, "geometry": {"type": "Polygon", "coordinates": [[[-84.37536774410958, 40.58023025031617], [-84.46637673553556, 40.525759576788715], [-84.44409423286817, 40.44115531803523], [-84.33115101141821, 40.410941922323545], [-84.24018674033951, 40.465223927625104], [-84.26212047998608, 40.54990773594833], [-84.37536774410958, 40.58023025031617]]]}}, {"type": "Feature", "properties": {"color": "#68aa63"}, "geometry": {"type": "Polygon", "coordinates": [[[-82.09904338525342, 39.78543409963034], [-82.1913934413292, 39.733271934738355], [-82.17345169080798, 39.6489915753088], [-82.06350825028254, 39.61680998970672], [-81.97123063894578, 39.668787883495], [-81.9888236385909, 39.75313135513914], [-82.09904338525342, 39.78543409963034]]]}}, {"type": "Feature", "properties": {"color": "#aa7028"}, "geometry": {"type": "Polygon", "coordinates": [[[-83.75321289832087, 41.046120441680785], [-83.84595297079672, 40.99175945822241], [-83.82455424862195, 40.90650298255241], [-83.71077431842158, 40.8755311898868], [-83.6180883112515, 40.92970260122448], [-83.63912768706544, 41.01503510536033], [-83.75321289832087, 41.046120441680785]]]}}, {"type": "Feature", "properties": {"color": "#68aa63"}, "geometry": {"type": "Polygon", "coordinates": [[[-82.33994903187732, 38.99015643813007], [-82.43047652362759, 38.93841842715488], [-82.41241945229075, 38.85508160407009], [-82.30417071845994, 38.82341875163956], [-82.21371030624701, 38.8749745356158], [-82.23143117382543, 38.95837512901246], [-82.33994903187732, 38.99015643813007]]]}}, {"type": "Feature", "properties": {"color": "#aa7028"}, "geometry": {"type": "Polygon", "coordinates": [[[-83.88898324633354, 41.16252283589702], [-83.98177580343065, 41.10797184690754], [-83.96008072632159, 41.02262885143641], [-83.84595297079672, 40.99175945822241], [-83.75321289832087, 41.046120441680785], [-83.77454760605309, 41.131540552504774], [-83.88898324633354, 41.16252283589702]]]}}, {"type": "Feature", "properties": {"color": "#aa7028"}, "geometry": {"type": "Polygon", "coordinates": [[[-83.10991775760328, 39.681722314598765], [-83.20082068705435, 39.62888087385877], [-83.1811539246125, 39.544936280297456], [-83.07092624338418, 39.51376303912256], [-82.98008255645084, 39.566419399040136], [-82.99940688908988, 39.65043381305259], [-83.10991775760328, 39.681722314598765]]]}}, {"type": "Feature", "properties": {"color": "#bad8ea"}, "geometry": {"type": "Polygon", "coordinates": [[[-80.91134068158566, 41.19847557851913], [-81.00796254188148, 41.14623590349701], [-80.99162435379772, 41.060203232994006], [-80.87903955470749, 41.0263536082483], [-80.7825106603514, 41.078406730236075], [-80.7984732277191, 41.16449572792106], [-80.91134068158566, 41.19847557851913]]]}}, {"type": "Feature", "properties": {"color": "#aa7028"}, "geometry": {"type": "Polygon", "coordinates": [[[-83.08398551618815, 40.46394086671646], [-83.17643997168256, 40.41052329953315], [-83.15648842466496, 40.32572005140745], [-83.04443607719223, 40.29426341300199], [-82.95204320560609, 40.34749365679358], [-82.97164065808767, 40.432367587805565], [-83.08398551618815, 40.46394086671646]]]}}, {"type": "Feature", "properties": {"color": "#dbd83d"}, "geometry": {"type": "Polygon", "coordinates": [[[-81.48771476532069, 40.88441351976391], [-81.58299549459814, 40.83192887268377], [-81.56572721887667, 40.74633532883857], [-81.45354600205734, 40.71316603264161], [-81.3583493393034, 40.76546410609522], [-81.37524943898096, 40.851117755286054], [-81.48771476532069, 40.88441351976391]]]}}, {"type": "Feature", "properties": {"color": "#aa7028"}, "geometry": {"type": "Polygon", "coordinates": [[[-81.90313933645395, 40.84524771161211], [-81.99783127561099, 40.79246241598955], [-81.97983036094304, 40.706993405354254], [-81.86750279548116, 40.67424641607379], [-81.7728892497717, 40.72684466767308], [-81.7905244723271, 40.81237666274381], [-81.90313933645395, 40.84524771161211]]]}}, {"type": "Feature", "properties": {"color": "#aa7028"}, "geometry": {"type": "Polygon", "coordinates": [[[-84.51240695560429, 40.30230456570093], [-84.60269938189785, 40.24795046953141], [-84.58030944522903, 40.16367968677784], [-84.4679704706624, 40.13368270316131], [-84.37772043429537, 40.18784885627974], [-84.399766495996, 40.27219967896715], [-84.51240695560429, 40.30230456570093]]]}}, {"type": "Feature", "properties": {"color": "#aa7028"}, "geometry": {"type": "Polygon", "coordinates": [[[-83.94805053889755, 41.8178738823621], [-84.04207817854983, 41.76279291222803], [-84.01996700474093, 41.67679501331324], [-83.90419797412648, 41.64579937512007], [-83.81022349111358, 41.700688456350086], [-83.83196436792173, 41.78676478848304], [-83.94805053889755, 41.8178738823621]]]}}, {"type": "Feature", "properties": {"color": "#68aa63"}, "geometry": {"type": "Polygon", "coordinates": [[[-81.69311971805543, 39.824529262122915], [-81.78603662475504, 39.772648138153414], [-81.76879357295468, 39.68824291946582], [-81.65898436575118, 39.65565816741518], [-81.56614520873775, 39.707355438382876], [-81.58303713880717, 39.791821031442794], [-81.69311971805543, 39.824529262122915]]]}}, {"type": "Feature", "properties": {"color": "#aa7028"}, "geometry": {"type": "Polygon", "coordinates": [[[-83.05717003696815, 41.2540769259209], [-83.1512298415424, 41.20009569707137], [-83.13098535413837, 41.114452582448784], [-83.01704696602997, 41.08271889243074], [-82.92305122509883, 41.13651058161127], [-82.94292934744223, 41.22222521892754], [-83.05717003696815, 41.2540769259209]]]}}, {"type": "Feature", "properties": {"color": "#dbd83d"}, "geometry": {"type": "Polygon", "coordinates": [[[-81.64327598041393, 40.60845494299497], [-81.73780979959265, 40.55604322595368], [-81.72036489022749, 40.470774316340055], [-81.60874897064873, 40.43785593316728], [-81.51429618638119, 40.490081629405914], [-81.53137789943887, 40.57541143941741], [-81.64327598041393, 40.60845494299497]]]}}, {"type": "Feature", "properties": {"color": "#aa7028"}, "geometry": {"type": "Polygon", "coordinates": [[[-84.64744822114457, 41.602927231784896], [-84.74010166003093, 41.547473061268796], [-84.71683496891588, 41.46188111864816], [-84.60127699193735, 41.43166018112318], [-84.50866649401696, 41.486922625974394], [-84.53157049817098, 41.57259746819492], [-84.64744822114457, 41.602927231784896]]]}}, {"type": "Feature", "properties": {"color": "#aa7028"}, "geometry": {"type": "Polygon", "coordinates": [[[-84.09144008380522, 41.535925843245366], [-84.184708485683, 41.48094273602659], [-84.16247364351305, 41.39526828119499], [-84.04733488725314, 41.36449763919408], [-83.95411701293169, 41.41928954386239], [-83.97598685685978, 41.505043020989106], [-84.09144008380522, 41.535925843245366]]]}}, {"type": "Feature", "properties": {"color": "#68aa63"}, "geometry": {"type": "Polygon", "coordinates": [[[-81.79699774986243, 40.33329537624479], [-81.89079425404326, 40.28096179617403], [-81.87317832254442, 40.196020023459575], [-81.76212380002949, 40.16334987818559], [-81.66840538491898, 40.21549800572237], [-81.68566301660148, 40.30050144469816], [-81.79699774986243, 40.33329537624479]]]}}, {"type": "Feature", "properties": {"color": "#ddc9c9"}, "geometry": {"type": "Polygon", "coordinates": [[[-81.14085557903425, 41.83761186920484], [-81.23852853438036, 41.784752214265254], [-81.2215399385483, 41.69810211942863], [-81.10726304184325, 41.66425276578724], [-81.00968246192417, 41.716923744867515], [-81.02628600616255, 41.80363244744955], [-81.14085557903425, 41.83761186920484]]]}}, {"type": "Feature", "properties": {"color": "#dbd83d"}, "geometry": {"type": "Polygon", "coordinates": [[[-84.05616561753523, 38.93293892218984], [-84.14446456205073, 38.88000637692247], [-84.12349167751296, 38.79712967559481], [-84.0145464264522, 38.767110284226504], [-83.92629314889152, 38.81985920897495], [-83.94693902403573, 38.90281089373208], [-84.05616561753523, 38.93293892218984]]]}}, {"type": "Feature", "properties": {"color": "#68aa63"}, "geometry": {"type": "Polygon", "coordinates": [[[-81.46068049767929, 41.280694278621574], [-81.55680375389127, 41.22795439244012], [-81.5394367226387, 41.141939127406495], [-81.42632061287578, 41.1086031170425], [-81.33028322460656, 41.16115536606813], [-81.34727568147429, 41.24723096470384], [-81.46068049767929, 41.280694278621574]]]}}, {"type": "Feature", "properties": {"color": "#aa7028"}, "geometry": {"type": "Polygon", "coordinates": [[[-83.22855942664931, 40.18771425335127], [-83.32029053942243, 40.134396598785386], [-83.30020214399553, 40.049925244004875], [-83.1887314273336, 40.018699975413796], [-83.09705929230678, 40.07183096476671], [-83.11679845902526, 40.15637361717212], [-83.22855942664931, 40.18771425335127]]]}}, {"type": "Feature", "properties": {"color": "#aa7028"}, "geometry": {"type": "Polygon", "coordinates": [[[-84.30323746500112, 41.11459548504865], [-84.3953863748754, 41.05976858835266], [-84.37297525363925, 40.97458393711952], [-84.25877194986825, 40.94414606206453], [-84.16666977726497, 40.998782806966155], [-84.18872366641551, 41.08404731264821], [-84.30323746500112, 41.11459548504865]]]}}, {"type": "Feature", "properties": {"color": "#aa7028"}, "geometry": {"type": "Polygon", "coordinates": [[[-83.20435358729578, 40.975035964760835], [-83.29766513290063, 40.92114604001845], [-83.27727854758282, 40.83582896438863], [-83.1639412058158, 40.80432935903401], [-83.0706909770195, 40.858030388149864], [-83.09071631444753, 40.94341964068627], [-83.20435358729578, 40.975035964760835]]]}}, {"type": "Feature", "properties": {"color": "#dbd83d"}, "geometry": {"type": "Polygon", "coordinates": [[[-80.73497181275233, 40.82066672976508], [-80.83102844344677, 40.76882898913811], [-80.81514095768316, 40.68316408784575], [-80.70356681850454, 40.64928192494253], [-80.60760399810664, 40.70093445149589], [-80.62312115136403, 40.78665405490244], [-80.73497181275233, 40.82066672976508]]]}}, {"type": "Feature", "properties": {"color": "#68aa63"}, "geometry": {"type": "Polygon", "coordinates": [[[-82.44879600150038, 39.49255321012928], [-82.54015243796701, 39.44034855389549], [-82.52171271738929, 39.35646741855968], [-82.41225904923928, 39.3247255366119], [-82.32096975142379, 39.376746357916424], [-82.33906659260539, 39.460692623048196], [-82.44879600150038, 39.49255321012928]]]}}, {"type": "Feature", "properties": {"color": "#aa7028"}, "geometry": {"type": "Polygon", "coordinates": [[[-82.4305146962057, 39.881770836109766], [-82.52264718692184, 39.82928518423213], [-82.50408638031033, 39.74496822662331], [-82.39374132585091, 39.71307115480016], [-82.30167732201129, 39.76537185793197], [-82.31988948620055, 39.849754305188206], [-82.4305146962057, 39.881770836109766]]]}}, {"type": "Feature", "properties": {"color": "#aa7028"}, "geometry": {"type": "Polygon", "coordinates": [[[-84.91589957557242, 39.86252094341318], [-85.00482383747003, 39.80822668988604], [-84.9819457785569, 39.72454206205131], [-84.8704781532359, 39.69506944411202], [-84.78159028189319, 39.74917684321689], [-84.80413315858597, 39.83294346580373], [-84.91589957557242, 39.86252094341318]]]}}, {"type": "Feature", "properties": {"color": "#d89382"}, "geometry": {"type": "Polygon", "coordinates": [[[-82.1442221529954, 41.479320644398236], [-82.23990300044638, 41.425895415279136], [-82.22121591780298, 41.339814110402855], [-82.10722213060734, 41.30709233887162], [-82.01161852586594, 41.36032843777163], [-82.02993103506157, 41.44647514531984], [-82.1442221529954, 41.479320644398236]]]}}, {"type": "Feature", "properties": {"color": "#aa7028"}, "geometry": {"type": "Polygon", "coordinates": [[[-83.84516470673964, 39.729937490747076], [-83.93522984639667, 39.67651896541872], [-83.91426524023055, 39.592697838068695], [-83.80357436549181, 39.56222019439378], [-83.71355916470955, 39.615452876692395], [-83.73418445341713, 39.69934878535492], [-83.84516470673964, 39.729937490747076]]]}}, {"type": "Feature", "properties": {"color": "#aa7028"}, "geometry": {"type": "Polygon", "coordinates": [[[-84.9202261443557, 40.645568620428385], [-85.01063614672493, 40.590648301483405], [-84.98736478980783, 40.50612396054737], [-84.87402940916232, 40.47643642391875], [-84.78365697496344, 40.53116760901377], [-84.8065818414796, 40.61577520979881], [-84.9202261443557, 40.645568620428385]]]}}, {"type": "Feature", "properties": {"color": "#68aa63"}, "geometry": {"type": "Polygon", "coordinates": [[[-84.11913662278471, 39.18234786479817], [-84.20781971703316, 39.12916872478758], [-84.18662820966306, 39.046026142032424], [-84.07708328694125, 39.0159866784234], [-83.98844555222777, 39.06898140849947], [-84.00930694037635, 39.152199759058675], [-84.11913662278471, 39.18234786479817]]]}}, {"type": "Feature", "properties": {"color": "#68aa63"}, "geometry": {"type": "Polygon", "coordinates": [[[-83.06458983213068, 39.04313964350119], [-83.15433421201585, 38.99082952970192], [-83.13500968169267, 38.90759048081291], [-83.0262739357217, 38.876592625583086], [-82.93658778739614, 38.928719589795826], [-82.95557875245795, 39.01202729554105], [-83.06458983213068, 39.04313964350119]]]}}, {"type": "Feature", "properties": {"color": "#68aa63"}, "geometry": {"type": "Polygon", "coordinates": [[[-81.0347238849883, 39.626885312208174], [-81.12803314102199, 39.575656688235384], [-81.11201833359132, 39.49134797559082], [-81.00304484846203, 39.45821198182318], [-80.9098210057927, 39.509258284299406], [-80.92548489403474, 39.59362261501126], [-81.0347238849883, 39.626885312208174]]]}}, {"type": "Feature", "properties": {"color": "#aa7028"}, "geometry": {"type": "Polygon", "coordinates": [[[-82.7895810404917, 41.018937957198744], [-82.88351121825772, 40.96533534074096], [-82.86384856043476, 40.87987531017492], [-82.75061936835172, 40.84794824339022], [-82.65675622724562, 40.90136225917495], [-82.6760547977635, 40.98689166001772], [-82.7895810404917, 41.018937957198744]]]}}, {"type": "Feature", "properties": {"color": "#68aa63"}, "geometry": {"type": "Polygon", "coordinates": [[[-81.00464517154437, 40.01681344163233], [-81.09876121573386, 39.96532660891723], [-81.08266622485677, 39.880580057065316], [-80.97281170358137, 39.84726423792643], [-80.87878287631807, 39.898567679315136], [-80.894521005221, 39.98337004049715], [-81.00464517154437, 40.01681344163233]]]}}, {"type": "Feature", "properties": {"color": "#68aa63"}, "geometry": {"type": "Polygon", "coordinates": [[[-82.00219905144425, 40.31354819027773], [-82.09570579672983, 40.26106992629171], [-82.07773279091488, 40.176191219872315], [-81.9666097199729, 40.143727426886734], [-81.87317832254442, 40.196020023459575], [-81.89079425404326, 40.28096179617403], [-82.00219905144425, 40.31354819027773]]]}}, {"type": "Feature", "properties": {"color": "#68aa63"}, "geometry": {"type": "Polygon", "coordinates": [[[-84.25372587210533, 38.90993779442843], [-84.3417313915654, 38.856884807519265], [-84.32043286643483, 38.77408432944366], [-84.21145402523877, 38.74426036552229], [-84.12349167751296, 38.79712967559481], [-84.14446456205073, 38.88000637692247], [-84.25372587210533, 38.90993779442843]]]}}, {"type": "Feature", "properties": {"color": "#aa0000"}, "geometry": {"type": "Polygon", "coordinates": [[[-81.72343361986457, 41.51979932992222], [-81.81972455300223, 41.46668260682049], [-81.80178795625756, 41.380471963597245], [-81.68793723723647, 41.34731528542784], [-81.59172945737694, 41.40024333107299], [-81.60928882927608, 41.486516434737695], [-81.72343361986457, 41.51979932992222]]]}}, {"type": "Feature", "properties": {"color": "#aa7028"}, "geometry": {"type": "Polygon", "coordinates": [[[-83.43210022141852, 40.16552967856666], [-83.52352948814189, 40.11207699188339], [-83.5030932508084, 40.02767827709746], [-83.39157514466831, 39.99665934063192], [-83.30020214399553, 40.049925244004875], [-83.32029053942243, 40.134396598785386], [-83.43210022141852, 40.16552967856666]]]}}, {"type": "Feature", "properties": {"color": "#68aa63"}, "geometry": {"type": "Polygon", "coordinates": [[[-81.94108981115016, 39.029476025174155], [-82.03217010249828, 38.97800376483958], [-82.01478660475748, 38.89454071170374], [-81.9066609690359, 38.86248850305449], [-81.81565280341239, 38.91377890504772], [-81.8326977865489, 38.997303099981906], [-81.94108981115016, 39.029476025174155]]]}}, {"type": "Feature", "properties": {"color": "#dbd83d"}, "geometry": {"type": "Polygon", "coordinates": [[[-80.62012807513298, 41.35493300893596], [-80.71742367316241, 41.302824800990884], [-80.70156221397755, 41.216577090933335], [-80.58878412705408, 41.182382900083965], [-80.49158605447789, 41.2343046161008], [-80.50706818077069, 41.32060670887869], [-80.62012807513298, 41.35493300893596]]]}}, {"type": "Feature", "properties": {"color": "#68aa63"}, "geometry": {"type": "Polygon", "coordinates": [[[-81.84402693328337, 39.55216554326568], [-81.93623083268238, 39.500371420261736], [-81.91882337685571, 39.416298912989106], [-81.8095581133661, 39.383959152254235], [-81.7174291704385, 39.43557000897041], [-81.73449016479438, 39.519703613432405], [-81.84402693328337, 39.55216554326568]]]}}, {"type": "Feature", "properties": {"color": "#b5c98e"}, "geometry": {"type": "Polygon", "coordinates": [[[-82.67353605867008, 40.50699943111518], [-82.76659350449087, 40.453862302927575], [-82.74735151785707, 40.368919061638046], [-82.63540847431182, 40.33704474017332], [-82.5424181497707, 40.389994846752515], [-82.5613033224002, 40.475006017163075], [-82.67353605867008, 40.50699943111518]]]}}, {"type": "Feature", "properties": {"color": "#aa7028"}, "geometry": {"type": "Polygon", "coordinates": [[[-83.62680908821413, 40.5353646292027], [-83.71870837908766, 40.48148427176692], [-83.69776592571831, 40.39673524443185], [-83.58527601818238, 40.36579184244088], [-83.49343130299259, 40.419484186263176], [-83.51402145787112, 40.50430767646887], [-83.62680908821413, 40.5353646292027]]]}}, {"type": "Feature", "properties": {"color": "#dbd83d"}, "geometry": {"type": "Polygon", "coordinates": [[[-82.44941894490655, 40.922489790583626], [-82.54358586599223, 40.86922142093951], [-82.52457353312263, 40.783786669786224], [-82.4117581441488, 40.75155311361644], [-82.31766255383559, 40.804633536708636], [-82.33631059407273, 40.89013517742552], [-82.44941894490655, 40.922489790583626]]]}}, {"type": "Feature", "properties": {"color": "#68aa63"}, "geometry": {"type": "Polygon", "coordinates": [[[-80.5613891322846, 40.44431043259191], [-80.65688450133074, 40.39287280985689], [-80.64143589206725, 40.30758230167972], [-80.53085670739588, 40.2736760067274], [-80.43545591386041, 40.32492976035969], [-80.45053938976002, 40.41027337990539], [-80.5613891322846, 40.44431043259191]]]}}, {"type": "Feature", "properties": {"color": "#aa0000"}, "geometry": {"type": "Polygon", "coordinates": [[[-81.87966941493288, 41.241338429000486], [-81.97519436047979, 41.18829095793557], [-81.95708197861217, 41.10240075862925], [-81.84381627153648, 41.069494473494885], [-81.74837137548474, 41.12235382368507], [-81.7661117238779, 41.20830728630539], [-81.87966941493288, 41.241338429000486]]]}}, {"type": "Feature", "properties": {"color": "#68aa63"}, "geometry": {"type": "Polygon", "coordinates": [[[-83.13500968169267, 38.90759048081291], [-83.22441224850961, 38.85533647578641], [-83.20502243984699, 38.772267687554255], [-83.0965609960144, 38.74138370664013], [-83.00721545872038, 38.79345490114213], [-83.0262739357217, 38.876592625583086], [-83.13500968169267, 38.90759048081291]]]}}, {"type": "Feature", "properties": {"color": "#ddc9c9"}, "geometry": {"type": "Polygon", "coordinates": [[[-84.44933444083341, 39.272211401369034], [-84.53776184031477, 39.21872547050032], [-84.5159648752971, 39.135567365010004], [-84.40606962213538, 39.10581689531332], [-84.31768359451566, 39.159117948980395], [-84.33915099445026, 39.24235409956339], [-84.44933444083341, 39.272211401369034]]]}}, {"type": "Feature", "properties": {"color": "#aa7028"}, "geometry": {"type": "Polygon", "coordinates": [[[-84.1056351766622, 40.35020376056599], [-84.19655315533991, 40.29611000956959], [-84.17485249263413, 40.2116804558027], [-84.06258027982122, 40.18126697804957], [-83.97171014075161, 40.23517289439049], [-83.99306390122301, 40.31967986087413], [-84.1056351766622, 40.35020376056599]]]}}, {"type": "Feature", "properties": {"color": "#aa7028"}, "geometry": {"type": "Polygon", "coordinates": [[[-84.71633833366133, 41.0652519887663], [-84.80783726298333, 41.01015524992495], [-84.78471650602698, 40.92513436178042], [-84.67045030726342, 40.89512739796599], [-84.57899240050544, 40.95003389583593], [-84.60175915162989, 41.03513733787398], [-84.71633833366133, 41.0652519887663]]]}}, {"type": "Feature", "properties": {"color": "#aa7028"}, "geometry": {"type": "Polygon", "coordinates": [[[-83.91426524023055, 39.592697838068695], [-84.0039814590664, 39.539337508285925], [-83.98295848014577, 39.455685282310725], [-83.8725558247785, 39.42531809009573], [-83.7828883738497, 39.47849293089574], [-83.80357436549181, 39.56222019439378], [-83.91426524023055, 39.592697838068695]]]}}, {"type": "Feature", "properties": {"color": "#68aa63"}, "geometry": {"type": "Polygon", "coordinates": [[[-82.8508541010537, 39.45112933926244], [-82.94163718315649, 39.39865759604327], [-82.92251543946601, 39.314910698795735], [-82.81295059153481, 39.283567496572566], [-82.7222294537798, 39.33585509196077], [-82.7410108157068, 39.419669768691584], [-82.8508541010537, 39.45112933926244]]]}}, {"type": "Feature", "properties": {"color": "#aa7028"}, "geometry": {"type": "Polygon", "coordinates": [[[-82.18654551520943, 40.686782852430404], [-82.28056837350162, 40.633889886163765], [-82.26212151378564, 40.548648424166295], [-82.15001330002522, 40.51623486219209], [-82.05606454990794, 40.568940866005796], [-82.07414949444103, 40.6542471085584], [-82.18654551520943, 40.686782852430404]]]}}, {"type": "Feature", "properties": {"color": "#aa7028"}, "geometry": {"type": "Polygon", "coordinates": [[[-83.04341686463307, 41.65205690103364], [-83.13830040931255, 41.59779888201795], [-83.11790628703503, 41.51174339636865], [-83.00300088818246, 41.4798737106704], [-82.90818270226346, 41.5339410910974], [-82.92820408386375, 41.62006851065044], [-83.04341686463307, 41.65205690103364]]]}}, {"type": "Feature", "properties": {"color": "#68aa63"}, "geometry": {"type": "Polygon", "coordinates": [[[-81.2296212748109, 40.64653266563023], [-81.32473258225637, 40.59442064162267], [-81.3080152681045, 40.50903136045475], [-81.19655185111826, 40.475695774545215], [-81.10152716318176, 40.52762227732682], [-81.11787890114994, 40.613069592952925], [-81.2296212748109, 40.64653266563023]]]}}, {"type": "Feature", "properties": {"color": "#aa7028"}, "geometry": {"type": "Polygon", "coordinates": [[[-82.26212151378564, 40.548648424166295], [-82.3557749596944, 40.49579732874641], [-82.33724792574746, 40.41071961877097], [-82.22542647516772, 40.378427578706294], [-82.13184570564222, 40.43109201045684], [-82.15001330002522, 40.51623486219209], [-82.26212151378564, 40.548648424166295]]]}}, {"type": "Feature", "properties": {"color": "#ddc9c9"}, "geometry": {"type": "Polygon", "coordinates": [[[-84.5159648752971, 39.135567365010004], [-84.60405243996024, 39.082145779905375], [-84.58220490458613, 38.9991584780209], [-84.4725966585246, 38.96951425137803], [-84.38454939274959, 39.022751331760965], [-84.40606962213538, 39.10581689531332], [-84.5159648752971, 39.135567365010004]]]}}, {"type": "Feature", "properties": {"color": "#aa7028"}, "geometry": {"type": "Polygon", "coordinates": [[[-82.50642549650868, 41.179538480023226], [-82.60103849349385, 41.12604018676799], [-82.58181797255136, 41.04034846118458], [-82.46835204477864, 41.008087145227], [-82.37381039296204, 41.061396702545835], [-82.39266288670977, 41.14715602500621], [-82.50642549650868, 41.179538480023226]]]}}, {"type": "Feature", "properties": {"color": "#aa7028"}, "geometry": {"type": "Polygon", "coordinates": [[[-83.69776592571831, 40.39673524443185], [-83.78930331511984, 40.34290765608995], [-83.76829793898648, 40.258324604631724], [-83.65610455809419, 40.22749412623332], [-83.56462048700939, 40.281134042998104], [-83.58527601818238, 40.36579184244088], [-83.69776592571831, 40.39673524443185]]]}}, {"type": "Feature", "properties": {"color": "#dbd83d"}, "geometry": {"type": "Polygon", "coordinates": [[[-81.4397803413552, 39.59020995349442], [-81.53254052150155, 39.53869602131719], [-81.51582713769554, 39.454502678781274], [-81.40670195498795, 39.42176461344144], [-81.31402195631843, 39.47309572498578], [-81.33038660341983, 39.5573474392693], [-81.4397803413552, 39.59020995349442]]]}}, {"type": "Feature", "properties": {"color": "#aa7028"}, "geometry": {"type": "Polygon", "coordinates": [[[-84.78579408824716, 41.32105223089453], [-84.87770151575552, 41.265708046220055], [-84.85432932223658, 41.18044239334702], [-84.73940664684469, 41.150437256121904], [-84.64753974040855, 41.20559044069165], [-84.67055445883534, 41.2909395007951], [-84.78579408824716, 41.32105223089453]]]}}, {"type": "Feature", "properties": {"color": "#68aa63"}, "geometry": {"type": "Polygon", "coordinates": [[[-81.18010653320823, 40.390410528238384], [-81.27476114400594, 40.33851901809616], [-81.25822369112595, 40.253396477076635], [-81.14739309346349, 40.22010773275585], [-81.05282480911345, 40.27181451891722], [-81.06900043239402, 40.3569944809285], [-81.18010653320823, 40.390410528238384]]]}}, {"type": "Feature", "properties": {"color": "#aa7028"}, "geometry": {"type": "Polygon", "coordinates": [[[-82.98290378398958, 41.39390707706946], [-83.07734150315325, 41.33988212072938], [-83.05717003696815, 41.2540769259209], [-82.94292934744223, 41.22222521892754], [-82.84855709702914, 41.27606031847645], [-82.86835960501851, 41.36193669824013], [-82.98290378398958, 41.39390707706946]]]}}, {"type": "Feature", "properties": {"color": "#aa7028"}, "geometry": {"type": "Polygon", "coordinates": [[[-83.68143568230663, 41.1859513322686], [-83.77454760605309, 41.131540552504774], [-83.75321289832087, 41.046120441680785], [-83.63912768706544, 41.01503510536033], [-83.5460711328026, 41.06925597430011], [-83.56704393681855, 41.154751816404506], [-83.68143568230663, 41.1859513322686]]]}}, {"type": "Feature", "properties": {"color": "#aa7028"}, "geometry": {"type": "Polygon", "coordinates": [[[-82.90821121711882, 39.70314209823687], [-82.99940688908988, 39.65043381305259], [-82.98008255645084, 39.566419399040136], [-82.86990587725694, 39.53504450508409], [-82.77877207982402, 39.58756784461759], [-82.79775267458847, 39.67165075359194], [-82.90821121711882, 39.70314209823687]]]}}, {"type": "Feature", "properties": {"color": "#ed0000"}, "geometry": {"type": "Polygon", "coordinates": [[[-80.70156221397755, 41.216577090933335], [-80.7984732277191, 41.16449572792106], [-80.7825106603514, 41.078406730236075], [-80.67001348648635, 41.044343952004425], [-80.5731983298265, 41.09623906288359], [-80.58878412705408, 41.182382900083965], [-80.70156221397755, 41.216577090933335]]]}}, {"type": "Feature", "properties": {"color": "#aa7028"}, "geometry": {"type": "Polygon", "coordinates": [[[-82.4119284949172, 40.27299830799916], [-82.50485030926033, 40.220234742260935], [-82.48616692687281, 40.135486337219554], [-82.37491587297762, 40.10343537516579], [-82.28206393344585, 40.15601288551789], [-82.30039276411196, 40.24082713339846], [-82.4119284949172, 40.27299830799916]]]}}, {"type": "Feature", "properties": {"color": "#dbd83d"}, "geometry": {"type": "Polygon", "coordinates": [[[-81.20896595898213, 39.9985664470476], [-81.30280413162313, 39.9469330038282], [-81.28635338157261, 39.86224366607285], [-81.17641986227166, 39.82913026867713], [-81.08266622485677, 39.880580057065316], [-81.09876121573386, 39.96532660891723], [-81.20896595898213, 39.9985664470476]]]}}, {"type": "Feature", "properties": {"color": "#68aa63"}, "geometry": {"type": "Polygon", "coordinates": [[[-80.81514095768316, 40.68316408784575], [-80.91082194114531, 40.63135708182128], [-80.89483693102868, 40.54585317572628], [-80.78353843563525, 40.51210083809687], [-80.68794966201295, 40.56372287949075], [-80.70356681850454, 40.64928192494253], [-80.81514095768316, 40.68316408784575]]]}}, {"type": "Feature", "properties": {"color": "#68aa63"}, "geometry": {"type": "Polygon", "coordinates": [[[-83.2519726036187, 39.40837199563456], [-83.34217588326273, 39.35563852234019], [-83.32237723951002, 39.27203111428926], [-83.21271269831385, 39.241086518400174], [-83.1225661862746, 39.293635583561404], [-83.14202703089278, 39.37731338851494], [-83.2519726036187, 39.40837199563456]]]}}, {"type": "Feature", "properties": {"color": "#68aa63"}, "geometry": {"type": "Polygon", "coordinates": [[[-84.91804485017275, 40.253050500723695], [-85.00770582809379, 40.198441932316186], [-84.98463279495637, 40.1143351173332], [-84.8722390508244, 40.08475399033875], [-84.78261504524785, 40.13917456145657], [-84.8053473124226, 40.22336400505619], [-84.91804485017275, 40.253050500723695]]]}}, {"type": "Feature", "properties": {"color": "#aa7028"}, "geometry": {"type": "Polygon", "coordinates": [[[-83.83840871995523, 40.12013445167366], [-83.92922949679827, 40.06641594472231], [-83.90810182283147, 39.9821665016563], [-83.79649791800706, 39.9515600038801], [-83.70572800167778, 40.00509153221232], [-83.72651067234035, 40.08941627344477], [-83.83840871995523, 40.12013445167366]]]}}, {"type": "Feature", "properties": {"color": "#68aa63"}, "geometry": {"type": "Polygon", "coordinates": [[[-84.71734016463404, 41.860429478088186], [-84.81041294127485, 41.804729682419165], [-84.78689018689101, 41.71889765796711], [-84.67066039910068, 41.68868140554974], [-84.57763006028502, 41.744188719307985], [-84.60078652587696, 41.83010450033735], [-84.71734016463404, 41.860429478088186]]]}}, {"type": "Feature", "properties": {"color": "#aa7028"}, "geometry": {"type": "Polygon", "coordinates": [[[-84.9224443729588, 41.04005340476817], [-85.01361601924245, 40.9848240377064], [-84.99014290198416, 40.899887037975105], [-84.87584997382396, 40.87009525905075], [-84.78471650602698, 40.92513436178042], [-84.80783726298333, 41.01015524992495], [-84.9224443729588, 41.04005340476817]]]}}, {"type": "Feature", "properties": {"color": "#68aa63"}, "geometry": {"type": "Polygon", "coordinates": [[[-84.11471004848187, 39.569612646256694], [-84.20412579672586, 39.51612606395678], [-84.18276724216518, 39.43255015790032], [-84.07232806392065, 39.4023842581595], [-83.98295848014577, 39.455685282310725], [-84.0039814590664, 39.539337508285925], [-84.11471004848187, 39.569612646256694]]]}}, {"type": "Feature", "properties": {"color": "#d89382"}, "geometry": {"type": "Polygon", "coordinates": [[[-84.31488920250042, 39.54619881146346], [-84.40400302015644, 39.492587378351466], [-84.38231032136524, 39.40908906560963], [-84.2718374919788, 39.379124339065775], [-84.18276724216518, 39.43255015790032], [-84.20412579672586, 39.51612606395678], [-84.31488920250042, 39.54619881146346]]]}}, {"type": "Feature", "properties": {"color": "#68aa63"}, "geometry": {"type": "Polygon", "coordinates": [[[-83.0515330577677, 39.42991667026796], [-83.14202703089278, 39.37731338851494], [-83.1225661862746, 39.293635583561404], [-83.01295005899492, 39.262491701578604], [-82.92251543946601, 39.314910698795735], [-82.94163718315649, 39.39865759604327], [-83.0515330577677, 39.42991667026796]]]}}, {"type": "Feature", "properties": {"color": "#68aa63"}, "geometry": {"type": "Polygon", "coordinates": [[[-81.48983948862774, 39.84355967077324], [-81.58303713880717, 39.791821031442794], [-81.56614520873775, 39.707355438382876], [-81.4564075376281, 39.67456920534607], [-81.36329029319286, 39.72612422104003], [-81.37982995100475, 39.810648808452164], [-81.48983948862774, 39.84355967077324]]]}}, {"type": "Feature", "properties": {"color": "#dbd83d"}, "geometry": {"type": "Polygon", "coordinates": [[[-80.99162435379772, 41.060203232994006], [-81.08786492006702, 41.00799343146739], [-81.07142971339255, 40.922120606633044], [-80.95912664710866, 40.888400517905886], [-80.86297742623019, 40.94042401811135], [-80.87903955470749, 41.0263536082483], [-80.99162435379772, 41.060203232994006]]]}}, {"type": "Feature", "properties": {"color": "#dbd83d"}, "geometry": {"type": "Polygon", "coordinates": [[[-80.97406360389583, 40.40873599464005], [-81.06900043239402, 40.3569944809285], [-81.05282480911345, 40.27181451891722], [-80.9420749579538, 40.23831978484322], [-80.84722720486317, 40.2898768454739], [-80.86303987180759, 40.37511279886657], [-80.97406360389583, 40.40873599464005]]]}}, {"type": "Feature", "properties": {"color": "#d89382"}, "geometry": {"type": "Polygon", "coordinates": [[[-83.52688174382628, 41.865156851193824], [-83.6215657541044, 41.81036787314453], [-83.60019678206457, 41.72421452886994], [-83.48451678880451, 41.69277429989295], [-83.38989195922538, 41.74737159420542], [-83.410887443357, 41.8336005196718], [-83.52688174382628, 41.865156851193824]]]}}, {"type": "Feature", "properties": {"color": "#ed0000"}, "geometry": {"type": "Polygon", "coordinates": [[[-83.02476713900344, 40.20955483537676], [-83.11679845902526, 40.15637361717212], [-83.09705929230678, 40.07183096476671], [-82.98563896872724, 40.040399310885086], [-82.89366934357521, 40.09339399567139], [-82.91305791688387, 40.178006594659394], [-83.02476713900344, 40.20955483537676]]]}}, {"type": "Feature", "properties": {"color": "#aa7028"}, "geometry": {"type": "Polygon", "coordinates": [[[-84.04116721187347, 40.09692681097698], [-84.13168140444033, 40.04307753091869], [-84.11021017830981, 39.95890470155348], [-83.99856784795004, 39.92850427753901], [-83.90810182283147, 39.9821665016563], [-83.92922949679827, 40.06641594472231], [-84.04116721187347, 40.09692681097698]]]}}, {"type": "Feature", "properties": {"color": "#dbd83d"}, "geometry": {"type": "Polygon", "coordinates": [[[-82.24184171828983, 40.9432564868805], [-82.33631059407273, 40.89013517742552], [-82.31766255383559, 40.804633536708636], [-82.20491084206681, 40.77218745090063], [-82.11051614751115, 40.82512100530449], [-82.12879856356244, 40.9106881131947], [-82.24184171828983, 40.9432564868805]]]}}, {"type": "Feature", "properties": {"color": "#aa7028"}, "geometry": {"type": "Polygon", "coordinates": [[[-84.4458699398569, 40.04949918299012], [-84.53576643472795, 39.99539266665348], [-84.51361254047558, 39.91137697433191], [-84.40190226270973, 39.88138832539969], [-84.31204857046973, 39.93530767151945], [-84.3338618768429, 40.01940258085803], [-84.4458699398569, 40.04949918299012]]]}}, {"type": "Feature", "properties": {"color": "#68aa63"}, "geometry": {"type": "Polygon", "coordinates": [[[-81.64200723768623, 39.5713582853106], [-81.73449016479438, 39.519703613432405], [-81.7174291704385, 39.43557000897041], [-81.60823249688494, 39.40303105703758], [-81.51582713769554, 39.454502678781274], [-81.53254052150155, 39.53869602131719], [-81.64200723768623, 39.5713582853106]]]}}, {"type": "Feature", "properties": {"color": "#68aa63"}, "geometry": {"type": "Polygon", "coordinates": [[[-82.43045799568443, 38.47127744913768], [-82.51989838968557, 38.419878380123734], [-82.50188372970881, 38.33715776238089], [-82.39475688489661, 38.30577223422479], [-82.3053810303131, 38.35699052724269], [-82.32306711554617, 38.43977485941354], [-82.43045799568443, 38.47127744913768]]]}}, {"type": "Feature", "properties": {"color": "#68aa63"}, "geometry": {"type": "Polygon", "coordinates": [[[-83.19318537194364, 39.157577785128346], [-83.28298665727078, 39.105084060587906], [-83.26339400991812, 39.021744895873226], [-83.15433421201585, 38.99082952970192], [-83.06458983213068, 39.04313964350119], [-83.08384793633901, 39.12654847135081], [-83.19318537194364, 39.157577785128346]]]}}, {"type": "Feature", "properties": {"color": "#68aa63"}, "geometry": {"type": "Polygon", "coordinates": [[[-81.59157859621733, 40.35268899801105], [-81.68566301660148, 40.30050144469816], [-81.66840538491898, 40.21549800572237], [-81.55742245485578, 40.182621573026786], [-81.46341886732581, 40.234623902653794], [-81.48031699795185, 40.31968760022318], [-81.59157859621733, 40.35268899801105]]]}}, {"type": "Feature", "properties": {"color": "#aa7028"}, "geometry": {"type": "Polygon", "coordinates": [[[-80.52678190245854, 40.83833570966048], [-80.62312115136403, 40.78665405490244], [-80.60760399810664, 40.70093445149589], [-80.49611868002955, 40.666842967599365], [-80.39987606111652, 40.71833971553218], [-80.41502178338506, 40.80411255218103], [-80.52678190245854, 40.83833570966048]]]}}, {"type": "Feature", "properties": {"color": "#dbd83d"}, "geometry": {"type": "Polygon", "coordinates": [[[-82.61644691932726, 40.25219826912878], [-82.70907361947525, 40.19929410377317], [-82.69003698185635, 40.11461291777693], [-82.5787264832153, 40.082768400412256], [-82.48616692687281, 40.135486337219554], [-82.50485030926033, 40.220234742260935], [-82.61644691932726, 40.25219826912878]]]}}, {"type": "Feature", "properties": {"color": "#68aa63"}, "geometry": {"type": "Polygon", "coordinates": [[[-81.79241456647115, 39.29999238077247], [-81.88419175353854, 39.24842654070316], [-81.86696695015765, 39.164627146247774], [-81.75830762279185, 39.1323328604783], [-81.66660524438669, 39.1837162389684], [-81.68348702267585, 39.267576087167136], [-81.79241456647115, 39.29999238077247]]]}}, {"type": "Feature", "properties": {"color": "#68aa63"}, "geometry": {"type": "Polygon", "coordinates": [[[-81.2215399385483, 41.69810211942863], [-81.31882164973817, 41.64527030279075], [-81.30173614828743, 41.55877785880135], [-81.18775093737602, 41.52505787679473], [-81.09055993920884, 41.57770127109945], [-81.10726304184325, 41.66425276578724], [-81.2215399385483, 41.69810211942863]]]}}, {"type": "Feature", "properties": {"color": "#aa7028"}, "geometry": {"type": "Polygon", "coordinates": [[[-84.03074612160886, 40.88295016576108], [-84.12279993782057, 40.82850315646233], [-84.10098314612456, 40.74348859452249], [-83.98746733885295, 40.71284309375948], [-83.89546347216017, 40.76710078948416], [-83.91692497595231, 40.85219303212363], [-84.03074612160886, 40.88295016576108]]]}}, {"type": "Feature", "properties": {"color": "#aa7028"}, "geometry": {"type": "Polygon", "coordinates": [[[-82.76319198496282, 39.97724059340409], [-82.85509851552284, 39.92443197462173], [-82.83591553892404, 39.84008307065537], [-82.72517407289615, 39.80847464088088], [-82.63333201284097, 39.861097665900026], [-82.65216653396719, 39.9455144405609], [-82.76319198496282, 39.97724059340409]]]}}, {"type": "Feature", "properties": {"color": "#aa7028"}, "geometry": {"type": "Polygon", "coordinates": [[[-82.63333201284097, 39.861097665900026], [-82.72517407289615, 39.80847464088088], [-82.70626589068473, 39.72422452524987], [-82.59586261748666, 39.692530318406945], [-82.50408638031033, 39.74496822662331], [-82.52264718692184, 39.82928518423213], [-82.63333201284097, 39.861097665900026]]]}}, {"type": "Feature", "properties": {"color": "#d89382"}, "geometry": {"type": "Polygon", "coordinates": [[[-84.17884253367458, 39.82110823824533], [-84.26865189656422, 39.76737565035002], [-84.24706773486436, 39.6835390677499], [-84.13601255577407, 39.65335769943933], [-84.04624902519222, 39.70690394671992], [-84.06749438086082, 39.79081764565195], [-84.17884253367458, 39.82110823824533]]]}}, {"type": "Feature", "properties": {"color": "#68aa63"}, "geometry": {"type": "Polygon", "coordinates": [[[-83.39237124201264, 39.13591526459617], [-83.481883881408, 39.08329426728976], [-83.46195798609693, 39.00002604967565], [-83.35285228471544, 38.96930762165758], [-83.26339400991812, 39.021744895873226], [-83.28298665727078, 39.105084060587906], [-83.39237124201264, 39.13591526459617]]]}}, {"type": "Feature", "properties": {"color": "#68aa63"}, "geometry": {"type": "Polygon", "coordinates": [[[-80.79761476631501, 41.735363545386136], [-80.89549209334312, 41.68285478745125], [-80.87917261991538, 41.596245752225045], [-80.76536027128446, 41.562089143991344], [-80.66757963684928, 41.614410067930585], [-80.68351427902454, 41.70107512601865], [-80.79761476631501, 41.735363545386136]]]}}, {"type": "Feature", "properties": {"color": "#aa7028"}, "geometry": {"type": "Polygon", "coordinates": [[[-83.40071409269895, 41.3489954806956], [-83.494519285414, 41.294679458212855], [-83.47361432793952, 41.20902089411107], [-83.35926970010266, 41.17760405152077], [-83.26552412014037, 41.231729942714146], [-83.28606307765459, 41.31746252923259], [-83.40071409269895, 41.3489954806956]]]}}, {"type": "Feature", "properties": {"color": "#68aa63"}, "geometry": {"type": "Polygon", "coordinates": [[[-81.33588241527386, 40.11658205309481], [-81.42980391237218, 40.06476442816434], [-81.41308644651201, 39.97996915894057], [-81.30280413162313, 39.9469330038282], [-81.20896595898213, 39.9985664470476], [-81.22532641333609, 40.08341993840992], [-81.33588241527386, 40.11658205309481]]]}}, {"type": "Feature", "properties": {"color": "#aa7028"}, "geometry": {"type": "Polygon", "coordinates": [[[-82.86384856043476, 40.87987531017492], [-82.9574061271175, 40.826317071558684], [-82.93766930185159, 40.74102033291347], [-82.82473602308508, 40.70921184349955], [-82.73124409903812, 40.76258179578223], [-82.75061936835172, 40.84794824339022], [-82.86384856043476, 40.87987531017492]]]}}, {"type": "Feature", "properties": {"color": "#68aa63"}, "geometry": {"type": "Polygon", "coordinates": [[[-80.53820419140291, 41.49347236559254], [-80.63588685774961, 41.44133872419696], [-80.62012807513298, 41.35493300893596], [-80.50706818077069, 41.32060670887869], [-80.40948473198797, 41.37255362293822], [-80.42486159775255, 41.45901325638968], [-80.53820419140291, 41.49347236559254]]]}}, {"type": "Feature", "properties": {"color": "#aa7028"}, "geometry": {"type": "Polygon", "coordinates": [[[-84.50866649401696, 41.486922625974394], [-84.60127699193735, 41.43166018112318], [-84.57831703713029, 41.34614792572163], [-84.46310779432783, 41.3158160597578], [-84.37054194432979, 41.370887179738865], [-84.39314016446482, 41.45648122395423], [-84.50866649401696, 41.486922625974394]]]}}, {"type": "Feature", "properties": {"color": "#d89382"}, "geometry": {"type": "Polygon", "coordinates": [[[-82.06675874032143, 41.61902304553701], [-82.1628243901662, 41.56556194065525], [-82.1442221529954, 41.479320644398236], [-82.02993103506157, 41.44647514531984], [-81.93394416158019, 41.499746833195175], [-81.9521691984955, 41.586053142015935], [-82.06675874032143, 41.61902304553701]]]}}, {"type": "Feature", "properties": {"color": "#aa7028"}, "geometry": {"type": "Polygon", "coordinates": [[[-83.42181369375415, 40.55805124952803], [-83.51402145787112, 40.50430767646887], [-83.49343130299259, 40.419484186263176], [-83.38098667072282, 40.38833089150217], [-83.28883625672681, 40.44188655894113], [-83.3090726700442, 40.52678315507312], [-83.42181369375415, 40.55805124952803]]]}}, {"type": "Feature", "properties": {"color": "#aa7028"}, "geometry": {"type": "Polygon", "coordinates": [[[-84.30622391825314, 40.71952764344597], [-84.3975948375202, 40.66500042534539], [-84.37536774410958, 40.58023025031617], [-84.26212047998608, 40.54990773594833], [-84.17079547405685, 40.60424592728113], [-84.19267132665789, 40.68909539690128], [-84.30622391825314, 40.71952764344597]]]}}, {"type": "Feature", "properties": {"color": "#ed0000"}, "geometry": {"type": "Polygon", "coordinates": [[[-81.6446023815961, 41.659318468297364], [-81.74128011599377, 41.60616917301079], [-81.72343361986457, 41.51979932992222], [-81.60928882927608, 41.486516434737695], [-81.51269583452351, 41.53947678008577], [-81.53016247637349, 41.62590867091584], [-81.6446023815961, 41.659318468297364]]]}}, {"type": "Feature", "properties": {"color": "#68aa63"}, "geometry": {"type": "Polygon", "coordinates": [[[-81.9931864460071, 39.280644782174704], [-82.08468632930622, 39.2289424808487], [-82.0671196479831, 39.145204878558616], [-81.95839459241242, 39.11310750978978], [-81.86696695015765, 39.164627146247774], [-81.88419175353854, 39.24842654070316], [-81.9931864460071, 39.280644782174704]]]}}, {"type": "Feature", "properties": {"color": "#dbd83d"}, "geometry": {"type": "Polygon", "coordinates": [[[-84.92470048206435, 41.4364819902007], [-85.01664671333883, 41.38094641651545], [-84.99296830913406, 41.29560183215179], [-84.87770151575552, 41.265708046220055], [-84.78579408824716, 41.32105223089453], [-84.80911411181583, 41.406481329546494], [-84.92470048206435, 41.4364819902007]]]}}, {"type": "Feature", "properties": {"color": "#68aa63"}, "geometry": {"type": "Polygon", "coordinates": [[[-82.26705878743627, 39.125450661205164], [-82.3579318745723, 39.073662343258086], [-82.33994903187732, 38.99015643813007], [-82.23143117382543, 38.95837512901246], [-82.14062645532431, 39.009980904201306], [-82.15827085112963, 39.09355025946678], [-82.26705878743627, 39.125450661205164]]]}}, {"type": "Feature", "properties": {"color": "#68aa63"}, "geometry": {"type": "Polygon", "coordinates": [[[-84.25042397846825, 39.29571807077123], [-84.33915099445026, 39.24235409956339], [-84.31768359451566, 39.159117948980395], [-84.20781971703316, 39.12916872478758], [-84.11913662278471, 39.18234786479817], [-84.14027303643113, 39.26566080776238], [-84.25042397846825, 39.29571807077123]]]}}, {"type": "Feature", "properties": {"color": "#68aa63"}, "geometry": {"type": "Polygon", "coordinates": [[[-80.96023940351274, 41.45731135509786], [-81.05733836368965, 41.40485584650718], [-81.04081921732364, 41.31856248986647], [-80.92758032521691, 41.28466740714346], [-80.83057470179953, 41.336935570663925], [-80.84671425397772, 41.423285857924995], [-80.96023940351274, 41.45731135509786]]]}}, {"type": "Feature", "properties": {"color": "#aa7028"}, "geometry": {"type": "Polygon", "coordinates": [[[-83.81744992748149, 41.302630277283605], [-83.91061563345471, 41.24802915037482], [-83.88898324633354, 41.16252283589702], [-83.77454760605309, 41.131540552504774], [-83.68143568230663, 41.1859513322686], [-83.7027051242378, 41.2715344691872], [-83.81744992748149, 41.302630277283605]]]}}, {"type": "Feature", "properties": {"color": "#aa7028"}, "geometry": {"type": "Polygon", "coordinates": [[[-83.03826062212957, 39.81872841938564], [-83.12951680173131, 39.765834721765195], [-83.10991775760328, 39.681722314598765], [-82.99940688908988, 39.65043381305259], [-82.90821121711882, 39.70314209823687], [-82.92746548582856, 39.787324027644885], [-83.03826062212957, 39.81872841938564]]]}}, {"type": "Feature", "properties": {"color": "#aa7028"}, "geometry": {"type": "Polygon", "coordinates": [[[-83.0110470413572, 40.60237490177518], [-83.10386676740276, 40.54890920284058], [-83.08398551618815, 40.46394086671646], [-82.97164065808767, 40.432367587805565], [-82.87888384861897, 40.48564563908592], [-82.89840854005607, 40.570684340420605], [-83.0110470413572, 40.60237490177518]]]}}, {"type": "Feature", "properties": {"color": "#aa7028"}, "geometry": {"type": "Polygon", "coordinates": [[[-81.40923474026573, 41.02268753481371], [-81.50489257072323, 40.97016841313769], [-81.48771476532069, 40.88441351976391], [-81.37524943898096, 40.851117755286054], [-81.27967722382321, 40.90345003282922], [-81.29648433164674, 40.989264622936], [-81.40923474026573, 41.02268753481371]]]}}, {"type": "Feature", "properties": {"color": "#68aa63"}, "geometry": {"type": "Polygon", "coordinates": [[[-81.97983036094304, 40.706993405354254], [-82.07414949444103, 40.6542471085584], [-82.05606454990794, 40.568940866005796], [-81.94402326220688, 40.53631726859974], [-81.84978104454059, 40.588876809752556], [-81.86750279548116, 40.67424641607379], [-81.97983036094304, 40.706993405354254]]]}}, {"type": "Feature", "properties": {"color": "#b5c98e"}, "geometry": {"type": "Polygon", "coordinates": [[[-83.92629314889152, 38.81985920897495], [-84.0145464264522, 38.767110284226504], [-83.99384417245635, 38.684329875816445], [-83.8852143571516, 38.654224166057546], [-83.79700813432767, 38.706789899684594], [-83.81738424795941, 38.78964428173754], [-83.92629314889152, 38.81985920897495]]]}}, {"type": "Feature", "properties": {"color": "#aa7028"}, "geometry": {"type": "Polygon", "coordinates": [[[-84.44409423286817, 40.44115531803523], [-84.5347437337078, 40.386742356735965], [-84.51240695560429, 40.30230456570093], [-84.399766495996, 40.27219967896715], [-84.30916054113233, 40.3264243332899], [-84.33115101141821, 40.410941922323545], [-84.44409423286817, 40.44115531803523]]]}}, {"type": "Feature", "properties": {"color": "#68aa63"}, "geometry": {"type": "Polygon", "coordinates": [[[-82.88000854456746, 38.679341015523114], [-82.9692957523994, 38.627452168220636], [-82.95043385202068, 38.54458761167211], [-82.84261374508276, 38.51354469150601], [-82.75338614528422, 38.565251659492716], [-82.77191865866041, 38.64818316467816], [-82.88000854456746, 38.679341015523114]]]}}, {"type": "Feature", "properties": {"color": "#aa7028"}, "geometry": {"type": "Polygon", "coordinates": [[[-84.71443318825096, 39.498391365624336], [-84.8029388796767, 39.44453446184695], [-84.78058226412858, 39.361195119319746], [-84.67005071149671, 39.331632319370414], [-84.58158341651209, 39.38530353547831], [-84.60360880867445, 39.46872299063058], [-84.71443318825096, 39.498391365624336]]]}}, {"type": "Feature", "properties": {"color": "#aa7028"}, "geometry": {"type": "Polygon", "coordinates": [[[-83.65211562131886, 39.36429222119318], [-83.74173287121526, 39.31130243557091], [-83.72126261691842, 39.22783970168516], [-83.61150981699843, 39.19729351282291], [-83.52194417846484, 39.25009868225519], [-83.54207929889768, 39.33363439712897], [-83.65211562131886, 39.36429222119318]]]}}, {"type": "Feature", "properties": {"color": "#68aa63"}, "geometry": {"type": "Polygon", "coordinates": [[[-81.6170017548995, 39.96102276571826], [-81.71027858126187, 39.90909998565812], [-81.69311971805543, 39.824529262122915], [-81.58303713880717, 39.791821031442794], [-81.48983948862774, 39.84355967077324], [-81.50664487078629, 39.92819039669417], [-81.6170017548995, 39.96102276571826]]]}}, {"type": "Feature", "properties": {"color": "#aa7028"}, "geometry": {"type": "Polygon", "coordinates": [[[-83.88239197400395, 41.55988415041255], [-83.97598685685978, 41.505043020989106], [-83.95411701293169, 41.41928954386239], [-83.83901837813379, 41.388299297382545], [-83.7454769748687, 41.442949307413336], [-83.76698022368981, 41.52878040853223], [-83.88239197400395, 41.55988415041255]]]}}, {"type": "Feature", "properties": {"color": "#dbd83d"}, "geometry": {"type": "Polygon", "coordinates": [[[-81.56572721887667, 40.74633532883857], [-81.66063328416043, 40.69388648836225], [-81.64327598041393, 40.60845494299497], [-81.53137789943887, 40.57541143941741], [-81.4365543739911, 40.62767398072585], [-81.45354600205734, 40.71316603264161], [-81.56572721887667, 40.74633532883857]]]}}, {"type": "Feature", "properties": {"color": "#68aa63"}, "geometry": {"type": "Polygon", "coordinates": [[[-80.9261667437389, 40.15324634191119], [-81.02064748729313, 40.10172374682216], [-81.00464517154437, 40.01681344163233], [-80.894521005221, 39.98337004049715], [-80.80012899339019, 40.03470898117593], [-80.8157720680694, 40.11967468486644], [-80.9261667437389, 40.15324634191119]]]}}, {"type": "Feature", "properties": {"color": "#aa7028"}, "geometry": {"type": "Polygon", "coordinates": [[[-83.25356790993247, 41.629566001675315], [-83.34813194577092, 41.57515994257586], [-83.32736658215804, 41.489177827581955], [-83.21240794365241, 41.45752811840523], [-83.11790628703503, 41.51174339636865], [-83.13830040931255, 41.59779888201795], [-83.25356790993247, 41.629566001675315]]]}}, {"type": "Feature", "properties": {"color": "#aa7028"}, "geometry": {"type": "Polygon", "coordinates": [[[-84.01996700474093, 41.67679501331324], [-84.11361371924858, 41.62176233672698], [-84.09144008380522, 41.535925843245366], [-83.97598685685978, 41.505043020989106], [-83.88239197400395, 41.55988415041255], [-83.90419797412648, 41.64579937512007], [-84.01996700474093, 41.67679501331324]]]}}, {"type": "Feature", "properties": {"color": "#aa7028"}, "geometry": {"type": "Polygon", "coordinates": [[[-82.59927797756062, 40.64528925415443], [-82.69270281585628, 40.59210711417667], [-82.67353605867008, 40.50699943111518], [-82.5613033224002, 40.475006017163075], [-82.46794698782081, 40.528000823757296], [-82.48675445981414, 40.613176096507594], [-82.59927797756062, 40.64528925415443]]]}}, {"type": "Feature", "properties": {"color": "#68aa63"}, "geometry": {"type": "Polygon", "coordinates": [[[-81.05967892207255, 41.97730495532788], [-81.15774570194165, 41.92441889059802], [-81.14085557903425, 41.83761186920484], [-81.02628600616255, 41.80363244744955], [-80.92831328841208, 41.85632958697076], [-80.94481568431388, 41.94319476540132], [-81.05967892207255, 41.97730495532788]]]}}, {"type": "Feature", "properties": {"color": "#ccba7c"}, "geometry": {"type": "Polygon", "coordinates": [[[-84.84634130356727, 39.224234264362046], [-84.93416533099224, 39.1705086050085], [-84.91171357438004, 39.08751031143094], [-84.80176399164768, 39.058156909040186], [-84.71397625841327, 39.111697637315395], [-84.73610134849058, 39.19477645407477], [-84.84634130356727, 39.224234264362046]]]}}, {"type": "Feature", "properties": {"color": "#ed0000"}, "geometry": {"type": "Polygon", "coordinates": [[[-81.38144831353927, 41.419641212588196], [-81.47795519547924, 41.366869295822994], [-81.46068049767929, 41.280694278621574], [-81.34727568147429, 41.24723096470384], [-81.25085625916844, 41.299814978533526], [-81.26775379656655, 41.38604990930428], [-81.38144831353927, 41.419641212588196]]]}}, {"type": "Feature", "properties": {"color": "#aa7028"}, "geometry": {"type": "Polygon", "coordinates": [[[-84.03600029592005, 40.48894940911865], [-84.12727780940155, 40.43479982798167], [-84.1056351766622, 40.35020376056599], [-83.99306390122301, 40.31967986087413], [-83.90183543416515, 40.373641254114766], [-83.92312872076842, 40.458314470764385], [-84.03600029592005, 40.48894940911865]]]}}, {"type": "Feature", "properties": {"color": "#68aa63"}, "geometry": {"type": "Polygon", "coordinates": [[[-82.247425965499, 39.51276174689166], [-82.33906659260539, 39.460692623048196], [-82.32096975142379, 39.376746357916424], [-82.2115759950874, 39.34480514826907], [-82.1200051094356, 39.396690613457466], [-82.13775785499838, 39.48070067178475], [-82.247425965499, 39.51276174689166]]]}}, {"type": "Feature", "properties": {"color": "#aa7028"}, "geometry": {"type": "Polygon", "coordinates": [[[-84.02540245979144, 41.27890653855905], [-84.11824589450808, 41.22416511634056], [-84.09625212485085, 41.13873700990645], [-83.98177580343065, 41.10797184690754], [-83.88898324633354, 41.16252283589702], [-83.91061563345471, 41.24802915037482], [-84.02540245979144, 41.27890653855905]]]}}, {"type": "Feature", "properties": {"color": "#aa7028"}, "geometry": {"type": "Polygon", "coordinates": [[[-83.24036264486736, 39.79703510575342], [-83.33132343147186, 39.744008124915915], [-83.31138094467961, 39.6599665676443], [-83.20082068705435, 39.62888087385877], [-83.10991775760328, 39.681722314598765], [-83.12951680173131, 39.765834721765195], [-83.24036264486736, 39.79703510575342]]]}}, {"type": "Feature", "properties": {"color": "#476ba0"}, "geometry": {"type": "Polygon", "coordinates": [[[-82.83300285720992, 41.674176996406395], [-82.92820408386375, 41.62006851065044], [-82.90818270226346, 41.5339410910974], [-82.79333384406097, 41.50185138172185], [-82.69820096143646, 41.55576938642599], [-82.71784812834667, 41.64196729390411], [-82.83300285720992, 41.674176996406395]]]}}, {"type": "Feature", "properties": {"color": "#dbd83d"}, "geometry": {"type": "Polygon", "coordinates": [[[-81.1507607152904, 40.78422974476867], [-81.24624602412824, 40.73208378398533], [-81.2296212748109, 40.64653266563023], [-81.11787890114994, 40.613069592952925], [-81.02248176481831, 40.665029768367134], [-81.0387384580327, 40.750638505606844], [-81.1507607152904, 40.78422974476867]]]}}, {"type": "Feature", "properties": {"color": "#aa7028"}, "geometry": {"type": "Polygon", "coordinates": [[[-82.03402958905221, 40.96366095790914], [-82.12879856356244, 40.9106881131947], [-82.11051614751115, 40.82512100530449], [-81.99783127561099, 40.79246241598955], [-81.90313933645395, 40.84524771161211], [-81.92105482172828, 40.93087885603511], [-82.03402958905221, 40.96366095790914]]]}}, {"type": "Feature", "properties": {"color": "#dbd83d"}, "geometry": {"type": "Polygon", "coordinates": [[[-82.28637460501989, 38.74018742389722], [-82.37649287228601, 38.688682764154315], [-82.35862272233663, 38.60562119485353], [-82.25096687418099, 38.57400091644631], [-82.16091564157327, 38.62532415682626], [-82.17845285565863, 38.70844882647529], [-82.28637460501989, 38.74018742389722]]]}}, {"type": "Feature", "properties": {"color": "#aa7028"}, "geometry": {"type": "Polygon", "coordinates": [[[-84.852677906484, 40.785239325637754], [-84.94344840600333, 40.730259034487595], [-84.9202261443557, 40.645568620428385], [-84.8065818414796, 40.61577520979881], [-84.7158500431148, 40.67056599552581], [-84.73872333251317, 40.75533944059063], [-84.852677906484, 40.785239325637754]]]}}, {"type": "Feature", "properties": {"color": "#aa7028"}, "geometry": {"type": "Polygon", "coordinates": [[[-84.05124782117228, 39.31890143056004], [-84.14027303643113, 39.26566080776238], [-84.11913662278471, 39.18234786479817], [-84.00930694037635, 39.152199759058675], [-83.92032820362414, 39.205255609456955], [-83.94113222890988, 39.28864408313445], [-84.05124782117228, 39.31890143056004]]]}}, {"type": "Feature", "properties": {"color": "#aa7028"}, "geometry": {"type": "Polygon", "coordinates": [[[-83.77565344935073, 39.86740260802368], [-83.8660698149818, 39.813927011674494], [-83.84516470673964, 39.729937490747076], [-83.73418445341713, 39.69934878535492], [-83.64381921550704, 39.75263818750503], [-83.66438265535928, 39.836702227050445], [-83.77565344935073, 39.86740260802368]]]}}, {"type": "Feature", "properties": {"color": "#68aa63"}, "geometry": {"type": "Polygon", "coordinates": [[[-82.9937595448574, 39.17891358730861], [-83.08384793633901, 39.12654847135081], [-83.06458983213068, 39.04313964350119], [-82.95557875245795, 39.01202729554105], [-82.86554981217411, 39.064208925980076], [-82.88447209835626, 39.14768612481748], [-82.9937595448574, 39.17891358730861]]]}}, {"type": "Feature", "properties": {"color": "#68aa63"}, "geometry": {"type": "Polygon", "coordinates": [[[-83.33319546091195, 38.88613851152798], [-83.42231292332694, 38.8337587830899], [-83.4025930516049, 38.75076020278434], [-83.29408537435346, 38.72007088370335], [-83.20502243984699, 38.772267687554255], [-83.22441224850961, 38.85533647578641], [-83.33319546091195, 38.88613851152798]]]}}, {"type": "Feature", "properties": {"color": "#dbd83d"}, "geometry": {"type": "Polygon", "coordinates": [[[-82.08882360539363, 41.22110591043673], [-82.18404646800346, 41.16790674782207], [-82.16556336242704, 41.08208126465095], [-82.05222769674104, 41.049389936612556], [-81.95708197861217, 41.10240075862925], [-81.97519436047979, 41.18829095793557], [-82.08882360539363, 41.22110591043673]]]}}, {"type": "Feature", "properties": {"color": "#68aa63"}, "geometry": {"type": "Polygon", "coordinates": [[[-81.82070703550443, 39.94172848241443], [-81.91370044185867, 39.88966299527875], [-81.89618927238463, 39.805153657338444], [-81.78603662475504, 39.772648138153414], [-81.69311971805543, 39.824529262122915], [-81.71027858126187, 39.90909998565812], [-81.82070703550443, 39.94172848241443]]]}}, {"type": "Feature", "properties": {"color": "#aa7028"}, "geometry": {"type": "Polygon", "coordinates": [[[-82.71486292556055, 41.15820637110349], [-82.8091682025512, 41.10456065830913], [-82.7895810404917, 41.018937957198744], [-82.6760547977635, 40.98689166001772], [-82.58181797255136, 41.04034846118458], [-82.60103849349385, 41.12604018676799], [-82.71486292556055, 41.15820637110349]]]}}, {"type": "Feature", "properties": {"color": "#aa7028"}, "geometry": {"type": "Polygon", "coordinates": [[[-84.84945712989762, 40.00073230958151], [-84.9387300884317, 39.946374348690604], [-84.91589957557242, 39.86252094341318], [-84.80413315858597, 39.83294346580373], [-84.71489766877681, 39.88711419559716], [-84.73739063844366, 39.97104938337123], [-84.84945712989762, 40.00073230958151]]]}}, {"type": "Feature", "properties": {"color": "#68aa63"}, "geometry": {"type": "Polygon", "coordinates": [[[-80.75353415979062, 39.78035634940883], [-80.84747460360144, 39.72923576202546], [-80.83190386781236, 39.64470668945241], [-80.72274665082578, 39.61124409249244], [-80.62889573439149, 39.66218236676743], [-80.64411217432253, 39.746765260425], [-80.75353415979062, 39.78035634940883]]]}}, {"type": "Feature", "properties": {"color": "#aa7028"}, "geometry": {"type": "Polygon", "coordinates": [[[-84.22942228536876, 41.65253586351188], [-84.32273954680524, 41.597361134893696], [-84.30019990221268, 41.511604772290156], [-84.184708485683, 41.48094273602659], [-84.09144008380522, 41.535925843245366], [-84.11361371924858, 41.62176233672698], [-84.22942228536876, 41.65253586351188]]]}}, {"type": "Feature", "properties": {"color": "#68aa63"}, "geometry": {"type": "Polygon", "coordinates": [[[-80.76782278130376, 40.42670301326592], [-80.86303987180759, 40.37511279886657], [-80.84722720486317, 40.2898768454739], [-80.73656115733223, 40.25617625540636], [-80.64143589206725, 40.30758230167972], [-80.65688450133074, 40.39287280985689], [-80.76782278130376, 40.42670301326592]]]}}, {"type": "Feature", "properties": {"color": "#68aa63"}, "geometry": {"type": "Polygon", "coordinates": [[[-81.92621638415807, 40.45111068100524], [-82.02008967474013, 40.39859114073385], [-82.00219905144425, 40.31354819027773], [-81.89079425404326, 40.28096179617403], [-81.79699774986243, 40.33329537624479], [-81.81452886203964, 40.41840102445092], [-81.92621638415807, 40.45111068100524]]]}}, {"type": "Feature", "properties": {"color": "#68aa63"}, "geometry": {"type": "Polygon", "coordinates": [[[-82.35650841826299, 40.01878631746125], [-82.44899947019293, 39.966254126624804], [-82.4305146962057, 39.881770836109766], [-82.31988948620055, 39.849754305188206], [-82.22746827552267, 39.90210123722383], [-82.24560203333816, 39.98664968066347], [-82.35650841826299, 40.01878631746125]]]}}, {"type": "Feature", "properties": {"color": "#dbd83d"}, "geometry": {"type": "Polygon", "coordinates": [[[-84.18662820966306, 39.046026142032424], [-84.2749714115423, 38.99290955202998], [-84.25372587210533, 38.90993779442843], [-84.14446456205073, 38.88000637692247], [-84.05616561753523, 38.93293892218984], [-84.07708328694125, 39.0159866784234], [-84.18662820966306, 39.046026142032424]]]}}, {"type": "Feature", "properties": {"color": "#aa7028"}, "geometry": {"type": "Polygon", "coordinates": [[[-83.3606824233091, 40.30359969017823], [-83.45247107092263, 40.25009491573595], [-83.43210022141852, 40.16552967856666], [-83.32029053942243, 40.134396598785386], [-83.22855942664931, 40.18771425335127], [-83.24858001575298, 40.272351837304285], [-83.3606824233091, 40.30359969017823]]]}}, {"type": "Feature", "properties": {"color": "#68aa63"}, "geometry": {"type": "Polygon", "coordinates": [[[-81.59143425835988, 39.31900418616803], [-81.68348702267585, 39.267576087167136], [-81.66660524438669, 39.1837162389684], [-81.55801449673989, 39.15122510206903], [-81.46603911105198, 39.20247095590302], [-81.48257673933792, 39.28638991220123], [-81.59143425835988, 39.31900418616803]]]}}, {"type": "Feature", "properties": {"color": "#aa7028"}, "geometry": {"type": "Polygon", "coordinates": [[[-84.44228857766178, 40.83479136977025], [-84.53370380575913, 40.78007471417164], [-84.51118109957919, 40.69521956081728], [-84.3975948375202, 40.66500042534539], [-84.30622391825314, 40.71952764344597], [-84.32839445136715, 40.80446317238012], [-84.44228857766178, 40.83479136977025]]]}}, {"type": "Feature", "properties": {"color": "#68aa63"}, "geometry": {"type": "Polygon", "coordinates": [[[-82.39408655524771, 39.24094712615025], [-82.48502675673281, 39.188975776015354], [-82.46677984859902, 39.105365743716895], [-82.3579318745723, 39.073662343258086], [-82.26705878743627, 39.125450661205164], [-82.28496617757858, 39.20912514027374], [-82.39408655524771, 39.24094712615025]]]}}, {"type": "Feature", "properties": {"color": "#aa7028"}, "geometry": {"type": "Polygon", "coordinates": [[[-83.3497640059739, 40.696833446402565], [-83.44233724432425, 40.64303985680236], [-83.42181369375415, 40.55805124952803], [-83.3090726700442, 40.52678315507312], [-83.21655808399422, 40.58038850590761], [-83.2367254131918, 40.665449916332065], [-83.3497640059739, 40.696833446402565]]]}}, {"type": "Feature", "properties": {"color": "#68aa63"}, "geometry": {"type": "Polygon", "coordinates": [[[-82.59420568004009, 39.220599590273096], [-82.68486355647093, 39.1684956692093], [-82.66627834260537, 39.084951399582614], [-82.5573731690166, 39.05344501893523], [-82.46677984859902, 39.105365743716895], [-82.48502675673281, 39.188975776015354], [-82.59420568004009, 39.220599590273096]]]}}, {"type": "Feature", "properties": {"color": "#aa7028"}, "geometry": {"type": "Polygon", "coordinates": [[[-82.55996688938356, 39.99818552553434], [-82.65216653396719, 39.9455144405609], [-82.63333201284097, 39.861097665900026], [-82.52264718692184, 39.82928518423213], [-82.4305146962057, 39.881770836109766], [-82.44899947019293, 39.966254126624804], [-82.55996688938356, 39.99818552553434]]]}}, {"type": "Feature", "properties": {"color": "#ddc9c9"}, "geometry": {"type": "Polygon", "coordinates": [[[-81.80178795625756, 41.380471963597245], [-81.89769463332017, 41.32738918704696], [-81.87966941493288, 41.241338429000486], [-81.7661117238779, 41.20830728630539], [-81.67028663682615, 41.26120166176824], [-81.68793723723647, 41.34731528542784], [-81.80178795625756, 41.380471963597245]]]}}, {"type": "Feature", "properties": {"color": "#aa7028"}, "geometry": {"type": "Polygon", "coordinates": [[[-83.14384422905599, 40.71910372605182], [-83.2367254131918, 40.665449916332065], [-83.21655808399422, 40.58038850590761], [-83.10386676740276, 40.54890920284058], [-83.0110470413572, 40.60237490177518], [-83.0308567248236, 40.687507738497814], [-83.14384422905599, 40.71910372605182]]]}}, {"type": "Feature", "properties": {"color": "#aa7028"}, "geometry": {"type": "Polygon", "coordinates": [[[-83.9773807645445, 39.84442244502961], [-84.06749438086082, 39.79081764565195], [-84.04624902519222, 39.70690394671992], [-83.93522984639667, 39.67651896541872], [-83.84516470673964, 39.729937490747076], [-83.8660698149818, 39.813927011674494], [-83.9773807645445, 39.84442244502961]]]}}, {"type": "Feature", "properties": {"color": "#aa7028"}, "geometry": {"type": "Polygon", "coordinates": [[[-84.5796564424337, 40.55587026218113], [-84.67034789946376, 40.501268588428275], [-84.64771819028856, 40.41674520000579], [-84.5347437337078, 40.386742356735965], [-84.44409423286817, 40.44115531803523], [-84.46637673553556, 40.525759576788715], [-84.5796564424337, 40.55587026218113]]]}}, {"type": "Feature", "properties": {"color": "#dbd83d"}, "geometry": {"type": "Polygon", "coordinates": [[[-83.7900056534671, 39.091615652228995], [-83.87893649028908, 39.03874414530278], [-83.85834806437988, 38.955621640424944], [-83.74915897259865, 38.92529689648807], [-83.66027743483397, 38.977984494053175], [-83.68053526290383, 39.06118048891023], [-83.7900056534671, 39.091615652228995]]]}}, {"type": "Feature", "properties": {"color": "#aa7028"}, "geometry": {"type": "Polygon", "coordinates": [[[-84.23665914558374, 40.85904575257196], [-84.32839445136715, 40.80446317238012], [-84.30622391825314, 40.71952764344597], [-84.19267132665789, 40.68909539690128], [-84.10098314612456, 40.74348859452249], [-84.12279993782057, 40.82850315646233], [-84.23665914558374, 40.85904575257196]]]}}, {"type": "Feature", "properties": {"color": "#aa7028"}, "geometry": {"type": "Polygon", "coordinates": [[[-83.63538486083736, 40.14300258013546], [-83.72651067234035, 40.08941627344477], [-83.70572800167778, 40.00509153221232], [-83.59416550213496, 39.97427885816784], [-83.5030932508084, 40.02767827709746], [-83.52352948814189, 40.11207699188339], [-83.63538486083736, 40.14300258013546]]]}}, {"type": "Feature", "properties": {"color": "#68aa63"}, "geometry": {"type": "Polygon", "coordinates": [[[-82.73793412363283, 38.94952449536943], [-82.82790230414604, 38.89752588211314], [-82.8091764074538, 38.81432050121307], [-82.70081575154161, 38.783047098939555], [-82.61090961754894, 38.834863167898085], [-82.62930170551701, 38.918134917603865], [-82.73793412363283, 38.94952449536943]]]}}, {"type": "Feature", "properties": {"color": "#68aa63"}, "geometry": {"type": "Polygon", "coordinates": [[[-81.43318172420632, 41.678899930037865], [-81.53016247637349, 41.62590867091584], [-81.51269583452351, 41.53947678008577], [-81.39862917513993, 41.50597529339589], [-81.30173614828743, 41.55877785880135], [-81.31882164973817, 41.64527030279075], [-81.43318172420632, 41.678899930037865]]]}}, {"type": "Feature", "properties": {"color": "#aa7028"}, "geometry": {"type": "Polygon", "coordinates": [[[-82.92305122509883, 41.13651058161127], [-83.01704696602997, 41.08271889243074], [-82.99709457368978, 40.99716663466113], [-82.88351121825772, 40.96533534074096], [-82.7895810404917, 41.018937957198744], [-82.8091682025512, 41.10456065830913], [-82.92305122509883, 41.13651058161127]]]}}, {"type": "Feature", "properties": {"color": "#68aa63"}, "geometry": {"type": "Polygon", "coordinates": [[[-81.13112434164243, 40.13509069609798], [-81.22532641333609, 40.08341993840992], [-81.20896595898213, 39.9985664470476], [-81.09876121573386, 39.96532660891723], [-81.00464517154437, 40.01681344163233], [-81.02064748729313, 40.10172374682216], [-81.13112434164243, 40.13509069609798]]]}}, {"type": "Feature", "properties": {"color": "#476ba0"}, "geometry": {"type": "Polygon", "coordinates": [[[-81.85579650885754, 41.63935905614288], [-81.9521691984955, 41.586053142015935], [-81.93394416158019, 41.499746833195175], [-81.81972455300223, 41.46668260682049], [-81.72343361986457, 41.51979932992222], [-81.74128011599377, 41.60616917301079], [-81.85579650885754, 41.63935905614288]]]}}, {"type": "Feature", "properties": {"color": "#68aa63"}, "geometry": {"type": "Polygon", "coordinates": [[[-82.20717759172246, 40.29344872901407], [-82.30039276411196, 40.24082713339846], [-82.28206393344585, 40.15601288551789], [-82.1708753536719, 40.123755492609696], [-82.07773279091488, 40.176191219872315], [-82.09570579672983, 40.26106992629171], [-82.20717759172246, 40.29344872901407]]]}}, {"type": "Feature", "properties": {"color": "#aa7028"}, "geometry": {"type": "Polygon", "coordinates": [[[-84.71683496891588, 41.46188111864816], [-84.80911411181583, 41.406481329546494], [-84.78579408824716, 41.32105223089453], [-84.67055445883534, 41.2909395007951], [-84.57831703713029, 41.34614792572163], [-84.60127699193735, 41.43166018112318], [-84.71683496891588, 41.46188111864816]]]}}, {"type": "Feature", "properties": {"color": "#68aa63"}, "geometry": {"type": "Polygon", "coordinates": [[[-80.74932237900576, 41.475581109564274], [-80.84671425397772, 41.423285857924995], [-80.83057470179953, 41.336935570663925], [-80.71742367316241, 41.302824800990884], [-80.62012807513298, 41.35493300893596], [-80.63588685774961, 41.44133872419696], [-80.74932237900576, 41.475581109564274]]]}}, {"type": "Feature", "properties": {"color": "#aa7028"}, "geometry": {"type": "Polygon", "coordinates": [[[-83.60921882127492, 41.325993793412614], [-83.7027051242378, 41.2715344691872], [-83.68143568230663, 41.1859513322686], [-83.56704393681855, 41.154751816404506], [-83.47361432793952, 41.20902089411107], [-83.494519285414, 41.294679458212855], [-83.60921882127492, 41.325993793412614]]]}}, {"type": "Feature", "properties": {"color": "#aa7028"}, "geometry": {"type": "Polygon", "coordinates": [[[-82.83591553892404, 39.84008307065537], [-82.92746548582856, 39.787324027644885], [-82.90821121711882, 39.70314209823687], [-82.79775267458847, 39.67165075359194], [-82.70626589068473, 39.72422452524987], [-82.72517407289615, 39.80847464088088], [-82.83591553892404, 39.84008307065537]]]}}, {"type": "Feature", "properties": {"color": "#aa7028"}, "geometry": {"type": "Polygon", "coordinates": [[[-82.33724792574746, 40.41071961877097], [-82.43053436350291, 40.3579116618557], [-82.4119284949172, 40.27299830799916], [-82.30039276411196, 40.24082713339846], [-82.20717759172246, 40.29344872901407], [-82.22542647516772, 40.378427578706294], [-82.33724792574746, 40.41071961877097]]]}}, {"type": "Feature", "properties": {"color": "#68aa63"}, "geometry": {"type": "Polygon", "coordinates": [[[-84.85105407076789, 40.39199521677634], [-84.94106957194829, 40.337324775676166], [-84.91804485017275, 40.253050500723695], [-84.8053473124226, 40.22336400505619], [-84.71536988871078, 40.277846074779426], [-84.73805142411926, 40.362202757859045], [-84.85105407076789, 40.39199521677634]]]}}, {"type": "Feature", "properties": {"color": "#aa7028"}, "geometry": {"type": "Polygon", "coordinates": [[[-82.01161852586594, 41.36032843777163], [-82.10722213060734, 41.30709233887162], [-82.08882360539363, 41.22110591043673], [-81.97519436047979, 41.18829095793557], [-81.87966941493288, 41.241338429000486], [-81.89769463332017, 41.32738918704696], [-82.01161852586594, 41.36032843777163]]]}}, {"type": "Feature", "properties": {"color": "#68aa63"}, "geometry": {"type": "Polygon", "coordinates": [[[-80.72101458270397, 40.171047832137226], [-80.8157720680694, 40.11967468486644], [-80.80012899339019, 40.03470898117593], [-80.69008841168777, 40.00106215404038], [-80.5954223630199, 40.05225193130388], [-80.61070511906644, 40.13727161131503], [-80.72101458270397, 40.171047832137226]]]}}, {"type": "Feature", "properties": {"color": "#aa7028"}, "geometry": {"type": "Polygon", "coordinates": [[[-82.99709457368978, 40.99716663466113], [-83.09071631444753, 40.94341964068627], [-83.0706909770195, 40.858030388149864], [-82.9574061271175, 40.826317071558684], [-82.86384856043476, 40.87987531017492], [-82.88351121825772, 40.96533534074096], [-82.99709457368978, 40.99716663466113]]]}}, {"type": "Feature", "properties": {"color": "#aa7028"}, "geometry": {"type": "Polygon", "coordinates": [[[-83.76829793898648, 40.258324604631724], [-83.85947583051542, 40.20455097137383], [-83.83840871995523, 40.12013445167366], [-83.72651067234035, 40.08941627344477], [-83.63538486083736, 40.14300258013546], [-83.65610455809419, 40.22749412623332], [-83.76829793898648, 40.258324604631724]]]}}, {"type": "Feature", "properties": {"color": "#aa7028"}, "geometry": {"type": "Polygon", "coordinates": [[[-84.85432932223658, 41.18044239334702], [-84.9458675918338, 41.12515502102442], [-84.9224443729588, 41.04005340476817], [-84.80783726298333, 41.01015524992495], [-84.71633833366133, 41.0652519887663], [-84.73940664684469, 41.150437256121904], [-84.85432932223658, 41.18044239334702]]]}}, {"type": "Feature", "properties": {"color": "#68aa63"}, "geometry": {"type": "Polygon", "coordinates": [[[-84.04624902519222, 39.70690394671992], [-84.13601255577407, 39.65335769943933], [-84.11471004848187, 39.569612646256694], [-84.0039814590664, 39.539337508285925], [-83.91426524023055, 39.592697838068695], [-83.93522984639667, 39.67651896541872], [-84.04624902519222, 39.70690394671992]]]}}, {"type": "Feature", "properties": {"color": "#aa7028"}, "geometry": {"type": "Polygon", "coordinates": [[[-82.98008255645084, 39.566419399040136], [-83.07092624338418, 39.51376303912256], [-83.0515330577677, 39.42991667026796], [-82.94163718315649, 39.39865759604327], [-82.8508541010537, 39.45112933926244], [-82.86990587725694, 39.53504450508409], [-82.98008255645084, 39.566419399040136]]]}}, {"type": "Feature", "properties": {"color": "#68aa63"}, "geometry": {"type": "Polygon", "coordinates": [[[-81.2373509714923, 39.608719352349965], [-81.33038660341983, 39.5573474392693], [-81.31402195631843, 39.47309572498578], [-81.20497116876284, 39.44015864027032], [-81.11201833359132, 39.49134797559082], [-81.12803314102199, 39.575656688235384], [-81.2373509714923, 39.608719352349965]]]}}, {"type": "Feature", "properties": {"color": "#68aa63"}, "geometry": {"type": "Polygon", "coordinates": [[[-81.41308644651201, 39.97996915894057], [-81.50664487078629, 39.92819039669417], [-81.48983948862774, 39.84355967077324], [-81.37982995100475, 39.810648808452164], [-81.28635338157261, 39.86224366607285], [-81.30280413162313, 39.9469330038282], [-81.41308644651201, 39.97996915894057]]]}}, {"type": "Feature", "properties": {"color": "#68aa63"}, "geometry": {"type": "Polygon", "coordinates": [[[-82.79409816753105, 39.19992130375402], [-82.88447209835626, 39.14768612481748], [-82.86554981217411, 39.064208925980076], [-82.75659027192226, 39.03289956802564], [-82.66627834260537, 39.084951399582614], [-82.68486355647093, 39.1684956692093], [-82.79409816753105, 39.19992130375402]]]}}, {"type": "Feature", "properties": {"color": "#aa7028"}, "geometry": {"type": "Polygon", "coordinates": [[[-83.19194073528958, 41.37163375948054], [-83.28606307765459, 41.31746252923259], [-83.26552412014037, 41.231729942714146], [-83.1512298415424, 41.20009569707137], [-83.05717003696815, 41.2540769259209], [-83.07734150315325, 41.33988212072938], [-83.19194073528958, 41.37163375948054]]]}}, {"type": "Feature", "properties": {"color": "#68aa63"}, "geometry": {"type": "Polygon", "coordinates": [[[-80.89483693102868, 40.54585317572628], [-80.99014465318281, 40.494078250376965], [-80.97406360389583, 40.40873599464005], [-80.86303987180759, 40.37511279886657], [-80.76782278130376, 40.42670301326592], [-80.78353843563525, 40.51210083809687], [-80.89483693102868, 40.54585317572628]]]}}, {"type": "Feature", "properties": {"color": "#68aa63"}, "geometry": {"type": "Polygon", "coordinates": [[[-82.39302970991213, 40.66621434694846], [-82.48675445981414, 40.613176096507594], [-82.46794698782081, 40.528000823757296], [-82.3557749596944, 40.49579732874641], [-82.26212151378564, 40.548648424166295], [-82.28056837350162, 40.633889886163765], [-82.39302970991213, 40.66621434694846]]]}}, {"type": "Feature", "properties": {"color": "#68aa63"}, "geometry": {"type": "Polygon", "coordinates": [[[-84.64797495459322, 39.2483829496534], [-84.73610134849058, 39.19477645407477], [-84.71397625841327, 39.111697637315395], [-84.60405243996024, 39.082145779905375], [-84.5159648752971, 39.135567365010004], [-84.53776184031477, 39.21872547050032], [-84.64797495459322, 39.2483829496534]]]}}, {"type": "Feature", "properties": {"color": "#aa7028"}, "geometry": {"type": "Polygon", "coordinates": [[[-83.85181025967655, 39.34175997519163], [-83.94113222890988, 39.28864408313445], [-83.92032820362414, 39.205255609456955], [-83.81053554431827, 39.174908510377065], [-83.72126261691842, 39.22783970168516], [-83.74173287121526, 39.31130243557091], [-83.85181025967655, 39.34175997519163]]]}}, {"type": "Feature", "properties": {"color": "#dbd83d"}, "geometry": {"type": "Polygon", "coordinates": [[[-82.16556336242704, 41.08208126465095], [-82.26040798887435, 41.028920370280574], [-82.24184171828983, 40.9432564868805], [-82.12879856356244, 40.9106881131947], [-82.03402958905221, 40.96366095790914], [-82.05222769674104, 41.049389936612556], [-82.16556336242704, 41.08208126465095]]]}}, {"type": "Feature", "properties": {"color": "#aa7028"}, "geometry": {"type": "Polygon", "coordinates": [[[-83.83153952371634, 40.51233016679244], [-83.92312872076842, 40.458314470764385], [-83.90183543416515, 40.373641254114766], [-83.78930331511984, 40.34290765608995], [-83.69776592571831, 40.39673524443185], [-83.71870837908766, 40.48148427176692], [-83.83153952371634, 40.51233016679244]]]}}, {"type": "Feature", "properties": {"color": "#68aa63"}, "geometry": {"type": "Polygon", "coordinates": [[[-81.56614520873775, 39.707355438382876], [-81.65898436575118, 39.65565816741518], [-81.64200723768623, 39.5713582853106], [-81.53254052150155, 39.53869602131719], [-81.4397803413552, 39.59020995349442], [-81.4564075376281, 39.67456920534607], [-81.56614520873775, 39.707355438382876]]]}}, {"type": "Feature", "properties": {"color": "#aa7028"}, "geometry": {"type": "Polygon", "coordinates": [[[-84.44045221015978, 41.23038494914996], [-84.53264621191607, 41.17536749042191], [-84.50993445679651, 41.090099917554355], [-84.3953863748754, 41.05976858835266], [-84.30323746500112, 41.11459548504865], [-84.32559103153267, 41.19994400763362], [-84.44045221015978, 41.23038494914996]]]}}, {"type": "Feature", "properties": {"color": "#aa7028"}, "geometry": {"type": "Polygon", "coordinates": [[[-84.6476297172339, 40.810188668847104], [-84.73872333251317, 40.75533944059063], [-84.7158500431148, 40.67056599552581], [-84.60223321419348, 40.6405598109858], [-84.51118109957919, 40.69521956081728], [-84.53370380575913, 40.78007471417164], [-84.6476297172339, 40.810188668847104]]]}}, {"type": "Feature", "properties": {"color": "#aa7028"}, "geometry": {"type": "Polygon", "coordinates": [[[-83.33866031077466, 41.0920338717013], [-83.43203165842165, 41.03795459564464], [-83.4113531353227, 40.95254744547315], [-83.29766513290063, 40.92114604001845], [-83.20435358729578, 40.975035964760835], [-83.22466977466898, 41.06051636920545], [-83.33866031077466, 41.0920338717013]]]}}, {"type": "Feature", "properties": {"color": "#aa7028"}, "geometry": {"type": "Polygon", "coordinates": [[[-83.57366507375637, 39.890047212927776], [-83.66438265535928, 39.836702227050445], [-83.64381921550704, 39.75263818750503], [-83.53288082130909, 39.72184566290236], [-83.44221702482646, 39.77500454777299], [-83.46243739608211, 39.85914179364636], [-83.57366507375637, 39.890047212927776]]]}}, {"type": "Feature", "properties": {"color": "#aa7028"}, "geometry": {"type": "Polygon", "coordinates": [[[-81.82598763498775, 40.98370184119001], [-81.92105482172828, 40.93087885603511], [-81.90313933645395, 40.84524771161211], [-81.7905244723271, 40.81237666274381], [-81.69553717829271, 40.86501231925927], [-81.7130844514835, 40.95070606148531], [-81.82598763498775, 40.98370184119001]]]}}, {"type": "Feature", "properties": {"color": "#68aa63"}, "geometry": {"type": "Polygon", "coordinates": [[[-82.57722704703606, 39.60838024817913], [-82.66864931978579, 39.55599127365454], [-82.6499402366787, 39.47200863409614], [-82.54015243796701, 39.44034855389549], [-82.44879600150038, 39.49255321012928], [-82.46716112941583, 39.57660199211967], [-82.57722704703606, 39.60838024817913]]]}}, {"type": "Feature", "properties": {"color": "#dbd83d"}, "geometry": {"type": "Polygon", "coordinates": [[[-82.5424181497707, 40.389994846752515], [-82.63540847431182, 40.33704474017332], [-82.61644691932726, 40.25219826912878], [-82.50485030926033, 40.220234742260935], [-82.4119284949172, 40.27299830799916], [-82.43053436350291, 40.3579116618557], [-82.5424181497707, 40.389994846752515]]]}}, {"type": "Feature", "properties": {"color": "#aa7028"}, "geometry": {"type": "Polygon", "coordinates": [[[-84.6478051969585, 40.02528234922036], [-84.73739063844366, 39.97104938337123], [-84.71489766877681, 39.88711419559716], [-84.60315785033133, 39.85733121578089], [-84.51361254047558, 39.91137697433191], [-84.53576643472795, 39.99539266665348], [-84.6478051969585, 40.02528234922036]]]}}, {"type": "Feature", "properties": {"color": "#dbd83d"}, "geometry": {"type": "Polygon", "coordinates": [[[-80.9429664835859, 40.80263101854848], [-81.0387384580327, 40.750638505606844], [-81.02248176481831, 40.665029768367134], [-80.91082194114531, 40.63135708182128], [-80.81514095768316, 40.68316408784575], [-80.83102844344677, 40.76882898913811], [-80.9429664835859, 40.80263101854848]]]}}, {"type": "Feature", "properties": {"color": "#aa7028"}, "geometry": {"type": "Polygon", "coordinates": [[[-83.97171014075161, 40.23517289439049], [-84.06258027982122, 40.18126697804957], [-84.04116721187347, 40.09692681097698], [-83.92922949679827, 40.06641594472231], [-83.83840871995523, 40.12013445167366], [-83.85947583051542, 40.20455097137383], [-83.97171014075161, 40.23517289439049]]]}}, {"type": "Feature", "properties": {"color": "#aa7028"}, "geometry": {"type": "Polygon", "coordinates": [[[-84.85600902669067, 41.57758120937454], [-84.94832816493428, 41.52198966443041], [-84.92470048206435, 41.4364819902007], [-84.80911411181583, 41.406481329546494], [-84.71683496891588, 41.46188111864816], [-84.74010166003093, 41.547473061268796], [-84.85600902669067, 41.57758120937454]]]}}, {"type": "Feature", "properties": {"color": "#68aa63"}, "geometry": {"type": "Polygon", "coordinates": [[[-81.16023360361146, 39.74454807412868], [-81.2536271093838, 39.693136597203335], [-81.2373509714923, 39.608719352349965], [-81.12803314102199, 39.575656688235384], [-81.0347238849883, 39.626885312208174], [-81.0506478614508, 39.71135916626715], [-81.16023360361146, 39.74454807412868]]]}}, {"type": "Feature", "properties": {"color": "#68aa63"}, "geometry": {"type": "Polygon", "coordinates": [[[-82.1528213092108, 40.03904162566477], [-82.24560203333816, 39.98664968066347], [-82.22746827552267, 39.90210123722383], [-82.11690566277402, 39.86988067626215], [-82.024197470907, 39.922087550422575], [-82.04197896645096, 40.00669977591412], [-82.1528213092108, 40.03904162566477]]]}}, {"type": "Feature", "properties": {"color": "#68aa63"}, "geometry": {"type": "Polygon", "coordinates": [[[-81.12091612015804, 41.1800012649281], [-81.21724676201623, 41.12760462420332], [-81.20053412987326, 41.04162976132058], [-81.08786492006702, 41.00799343146739], [-80.99162435379772, 41.060203232994006], [-81.00796254188148, 41.14623590349701], [-81.12091612015804, 41.1800012649281]]]}}, {"type": "Feature", "properties": {"color": "#aa7028"}, "geometry": {"type": "Polygon", "coordinates": [[[-83.96008072632159, 41.02262885143641], [-84.05250266081094, 40.968129240011045], [-84.03074612160886, 40.88295016576108], [-83.91692497595231, 40.85219303212363], [-83.82455424862195, 40.90650298255241], [-83.84595297079672, 40.99175945822241], [-83.96008072632159, 41.02262885143641]]]}}, {"type": "Feature", "properties": {"color": "#68aa63"}, "geometry": {"type": "Polygon", "coordinates": [[[-81.10152716318176, 40.52762227732682], [-81.19655185111826, 40.475695774545215], [-81.18010653320823, 40.390410528238384], [-81.06900043239402, 40.3569944809285], [-80.97406360389583, 40.40873599464005], [-80.99014465318281, 40.494078250376965], [-81.10152716318176, 40.52762227732682]]]}}, {"type": "Feature", "properties": {"color": "#70a3ba"}, "geometry": {"type": "Polygon", "coordinates": [[[-83.17931414766839, 41.770158043146324], [-83.27426148719726, 41.71570892285755], [-83.25356790993247, 41.629566001675315], [-83.13830040931255, 41.59779888201795], [-83.04341686463307, 41.65205690103364], [-83.06373654398853, 41.73827285629245], [-83.17931414766839, 41.770158043146324]]]}}, {"type": "Feature", "properties": {"color": "#aa7028"}, "geometry": {"type": "Polygon", "coordinates": [[[-82.69003698185635, 40.11461291777693], [-82.78230242378119, 40.06175591996143], [-82.76319198496282, 39.97724059340409], [-82.65216653396719, 39.9455144405609], [-82.55996688938356, 39.99818552553434], [-82.5787264832153, 40.082768400412256], [-82.69003698185635, 40.11461291777693]]]}}, {"type": "Feature", "properties": {"color": "#68aa63"}, "geometry": {"type": "Polygon", "coordinates": [[[-82.6499402366787, 39.47200863409614], [-82.7410108157068, 39.419669768691584], [-82.7222294537798, 39.33585509196077], [-82.6127187569271, 39.30431255113061], [-82.52171271738929, 39.35646741855968], [-82.54015243796701, 39.44034855389549], [-82.6499402366787, 39.47200863409614]]]}}, {"type": "Feature", "properties": {"color": "#68aa63"}, "geometry": {"type": "Polygon", "coordinates": [[[-82.37381039296204, 41.061396702545835], [-82.46835204477864, 41.008087145227], [-82.44941894490655, 40.922489790583626], [-82.33631059407273, 40.89013517742552], [-82.24184171828983, 40.9432564868805], [-82.26040798887435, 41.028920370280574], [-82.37381039296204, 41.061396702545835]]]}}, {"type": "Feature", "properties": {"color": "#aa7028"}, "geometry": {"type": "Polygon", "coordinates": [[[-84.11021017830981, 39.95890470155348], [-84.20037078553, 39.905113202504495], [-84.17884253367458, 39.82110823824533], [-84.06749438086082, 39.79081764565195], [-83.9773807645445, 39.84442244502961], [-83.99856784795004, 39.92850427753901], [-84.11021017830981, 39.95890470155348]]]}}, {"type": "Feature", "properties": {"color": "#68aa63"}, "geometry": {"type": "Polygon", "coordinates": [[[-83.32237723951002, 39.27203111428926], [-83.4122340820864, 39.21935332261235], [-83.39237124201264, 39.13591526459617], [-83.28298665727078, 39.105084060587906], [-83.19318537194364, 39.157577785128346], [-83.21271269831385, 39.241086518400174], [-83.32237723951002, 39.27203111428926]]]}}, {"type": "Feature", "properties": {"color": "#68aa63"}, "geometry": {"type": "Polygon", "coordinates": [[[-81.25822369112595, 40.253396477076635], [-81.35251057771029, 40.20154126454327], [-81.33588241527386, 40.11658205309481], [-81.22532641333609, 40.08341993840992], [-81.13112434164243, 40.13509069609798], [-81.14739309346349, 40.22010773275585], [-81.25822369112595, 40.253396477076635]]]}}, {"type": "Feature", "properties": {"color": "#aa7028"}, "geometry": {"type": "Polygon", "coordinates": [[[-83.4113531353227, 40.95254744547315], [-83.50435275917634, 40.89851604544637], [-83.48360638135108, 40.81327253657422], [-83.37021970614317, 40.781986585888845], [-83.27727854758282, 40.83582896438863], [-83.29766513290063, 40.92114604001845], [-83.4113531353227, 40.95254744547315]]]}}, {"type": "Feature", "properties": {"color": "#68aa63"}, "geometry": {"type": "Polygon", "coordinates": [[[-81.91882337685571, 39.416298912989106], [-82.01067415309915, 39.36455010552647], [-81.9931864460071, 39.280644782174704], [-81.88419175353854, 39.24842654070316], [-81.79241456647115, 39.29999238077247], [-81.8095581133661, 39.383959152254235], [-81.91882337685571, 39.416298912989106]]]}}, {"type": "Feature", "properties": {"color": "#aa7028"}, "geometry": {"type": "Polygon", "coordinates": [[[-80.5731983298265, 41.09623906288359], [-80.67001348648635, 41.044343952004425], [-80.65432558643684, 40.95835907323568], [-80.54219752663327, 40.92421519645427], [-80.44547944929033, 40.975924607284554], [-80.4607919977887, 41.06196329094438], [-80.5731983298265, 41.09623906288359]]]}}, {"type": "Feature", "properties": {"color": "#aa7028"}, "geometry": {"type": "Polygon", "coordinates": [[[-84.50993445679651, 41.090099917554355], [-84.60175915162989, 41.03513733787398], [-84.57899240050544, 40.95003389583593], [-84.46475607284381, 40.919811560922675], [-84.37297525363925, 40.97458393711952], [-84.3953863748754, 41.05976858835266], [-84.50993445679651, 41.090099917554355]]]}}, {"type": "Feature", "properties": {"color": "#68aa63"}, "geometry": {"type": "Polygon", "coordinates": [[[-82.04583473123306, 39.53263294836581], [-82.13775785499838, 39.48070067178475], [-82.1200051094356, 39.396690613457466], [-82.01067415309915, 39.36455010552647], [-81.91882337685571, 39.416298912989106], [-81.93623083268238, 39.500371420261736], [-82.04583473123306, 39.53263294836581]]]}}, {"type": "Feature", "properties": {"color": "#68aa63"}, "geometry": {"type": "Polygon", "coordinates": [[[-80.87917261991538, 41.596245752225045], [-80.97665949755489, 41.543762908910566], [-80.96023940351274, 41.45731135509786], [-80.84671425397772, 41.423285857924995], [-80.74932237900576, 41.475581109564274], [-80.76536027128446, 41.562089143991344], [-80.87917261991538, 41.596245752225045]]]}}, {"type": "Feature", "properties": {"color": "#aa7028"}, "geometry": {"type": "Polygon", "coordinates": [[[-83.68966962678556, 40.790362628450445], [-83.78198757288936, 40.73624190846428], [-83.76081880292945, 40.651237883264855], [-83.64768741289647, 40.62027906547766], [-83.55542379634996, 40.674210991177766], [-83.57623676856325, 40.75929025835001], [-83.68966962678556, 40.790362628450445]]]}}, {"type": "Feature", "properties": {"color": "#68aa63"}, "geometry": {"type": "Polygon", "coordinates": [[[-81.67028663682615, 41.26120166176824], [-81.7661117238779, 41.20830728630539], [-81.74837137548474, 41.12235382368507], [-81.63517885222046, 41.08923263834745], [-81.5394367226387, 41.141939127406495], [-81.55680375389127, 41.22795439244012], [-81.67028663682615, 41.26120166176824]]]}}, {"type": "Feature", "properties": {"color": "#d89382"}, "geometry": {"type": "Polygon", "coordinates": [[[-82.89366934357521, 40.09339399567139], [-82.98563896872724, 40.040399310885086], [-82.9661790017406, 39.955952889903855], [-82.85509851552284, 39.92443197462173], [-82.76319198496282, 39.97724059340409], [-82.78230242378119, 40.06175591996143], [-82.89366934357521, 40.09339399567139]]]}}, {"type": "Feature", "properties": {"color": "#aa7028"}, "geometry": {"type": "Polygon", "coordinates": [[[-82.63969035885908, 41.29767862237188], [-82.73437324416571, 41.243991109958806], [-82.71486292556055, 41.15820637110349], [-82.60103849349385, 41.12604018676799], [-82.50642549650868, 41.179538480023226], [-82.52556659751208, 41.26539189037274], [-82.63969035885908, 41.29767862237188]]]}}, {"type": "Feature", "properties": {"color": "#dbd83d"}, "geometry": {"type": "Polygon", "coordinates": [[[-83.85834806437988, 38.955621640424944], [-83.94693902403573, 38.90281089373208], [-83.92629314889152, 38.81985920897495], [-83.81738424795941, 38.78964428173754], [-83.72884145683234, 38.84227147678143], [-83.74915897259865, 38.92529689648807], [-83.85834806437988, 38.955621640424944]]]}}, {"type": "Feature", "properties": {"color": "#68aa63"}, "geometry": {"type": "Polygon", "coordinates": [[[-84.31204857046973, 39.93530767151945], [-84.40190226270973, 39.88138832539969], [-84.38003430914294, 39.797461525106385], [-84.26865189656422, 39.76737565035002], [-84.17884253367458, 39.82110823824533], [-84.20037078553, 39.905113202504495], [-84.31204857046973, 39.93530767151945]]]}}, {"type": "Feature", "properties": {"color": "#68aa63"}, "geometry": {"type": "Polygon", "coordinates": [[[-82.8091764074538, 38.81432050121307], [-82.89880301993625, 38.76237622077587], [-82.88000854456746, 38.679341015523114], [-82.77191865866041, 38.64818316467816], [-82.68235286471038, 38.69994523170503], [-82.70081575154161, 38.783047098939555], [-82.8091764074538, 38.81432050121307]]]}}, {"type": "Feature", "properties": {"color": "#68aa63"}, "geometry": {"type": "Polygon", "coordinates": [[[-80.92831328841208, 41.85632958697076], [-81.02628600616255, 41.80363244744955], [-81.00968246192417, 41.716923744867515], [-80.89549209334312, 41.68285478745125], [-80.79761476631501, 41.735363545386136], [-80.81383202894408, 41.82212933424269], [-80.92831328841208, 41.85632958697076]]]}}, {"type": "Feature", "properties": {"color": "#aa7028"}, "geometry": {"type": "Polygon", "coordinates": [[[-83.81022349111358, 41.700688456350086], [-83.90419797412648, 41.64579937512007], [-83.88239197400395, 41.55988415041255], [-83.76698022368981, 41.52878040853223], [-83.67306055235906, 41.5834780316657], [-83.69449731480498, 41.66947057794396], [-83.81022349111358, 41.700688456350086]]]}}, {"type": "Feature", "properties": {"color": "#ddc9c9"}, "geometry": {"type": "Polygon", "coordinates": [[[-81.35318304044763, 41.81851067479899], [-81.45055411314627, 41.76548990334122], [-81.43318172420632, 41.678899930037865], [-81.31882164973817, 41.64527030279075], [-81.2215399385483, 41.69810211942863], [-81.23852853438036, 41.784752214265254], [-81.35318304044763, 41.81851067479899]]]}}, {"type": "Feature", "properties": {"color": "#68aa63"}, "geometry": {"type": "Polygon", "coordinates": [[[-81.46341886732581, 40.234623902653794], [-81.55742245485578, 40.182621573026786], [-81.54043603353163, 40.09772159855841], [-81.42980391237218, 40.06476442816434], [-81.33588241527386, 40.11658205309481], [-81.35251057771029, 40.20154126454327], [-81.46341886732581, 40.234623902653794]]]}}, {"type": "Feature", "properties": {"color": "#aa7028"}, "geometry": {"type": "Polygon", "coordinates": [[[-84.30019990221268, 41.511604772290156], [-84.39314016446482, 41.45648122395423], [-84.37054194432979, 41.370887179738865], [-84.25536632224457, 41.34033600387873], [-84.16247364351305, 41.39526828119499], [-84.184708485683, 41.48094273602659], [-84.30019990221268, 41.511604772290156]]]}}, {"type": "Feature", "properties": {"color": "#68aa63"}, "geometry": {"type": "Polygon", "coordinates": [[[-82.52457353312263, 40.783786669786224], [-82.6183681897991, 40.73056077763379], [-82.59927797756062, 40.64528925415443], [-82.48675445981414, 40.613176096507594], [-82.39302970991213, 40.66621434694846], [-82.4117581441488, 40.75155311361644], [-82.52457353312263, 40.783786669786224]]]}}, {"type": "Feature", "properties": {"color": "#dbd83d"}, "geometry": {"type": "Polygon", "coordinates": [[[-84.78058226412858, 39.361195119319746], [-84.86874599515923, 39.30740331311756], [-84.84634130356727, 39.224234264362046], [-84.73610134849058, 39.19477645407477], [-84.64797495459322, 39.2483829496534], [-84.67005071149671, 39.331632319370414], [-84.78058226412858, 39.361195119319746]]]}}, {"type": "Feature", "properties": {"color": "#aa7028"}, "geometry": {"type": "Polygon", "coordinates": [[[-83.96594426802297, 40.627915670890715], [-84.05758373717099, 40.573711436565794], [-84.03600029592005, 40.48894940911865], [-83.92312872076842, 40.458314470764385], [-83.83153952371634, 40.51233016679244], [-83.85277115269457, 40.59716907336363], [-83.96594426802297, 40.627915670890715]]]}}, {"type": "Feature", "properties": {"color": "#68aa63"}, "geometry": {"type": "Polygon", "coordinates": [[[-82.41241945229075, 38.85508160407009], [-82.5026035281451, 38.803395036500184], [-82.48447343544395, 38.720227792557154], [-82.37649287228601, 38.688682764154315], [-82.28637460501989, 38.74018742389722], [-82.30417071845994, 38.82341875163956], [-82.41241945229075, 38.85508160407009]]]}}, {"type": "Feature", "properties": {"color": "#dbd83d"}, "geometry": {"type": "Polygon", "coordinates": [[[-81.09055993920884, 41.57770127109945], [-81.18775093737602, 41.52505787679473], [-81.17094984425788, 41.43866431003318], [-81.05733836368965, 41.40485584650718], [-80.96023940351274, 41.45731135509786], [-80.97665949755489, 41.543762908910566], [-81.09055993920884, 41.57770127109945]]]}}, {"type": "Feature", "properties": {"color": "#aa7028"}, "geometry": {"type": "Polygon", "coordinates": [[[-83.95411701293169, 41.41928954386239], [-84.04733488725314, 41.36449763919408], [-84.02540245979144, 41.27890653855905], [-83.91061563345471, 41.24802915037482], [-83.81744992748149, 41.302630277283605], [-83.83901837813379, 41.388299297382545], [-83.95411701293169, 41.41928954386239]]]}}, {"type": "Feature", "properties": {"color": "#dbd83d"}, "geometry": {"type": "Polygon", "coordinates": [[[-81.84978104454059, 40.588876809752556], [-81.94402326220688, 40.53631726859974], [-81.92621638415807, 40.45111068100524], [-81.81452886203964, 40.41840102445092], [-81.72036489022749, 40.470774316340055], [-81.73780979959265, 40.55604322595368], [-81.84978104454059, 40.588876809752556]]]}}, {"type": "Feature", "properties": {"color": "#aa7028"}, "geometry": {"type": "Polygon", "coordinates": [[[-83.16892327137472, 39.93432380888241], [-83.26023856839817, 39.88124423688269], [-83.24036264486736, 39.79703510575342], [-83.12951680173131, 39.765834721765195], [-83.03826062212957, 39.81872841938564], [-83.0577907402042, 39.90300810605014], [-83.16892327137472, 39.93432380888241]]]}}, {"type": "Feature", "properties": {"color": "#aa7028"}, "geometry": {"type": "Polygon", "coordinates": [[[-83.67306055235906, 41.5834780316657], [-83.76698022368981, 41.52878040853223], [-83.7454769748687, 41.442949307413336], [-83.63042172722056, 41.411739336138005], [-83.53655849506963, 41.466245937792], [-83.55769357572198, 41.552153254763056], [-83.67306055235906, 41.5834780316657]]]}}, {"type": "Feature", "properties": {"color": "#aa7028"}, "geometry": {"type": "Polygon", "coordinates": [[[-83.15648842466496, 40.32572005140745], [-83.24858001575298, 40.272351837304285], [-83.22855942664931, 40.18771425335127], [-83.11679845902526, 40.15637361717212], [-83.02476713900344, 40.20955483537676], [-83.04443607719223, 40.29426341300199], [-83.15648842466496, 40.32572005140745]]]}}, {"type": "Feature", "properties": {"color": "#ddc9c9"}, "geometry": {"type": "Polygon", "coordinates": [[[-81.07142971339255, 40.922120606633044], [-81.16729143553005, 40.86994204827462], [-81.1507607152904, 40.78422974476867], [-81.0387384580327, 40.750638505606844], [-80.9429664835859, 40.80263101854848], [-80.95912664710866, 40.888400517905886], [-81.07142971339255, 40.922120606633044]]]}}, {"type": "Feature", "properties": {"color": "#dbd83d"}, "geometry": {"type": "Polygon", "coordinates": [[[-81.89618927238463, 39.805153657338444], [-81.9888236385909, 39.75313135513914], [-81.97123063894578, 39.668787883495], [-81.86135284327548, 39.63640468608177], [-81.76879357295468, 39.68824291946582], [-81.78603662475504, 39.772648138153414], [-81.89618927238463, 39.805153657338444]]]}}, {"type": "Feature", "properties": {"color": "#68aa63"}, "geometry": {"type": "Polygon", "coordinates": [[[-81.95708197861217, 41.10240075862925], [-82.05222769674104, 41.049389936612556], [-82.03402958905221, 40.96366095790914], [-81.92105482172828, 40.93087885603511], [-81.82598763498775, 40.98370184119001], [-81.84381627153648, 41.069494473494885], [-81.95708197861217, 41.10240075862925]]]}}, {"type": "Feature", "properties": {"color": "#aa7028"}, "geometry": {"type": "Polygon", "coordinates": [[[-83.45216826958178, 39.38649670747425], [-83.54207929889768, 39.33363439712897], [-83.52194417846484, 39.25009868225519], [-83.4122340820864, 39.21935332261235], [-83.32237723951002, 39.27203111428926], [-83.34217588326273, 39.35563852234019], [-83.45216826958178, 39.38649670747425]]]}}, {"type": "Feature", "properties": {"color": "#dbd83d"}, "geometry": {"type": "Polygon", "coordinates": [[[-83.59992302751735, 38.72893381135335], [-83.68841627846935, 38.67648973114611], [-83.66830790460494, 38.5937338693116], [-83.56003243576187, 38.56335010827026], [-83.47159007503247, 38.61561151542736], [-83.4913718819055, 38.69843910139973], [-83.59992302751735, 38.72893381135335]]]}}, {"type": "Feature", "properties": {"color": "#aa7028"}, "geometry": {"type": "Polygon", "coordinates": [[[-84.58030944522903, 40.16367968677784], [-84.67024719200688, 40.10938559396003], [-84.6478051969585, 40.02528234922036], [-84.53576643472795, 39.99539266665348], [-84.4458699398569, 40.04949918299012], [-84.4679704706624, 40.13368270316131], [-84.58030944522903, 40.16367968677784]]]}}, {"type": "Feature", "properties": {"color": "#68aa63"}, "geometry": {"type": "Polygon", "coordinates": [[[-82.55611433456221, 38.585596611917715], [-82.6456180486459, 38.534016283482885], [-82.62734546969968, 38.45118964540547], [-82.51989838968557, 38.419878380123734], [-82.43045799568443, 38.47127744913768], [-82.44840098911516, 38.55416877814681], [-82.55611433456221, 38.585596611917715]]]}}, {"type": "Feature", "properties": {"color": "#aa7028"}, "geometry": {"type": "Polygon", "coordinates": [[[-84.84788642119297, 39.61147188425528], [-84.93642898706912, 39.55742889609377], [-84.91378943568267, 39.474000885883406], [-84.8029388796767, 39.44453446184695], [-84.71443318825096, 39.498391365624336], [-84.73674070156687, 39.581900529996055], [-84.84788642119297, 39.61147188425528]]]}}, {"type": "Feature", "properties": {"color": "#aa7028"}, "geometry": {"type": "Polygon", "coordinates": [[[-84.51479835288433, 39.522457866333184], [-84.60360880867445, 39.46872299063058], [-84.58158341651209, 39.38530353547831], [-84.47107979877278, 39.35553984733694], [-84.38231032136524, 39.40908906560963], [-84.40400302015644, 39.492587378351466], [-84.51479835288433, 39.522457866333184]]]}}, {"type": "Feature", "properties": {"color": "#aa7028"}, "geometry": {"type": "Polygon", "coordinates": [[[-83.7828883738497, 39.47849293089574], [-83.8725558247785, 39.42531809009573], [-83.85181025967655, 39.34175997519163], [-83.74173287121526, 39.31130243557091], [-83.65211562131886, 39.36429222119318], [-83.67252512165416, 39.4479243425445], [-83.7828883738497, 39.47849293089574]]]}}, {"type": "Feature", "properties": {"color": "#68aa63"}, "geometry": {"type": "Polygon", "coordinates": [[[-81.74478029600354, 40.07851054514274], [-81.8381350459052, 40.026403111290705], [-81.82070703550443, 39.94172848241443], [-81.71027858126187, 39.90909998565812], [-81.6170017548995, 39.96102276571826], [-81.63407508080404, 40.045758411668615], [-81.74478029600354, 40.07851054514274]]]}}, {"type": "Feature", "properties": {"color": "#aa7028"}, "geometry": {"type": "Polygon", "coordinates": [[[-83.53655849506963, 41.466245937792], [-83.63042172722056, 41.411739336138005], [-83.60921882127492, 41.325993793412614], [-83.494519285414, 41.294679458212855], [-83.40071409269895, 41.3489954806956], [-83.42154990982633, 41.43481613953758], [-83.53655849506963, 41.466245937792]]]}}, {"type": "Feature", "properties": {"color": "#68aa63"}, "geometry": {"type": "Polygon", "coordinates": [[[-82.68235286471038, 38.69994523170503], [-82.77191865866041, 38.64818316467816], [-82.75338614528422, 38.565251659492716], [-82.6456180486459, 38.534016283482885], [-82.55611433456221, 38.585596611917715], [-82.57431625774586, 38.66859379056406], [-82.68235286471038, 38.69994523170503]]]}}, {"type": "Feature", "properties": {"color": "#68aa63"}, "geometry": {"type": "Polygon", "coordinates": [[[-81.72036489022749, 40.470774316340055], [-81.81452886203964, 40.41840102445092], [-81.79699774986243, 40.33329537624479], [-81.68566301660148, 40.30050144469816], [-81.59157859621733, 40.35268899801105], [-81.60874897064873, 40.43785593316728], [-81.72036489022749, 40.470774316340055]]]}}, {"type": "Feature", "properties": {"color": "#aa7028"}, "geometry": {"type": "Polygon", "coordinates": [[[-84.71536988871078, 40.277846074779426], [-84.8053473124226, 40.22336400505619], [-84.78261504524785, 40.13917456145657], [-84.67024719200688, 40.10938559396003], [-84.58030944522903, 40.16367968677784], [-84.60269938189785, 40.24795046953141], [-84.71536988871078, 40.277846074779426]]]}}, {"type": "Feature", "properties": {"color": "#68aa63"}, "geometry": {"type": "Polygon", "coordinates": [[[-83.72884145683234, 38.84227147678143], [-83.81738424795941, 38.78964428173754], [-83.79700813432767, 38.706789899684594], [-83.68841627846935, 38.67648973114611], [-83.59992302751735, 38.72893381135335], [-83.61997167402481, 38.81186092017216], [-83.72884145683234, 38.84227147678143]]]}}, {"type": "Feature", "properties": {"color": "#aa7028"}, "geometry": {"type": "Polygon", "coordinates": [[[-81.6177209693675, 41.0033778022279], [-81.7130844514835, 40.95070606148531], [-81.69553717829271, 40.86501231925927], [-81.58299549459814, 40.83192887268377], [-81.48771476532069, 40.88441351976391], [-81.50489257072323, 40.97016841313769], [-81.6177209693675, 41.0033778022279]]]}}, {"type": "Feature", "properties": {"color": "#aa7028"}, "geometry": {"type": "Polygon", "coordinates": [[[-84.1582052534884, 41.793678563738425], [-84.25190212418336, 41.73845391815527], [-84.22942228536876, 41.65253586351188], [-84.11361371924858, 41.62176233672698], [-84.01996700474093, 41.67679501331324], [-84.04207817854983, 41.76279291222803], [-84.1582052534884, 41.793678563738425]]]}}, {"type": "Feature", "properties": {"color": "#aa7028"}, "geometry": {"type": "Polygon", "coordinates": [[[-82.73124409903812, 40.76258179578223], [-82.82473602308508, 40.70921184349955], [-82.80528538646531, 40.62400896618856], [-82.69270281585628, 40.59210711417667], [-82.59927797756062, 40.64528925415443], [-82.6183681897991, 40.73056077763379], [-82.73124409903812, 40.76258179578223]]]}}, {"type": "Feature", "properties": {"color": "#aa0000"}, "geometry": {"type": "Polygon", "coordinates": [[[-81.5394367226387, 41.141939127406495], [-81.63517885222046, 41.08923263834745], [-81.6177209693675, 41.0033778022279], [-81.50489257072323, 40.97016841313769], [-81.40923474026573, 41.02268753481371], [-81.42632061287578, 41.1086031170425], [-81.5394367226387, 41.141939127406495]]]}}, {"type": "Feature", "properties": {"color": "#aa7028"}, "geometry": {"type": "Polygon", "coordinates": [[[-84.17079547405685, 40.60424592728113], [-84.26212047998608, 40.54990773594833], [-84.24018674033951, 40.465223927625104], [-84.12727780940155, 40.43479982798167], [-84.03600029592005, 40.48894940911865], [-84.05758373717099, 40.573711436565794], [-84.17079547405685, 40.60424592728113]]]}}, {"type": "Feature", "properties": {"color": "#68aa63"}, "geometry": {"type": "Polygon", "coordinates": [[[-82.37545204422294, 39.62885526510771], [-82.46716112941583, 39.57660199211967], [-82.44879600150038, 39.49255321012928], [-82.33906659260539, 39.460692623048196], [-82.247425965499, 39.51276174689166], [-82.26544589800636, 39.5968753320741], [-82.37545204422294, 39.62885526510771]]]}}, {"type": "Feature", "properties": {"color": "#68aa63"}, "geometry": {"type": "Polygon", "coordinates": [[[-81.20053412987326, 41.04162976132058], [-81.29648433164674, 40.989264622936], [-81.27967722382321, 40.90345003282922], [-81.16729143553005, 40.86994204827462], [-81.07142971339255, 40.922120606633044], [-81.08786492006702, 41.00799343146739], [-81.20053412987326, 41.04162976132058]]]}}, {"type": "Feature", "properties": {"color": "#aa7028"}, "geometry": {"type": "Polygon", "coordinates": [[[-83.28883625672681, 40.44188655894113], [-83.38098667072282, 40.38833089150217], [-83.3606824233091, 40.30359969017823], [-83.24858001575298, 40.272351837304285], [-83.15648842466496, 40.32572005140745], [-83.17643997168256, 40.41052329953315], [-83.28883625672681, 40.44188655894113]]]}}, {"type": "Feature", "properties": {"color": "#aa7028"}, "geometry": {"type": "Polygon", "coordinates": [[[-82.48616692687281, 40.135486337219554], [-82.5787264832153, 40.082768400412256], [-82.55996688938356, 39.99818552553434], [-82.44899947019293, 39.966254126624804], [-82.35650841826299, 40.01878631746125], [-82.37491587297762, 40.10343537516579], [-82.48616692687281, 40.135486337219554]]]}}, {"type": "Feature", "properties": {"color": "#dbd83d"}, "geometry": {"type": "Polygon", "coordinates": [[[-81.27967722382321, 40.90345003282922], [-81.37524943898096, 40.851117755286054], [-81.3583493393034, 40.76546410609522], [-81.24624602412824, 40.73208378398533], [-81.1507607152904, 40.78422974476867], [-81.16729143553005, 40.86994204827462], [-81.27967722382321, 40.90345003282922]]]}}, {"type": "Feature", "properties": {"color": "#aa7028"}, "geometry": {"type": "Polygon", "coordinates": [[[-83.31138094467961, 39.6599665676443], [-83.40198952921173, 39.60699333715702], [-83.38198166636963, 39.523119881180264], [-83.27170589367334, 39.49214825250288], [-83.1811539246125, 39.544936280297456], [-83.20082068705435, 39.62888087385877], [-83.31138094467961, 39.6599665676443]]]}}, {"type": "Feature", "properties": {"color": "#dbd83d"}, "geometry": {"type": "Polygon", "coordinates": [[[-81.69553717829271, 40.86501231925927], [-81.7905244723271, 40.81237666274381], [-81.7728892497717, 40.72684466767308], [-81.66063328416043, 40.69388648836225], [-81.56572721887667, 40.74633532883857], [-81.58299549459814, 40.83192887268377], [-81.69553717829271, 40.86501231925927]]]}}, {"type": "Feature", "properties": {"color": "#aa7028"}, "geometry": {"type": "Polygon", "coordinates": [[[-83.90810182283147, 39.9821665016563], [-83.99856784795004, 39.92850427753901], [-83.9773807645445, 39.84442244502961], [-83.8660698149818, 39.813927011674494], [-83.77565344935073, 39.86740260802368], [-83.79649791800706, 39.9515600038801], [-83.90810182283147, 39.9821665016563]]]}}, {"type": "Feature", "properties": {"color": "#aa7028"}, "geometry": {"type": "Polygon", "coordinates": [[[-83.73760767021788, 41.84170053324833], [-83.83196436792173, 41.78676478848304], [-83.81022349111358, 41.700688456350086], [-83.69449731480498, 41.66947057794396], [-83.60019678206457, 41.72421452886994], [-83.6215657541044, 41.81036787314453], [-83.73760767021788, 41.84170053324833]]]}}, {"type": "Feature", "properties": {"color": "#aa7028"}, "geometry": {"type": "Polygon", "coordinates": [[[-84.51118109957919, 40.69521956081728], [-84.60223321419348, 40.6405598109858], [-84.5796564424337, 40.55587026218113], [-84.46637673553556, 40.525759576788715], [-84.37536774410958, 40.58023025031617], [-84.3975948375202, 40.66500042534539], [-84.51118109957919, 40.69521956081728]]]}}, {"type": "Feature", "properties": {"color": "#aa7028"}, "geometry": {"type": "Polygon", "coordinates": [[[-84.09625212485085, 41.13873700990645], [-84.18872366641551, 41.08404731264821], [-84.16666977726497, 40.998782806966155], [-84.05250266081094, 40.968129240011045], [-83.96008072632159, 41.02262885143641], [-83.98177580343065, 41.10797184690754], [-84.09625212485085, 41.13873700990645]]]}}, {"type": "Feature", "properties": {"color": "#68aa63"}, "geometry": {"type": "Polygon", "coordinates": [[[-83.72126261691842, 39.22783970168516], [-83.81053554431827, 39.174908510377065], [-83.7900056534671, 39.091615652228995], [-83.68053526290383, 39.06118048891023], [-83.59131278208497, 39.11392741599776], [-83.61150981699843, 39.19729351282291], [-83.72126261691842, 39.22783970168516]]]}}, {"type": "Feature", "properties": {"color": "#68aa63"}, "geometry": {"type": "Polygon", "coordinates": [[[-82.66627834260537, 39.084951399582614], [-82.75659027192226, 39.03289956802564], [-82.73793412363283, 38.94952449536943], [-82.62930170551701, 38.918134917603865], [-82.53905306845915, 38.970003877225054], [-82.5573731690166, 39.05344501893523], [-82.66627834260537, 39.084951399582614]]]}}, {"type": "Feature", "properties": {"color": "#68aa63"}, "geometry": {"type": "Polygon", "coordinates": [[[-82.53905306845915, 38.970003877225054], [-82.62930170551701, 38.918134917603865], [-82.61090961754894, 38.834863167898085], [-82.5026035281451, 38.803395036500184], [-82.41241945229075, 38.85508160407009], [-82.43047652362759, 38.93841842715488], [-82.53905306845915, 38.970003877225054]]]}}, {"type": "Feature", "properties": {"color": "#aa7028"}, "geometry": {"type": "Polygon", "coordinates": [[[-82.84855709702914, 41.27606031847645], [-82.94292934744223, 41.22222521892754], [-82.92305122509883, 41.13651058161127], [-82.8091682025512, 41.10456065830913], [-82.71486292556055, 41.15820637110349], [-82.73437324416571, 41.243991109958806], [-82.84855709702914, 41.27606031847645]]]}}, {"type": "Feature", "properties": {"color": "#68aa63"}, "geometry": {"type": "Polygon", "coordinates": [[[-82.30167732201129, 39.76537185793197], [-82.39374132585091, 39.71307115480016], [-82.37545204422294, 39.62885526510771], [-82.26544589800636, 39.5968753320741], [-82.17345169080798, 39.6489915753088], [-82.1913934413292, 39.733271934738355], [-82.30167732201129, 39.76537185793197]]]}}, {"type": "Feature", "properties": {"color": "#68aa63"}, "geometry": {"type": "Polygon", "coordinates": [[[-81.05282480911345, 40.27181451891722], [-81.14739309346349, 40.22010773275585], [-81.13112434164243, 40.13509069609798], [-81.02064748729313, 40.10172374682216], [-80.9261667437389, 40.15324634191119], [-80.9420749579538, 40.23831978484322], [-81.05282480911345, 40.27181451891722]]]}}, {"type": "Feature", "properties": {"color": "#aa7028"}, "geometry": {"type": "Polygon", "coordinates": [[[-84.10098314612456, 40.74348859452249], [-84.19267132665789, 40.68909539690128], [-84.17079547405685, 40.60424592728113], [-84.05758373717099, 40.573711436565794], [-83.96594426802297, 40.627915670890715], [-83.98746733885295, 40.71284309375948], [-84.10098314612456, 40.74348859452249]]]}}, {"type": "Feature", "properties": {"color": "#68aa63"}, "geometry": {"type": "Polygon", "coordinates": [[[-82.07773279091488, 40.176191219872315], [-82.1708753536719, 40.123755492609696], [-82.1528213092108, 40.03904162566477], [-82.04197896645096, 40.00669977591412], [-81.94891033360582, 40.05895013223145], [-81.9666097199729, 40.143727426886734], [-82.07773279091488, 40.176191219872315]]]}}, {"type": "Feature", "properties": {"color": "#aa7028"}, "geometry": {"type": "Polygon", "coordinates": [[[-83.5030932508084, 40.02767827709746], [-83.59416550213496, 39.97427885816784], [-83.57366507375637, 39.890047212927776], [-83.46243739608211, 39.85914179364636], [-83.37142016099692, 39.91235476890126], [-83.39157514466831, 39.99665934063192], [-83.5030932508084, 40.02767827709746]]]}}, {"type": "Feature", "properties": {"color": "#aa7028"}, "geometry": {"type": "Polygon", "coordinates": [[[-84.91378943568267, 39.474000885883406], [-85.00198898907843, 39.420023374618886], [-84.97930263892945, 39.336765390397346], [-84.86874599515923, 39.30740331311756], [-84.78058226412858, 39.361195119319746], [-84.8029388796767, 39.44453446184695], [-84.91378943568267, 39.474000885883406]]]}}, {"type": "Feature", "properties": {"color": "#aa7028"}, "geometry": {"type": "Polygon", "coordinates": [[[-84.57899240050544, 40.95003389583593], [-84.67045030726342, 40.89512739796599], [-84.6476297172339, 40.810188668847104], [-84.53370380575913, 40.78007471417164], [-84.44228857766178, 40.83479136977025], [-84.46475607284381, 40.919811560922675], [-84.57899240050544, 40.95003389583593]]]}}, {"type": "Feature", "properties": {"color": "#aa7028"}, "geometry": {"type": "Polygon", "coordinates": [[[-80.66757963684928, 41.614410067930585], [-80.76536027128446, 41.562089143991344], [-80.74932237900576, 41.475581109564274], [-80.63588685774961, 41.44133872419696], [-80.53820419140291, 41.49347236559254], [-80.55385870744614, 41.58003536684522], [-80.66757963684928, 41.614410067930585]]]}}, {"type": "Feature", "properties": {"color": "#aa7028"}, "geometry": {"type": "Polygon", "coordinates": [[[-83.48360638135108, 40.81327253657422], [-83.57623676856325, 40.75929025835001], [-83.55542379634996, 40.674210991177766], [-83.44233724432425, 40.64303985680236], [-83.3497640059739, 40.696833446402565], [-83.37021970614317, 40.781986585888845], [-83.48360638135108, 40.81327253657422]]]}}, {"type": "Feature", "properties": {"color": "#68aa63"}, "geometry": {"type": "Polygon", "coordinates": [[[-82.7222294537798, 39.33585509196077], [-82.81295059153481, 39.283567496572566], [-82.79409816753105, 39.19992130375402], [-82.68486355647093, 39.1684956692093], [-82.59420568004009, 39.220599590273096], [-82.6127187569271, 39.30431255113061], [-82.7222294537798, 39.33585509196077]]]}}, {"type": "Feature", "properties": {"color": "#68aa63"}, "geometry": {"type": "Polygon", "coordinates": [[[-82.65675622724562, 40.90136225917495], [-82.75061936835172, 40.84794824339022], [-82.73124409903812, 40.76258179578223], [-82.6183681897991, 40.73056077763379], [-82.52457353312263, 40.783786669786224], [-82.54358586599223, 40.86922142093951], [-82.65675622724562, 40.90136225917495]]]}}, {"type": "Feature", "properties": {"color": "#68aa63"}, "geometry": {"type": "Polygon", "coordinates": [[[-82.22746827552267, 39.90210123722383], [-82.31988948620055, 39.849754305188206], [-82.30167732201129, 39.76537185793197], [-82.1913934413292, 39.733271934738355], [-82.09904338525342, 39.78543409963034], [-82.11690566277402, 39.86988067626215], [-82.22746827552267, 39.90210123722383]]]}}, {"type": "Feature", "properties": {"color": "#68aa63"}, "geometry": {"type": "Polygon", "coordinates": [[[-80.64143589206725, 40.30758230167972], [-80.73656115733223, 40.25617625540636], [-80.72101458270397, 40.171047832137226], [-80.61070511906644, 40.13727161131503], [-80.5156728490561, 40.18849403589497], [-80.53085670739588, 40.2736760067274], [-80.64143589206725, 40.30758230167972]]]}}, {"type": "Feature", "properties": {"color": "#aa7028"}, "geometry": {"type": "Polygon", "coordinates": [[[-84.71489766877681, 39.88711419559716], [-84.80413315858597, 39.83294346580373], [-84.78159028189319, 39.74917684321689], [-84.67014814289362, 39.71949997159644], [-84.58095168189637, 39.773483865856534], [-84.60315785033133, 39.85733121578089], [-84.71489766877681, 39.88711419559716]]]}}, {"type": "Feature", "properties": {"color": "#d89382"}, "geometry": {"type": "Polygon", "coordinates": [[[-81.93394416158019, 41.499746833195175], [-82.02993103506157, 41.44647514531984], [-82.01161852586594, 41.36032843777163], [-81.89769463332017, 41.32738918704696], [-81.80178795625756, 41.380471963597245], [-81.81972455300223, 41.46668260682049], [-81.93394416158019, 41.499746833195175]]]}}, {"type": "Feature", "properties": {"color": "#aa7028"}, "geometry": {"type": "Polygon", "coordinates": [[[-83.64381921550704, 39.75263818750503], [-83.73418445341713, 39.69934878535492], [-83.71355916470955, 39.615452876692395], [-83.60290891148283, 39.584772627870365], [-83.51259624597238, 39.637876274677154], [-83.53288082130909, 39.72184566290236], [-83.64381921550704, 39.75263818750503]]]}}, {"type": "Feature", "properties": {"color": "#aa7028"}, "geometry": {"type": "Polygon", "coordinates": [[[-84.7158500431148, 40.67056599552581], [-84.8065818414796, 40.61577520979881], [-84.78365697496344, 40.53116760901377], [-84.67034789946376, 40.501268588428275], [-84.5796564424337, 40.55587026218113], [-84.60223321419348, 40.6405598109858], [-84.7158500431148, 40.67056599552581]]]}}, {"type": "Feature", "properties": {"color": "#aa7028"}, "geometry": {"type": "Polygon", "coordinates": [[[-83.92032820362414, 39.205255609456955], [-84.00930694037635, 39.152199759058675], [-83.98844555222777, 39.06898140849947], [-83.87893649028908, 39.03874414530278], [-83.7900056534671, 39.091615652228995], [-83.81053554431827, 39.174908510377065], [-83.92032820362414, 39.205255609456955]]]}}, {"type": "Feature", "properties": {"color": "#68aa63"}, "geometry": {"type": "Polygon", "coordinates": [[[-82.86554981217411, 39.064208925980076], [-82.95557875245795, 39.01202729554105], [-82.93658778739614, 38.928719589795826], [-82.82790230414604, 38.89752588211314], [-82.73793412363283, 38.94952449536943], [-82.75659027192226, 39.03289956802564], [-82.86554981217411, 39.064208925980076]]]}}, {"type": "Feature", "properties": {"color": "#68aa63"}, "geometry": {"type": "Polygon", "coordinates": [[[-81.31402195631843, 39.47309572498578], [-81.40670195498795, 39.42176461344144], [-81.39025015042697, 39.33767899914329], [-81.28146553579563, 39.30486683265558], [-81.18886690091921, 39.35601564557116], [-81.20497116876284, 39.44015864027032], [-81.31402195631843, 39.47309572498578]]]}}, {"type": "Feature", "properties": {"color": "#68aa63"}, "geometry": {"type": "Polygon", "coordinates": [[[-80.80012899339019, 40.03470898117593], [-80.894521005221, 39.98337004049715], [-80.87878287631807, 39.898567679315136], [-80.76901033532964, 39.86504956857894], [-80.6747082230302, 39.916205395163196], [-80.69008841168777, 40.00106215404038], [-80.80012899339019, 40.03470898117593]]]}}, {"type": "Feature", "properties": {"color": "#aa7028"}, "geometry": {"type": "Polygon", "coordinates": [[[-83.46345084217906, 41.60670585155474], [-83.55769357572198, 41.552153254763056], [-83.53655849506963, 41.466245937792], [-83.42154990982633, 41.43481613953758], [-83.32736658215804, 41.489177827581955], [-83.34813194577092, 41.57515994257586], [-83.46345084217906, 41.60670585155474]]]}}, {"type": "Feature", "properties": {"color": "#aa7028"}, "geometry": {"type": "Polygon", "coordinates": [[[-80.58534235760455, 41.753420290943566], [-80.68351427902454, 41.70107512601865], [-80.66757963684928, 41.614410067930585], [-80.55385870744614, 41.58003536684522], [-80.45578646949383, 41.632193014762564], [-80.47133510702659, 41.718912570704205], [-80.58534235760455, 41.753420290943566]]]}}, {"type": "Feature", "properties": {"color": "#aa7028"}, "geometry": {"type": "Polygon", "coordinates": [[[-82.31766255383559, 40.804633536708636], [-82.4117581441488, 40.75155311361644], [-82.39302970991213, 40.66621434694846], [-82.28056837350162, 40.633889886163765], [-82.18654551520943, 40.686782852430404], [-82.20491084206681, 40.77218745090063], [-82.31766255383559, 40.804633536708636]]]}}, {"type": "Feature", "properties": {"color": "#ed0000"}, "geometry": {"type": "Polygon", "coordinates": [[[-84.58158341651209, 39.38530353547831], [-84.67005071149671, 39.331632319370414], [-84.64797495459322, 39.2483829496534], [-84.53776184031477, 39.21872547050032], [-84.44933444083341, 39.272211401369034], [-84.47107979877278, 39.35553984733694], [-84.58158341651209, 39.38530353547831]]]}}, {"type": "Feature", "properties": {"color": "#ed0000"}, "geometry": {"type": "Polygon", "coordinates": [[[-81.51269583452351, 41.53947678008577], [-81.60928882927608, 41.486516434737695], [-81.59172945737694, 41.40024333107299], [-81.47795519547924, 41.366869295822994], [-81.38144831353927, 41.419641212588196], [-81.39862917513993, 41.50597529339589], [-81.51269583452351, 41.53947678008577]]]}}, {"type": "Feature", "properties": {"color": "#aa7028"}, "geometry": {"type": "Polygon", "coordinates": [[[-83.71355916470955, 39.615452876692395], [-83.80357436549181, 39.56222019439378], [-83.7828883738497, 39.47849293089574], [-83.67252512165416, 39.4479243425445], [-83.58256129866841, 39.50097161812177], [-83.60290891148283, 39.584772627870365], [-83.71355916470955, 39.615452876692395]]]}}, {"type": "Feature", "properties": {"color": "#aa7028"}, "geometry": {"type": "Polygon", "coordinates": [[[-83.76081880292945, 40.651237883264855], [-83.85277115269457, 40.59716907336363], [-83.83153952371634, 40.51233016679244], [-83.71870837908766, 40.48148427176692], [-83.62680908821413, 40.5353646292027], [-83.64768741289647, 40.62027906547766], [-83.76081880292945, 40.651237883264855]]]}}, {"type": "Feature", "properties": {"color": "#aa7028"}, "geometry": {"type": "Polygon", "coordinates": [[[-84.37054194432979, 41.370887179738865], [-84.46310779432783, 41.3158160597578], [-84.44045221015978, 41.23038494914996], [-84.32559103153267, 41.19994400763362], [-84.23307150927275, 41.25482420972739], [-84.25536632224457, 41.34033600387873], [-84.37054194432979, 41.370887179738865]]]}}, {"type": "Feature", "properties": {"color": "#68aa63"}, "geometry": {"type": "Polygon", "coordinates": [[[-81.7413436020857, 39.048640574667346], [-81.8326977865489, 38.997303099981906], [-81.81565280341239, 38.91377890504772], [-81.70759291912941, 38.881532092156064], [-81.61631338752093, 38.93268791216615], [-81.63301873285954, 39.0162719237291], [-81.7413436020857, 39.048640574667346]]]}}, {"type": "Feature", "properties": {"color": "#aa7028"}, "geometry": {"type": "Polygon", "coordinates": [[[-83.26552412014037, 41.231729942714146], [-83.35926970010266, 41.17760405152077], [-83.33866031077466, 41.0920338717013], [-83.22466977466898, 41.06051636920545], [-83.13098535413837, 41.114452582448784], [-83.1512298415424, 41.20009569707137], [-83.26552412014037, 41.231729942714146]]]}}, {"type": "Feature", "properties": {"color": "#aa7028"}, "geometry": {"type": "Polygon", "coordinates": [[[-84.78159028189319, 39.74917684321689], [-84.8704781532359, 39.69506944411202], [-84.84788642119297, 39.61147188425528], [-84.73674070156687, 39.581900529996055], [-84.64789077340076, 39.635821467882714], [-84.67014814289362, 39.71949997159644], [-84.78159028189319, 39.74917684321689]]]}}, {"type": "Feature", "properties": {"color": "#68aa63"}, "geometry": {"type": "Polygon", "coordinates": [[[-82.50408638031033, 39.74496822662331], [-82.59586261748666, 39.692530318406945], [-82.57722704703606, 39.60838024817913], [-82.46716112941583, 39.57660199211967], [-82.37545204422294, 39.62885526510771], [-82.39374132585091, 39.71307115480016], [-82.50408638031033, 39.74496822662331]]]}}, {"type": "Feature", "properties": {"color": "#aa7028"}, "geometry": {"type": "Polygon", "coordinates": [[[-82.46794698782081, 40.528000823757296], [-82.5613033224002, 40.475006017163075], [-82.5424181497707, 40.389994846752515], [-82.43053436350291, 40.3579116618557], [-82.33724792574746, 40.41071961877097], [-82.3557749596944, 40.49579732874641], [-82.46794698782081, 40.528000823757296]]]}}, {"type": "Feature", "properties": {"color": "#68aa63"}, "geometry": {"type": "Polygon", "coordinates": [[[-82.48447343544395, 38.720227792557154], [-82.57431625774586, 38.66859379056406], [-82.55611433456221, 38.585596611917715], [-82.44840098911516, 38.55416877814681], [-82.35862272233663, 38.60562119485353], [-82.37649287228601, 38.688682764154315], [-82.48447343544395, 38.720227792557154]]]}}, {"type": "Feature", "properties": {"color": "#aa7028"}, "geometry": {"type": "Polygon", "coordinates": [[[-80.86297742623019, 40.94042401811135], [-80.95912664710866, 40.888400517905886], [-80.9429664835859, 40.80263101854848], [-80.83102844344677, 40.76882898913811], [-80.73497181275233, 40.82066672976508], [-80.7507602686879, 40.90649195924803], [-80.86297742623019, 40.94042401811135]]]}}, {"type": "Feature", "properties": {"color": "#68aa63"}, "geometry": {"type": "Polygon", "coordinates": [[[-83.4025930516049, 38.75076020278434], [-83.4913718819055, 38.69843910139973], [-83.47159007503247, 38.61561151542736], [-83.36335688451724, 38.58503430263003], [-83.2746314191826, 38.63717282703956], [-83.29408537435346, 38.72007088370335], [-83.4025930516049, 38.75076020278434]]]}}, {"type": "Feature", "properties": {"color": "#aa7028"}, "geometry": {"type": "Polygon", "coordinates": [[[-83.90183543416515, 40.373641254114766], [-83.99306390122301, 40.31967986087413], [-83.97171014075161, 40.23517289439049], [-83.85947583051542, 40.20455097137383], [-83.76829793898648, 40.258324604631724], [-83.78930331511984, 40.34290765608995], [-83.90183543416515, 40.373641254114766]]]}}, {"type": "Feature", "properties": {"color": "#dbd83d"}, "geometry": {"type": "Polygon", "coordinates": [[[-83.531140812379, 38.86436504756541], [-83.61997167402481, 38.81186092017216], [-83.59992302751735, 38.72893381135335], [-83.4913718819055, 38.69843910139973], [-83.4025930516049, 38.75076020278434], [-83.42231292332694, 38.8337587830899], [-83.531140812379, 38.86436504756541]]]}}, {"type": "Feature", "properties": {"color": "#aa7028"}, "geometry": {"type": "Polygon", "coordinates": [[[-82.77360831453142, 41.41581390806928], [-82.86835960501851, 41.36193669824013], [-82.84855709702914, 41.27606031847645], [-82.73437324416571, 41.243991109958806], [-82.63969035885908, 41.29767862237188], [-82.6591224666514, 41.38362475470237], [-82.77360831453142, 41.41581390806928]]]}}, {"type": "Feature", "properties": {"color": "#68aa63"}, "geometry": {"type": "Polygon", "coordinates": [[[-82.35862272233663, 38.60562119485353], [-82.44840098911516, 38.55416877814681], [-82.43045799568443, 38.47127744913768], [-82.32306711554617, 38.43977485941354], [-82.23335462702676, 38.49104617676005], [-82.25096687418099, 38.57400091644631], [-82.35862272233663, 38.60562119485353]]]}}, {"type": "Feature", "properties": {"color": "#68aa63"}, "geometry": {"type": "Polygon", "coordinates": [[[-84.18276724216518, 39.43255015790032], [-84.2718374919788, 39.379124339065775], [-84.25042397846825, 39.29571807077123], [-84.14027303643113, 39.26566080776238], [-84.05124782117228, 39.31890143056004], [-84.07232806392065, 39.4023842581595], [-84.18276724216518, 39.43255015790032]]]}}, {"type": "Feature", "properties": {"color": "#68aa63"}, "geometry": {"type": "Polygon", "coordinates": [[[-83.1225661862746, 39.293635583561404], [-83.21271269831385, 39.241086518400174], [-83.19318537194364, 39.157577785128346], [-83.08384793633901, 39.12654847135081], [-82.9937595448574, 39.17891358730861], [-83.01295005899492, 39.262491701578604], [-83.1225661862746, 39.293635583561404]]]}}, {"type": "Feature", "properties": {"color": "#68aa63"}, "geometry": {"type": "Polygon", "coordinates": [[[-81.08266622485677, 39.880580057065316], [-81.17641986227166, 39.82913026867713], [-81.16023360361146, 39.74454807412868], [-81.0506478614508, 39.71135916626715], [-80.95697994706664, 39.76262583049779], [-80.97281170358137, 39.84726423792643], [-81.08266622485677, 39.880580057065316]]]}}, {"type": "Feature", "properties": {"color": "#68aa63"}, "geometry": {"type": "Polygon", "coordinates": [[[-81.04081921732364, 41.31856248986647], [-81.13753277213534, 41.26613572061568], [-81.12091612015804, 41.1800012649281], [-81.00796254188148, 41.14623590349701], [-80.91134068158566, 41.19847557851913], [-80.92758032521691, 41.28466740714346], [-81.04081921732364, 41.31856248986647]]]}}, {"type": "Feature", "properties": {"color": "#aa7028"}, "geometry": {"type": "Polygon", "coordinates": [[[-83.32736658215804, 41.489177827581955], [-83.42154990982633, 41.43481613953758], [-83.40071409269895, 41.3489954806956], [-83.28606307765459, 41.31746252923259], [-83.19194073528958, 41.37163375948054], [-83.21240794365241, 41.45752811840523], [-83.32736658215804, 41.489177827581955]]]}}, {"type": "Feature", "properties": {"color": "#68aa63"}, "geometry": {"type": "Polygon", "coordinates": [[[-81.02248176481831, 40.665029768367134], [-81.11787890114994, 40.613069592952925], [-81.10152716318176, 40.52762227732682], [-80.99014465318281, 40.494078250376965], [-80.89483693102868, 40.54585317572628], [-80.91082194114531, 40.63135708182128], [-81.02248176481831, 40.665029768367134]]]}}, {"type": "Feature", "properties": {"color": "#dbd83d"}, "geometry": {"type": "Polygon", "coordinates": [[[-82.05606454990794, 40.568940866005796], [-82.15001330002522, 40.51623486219209], [-82.13184570564222, 40.43109201045684], [-82.02008967474013, 40.39859114073385], [-81.92621638415807, 40.45111068100524], [-81.94402326220688, 40.53631726859974], [-82.05606454990794, 40.568940866005796]]]}}, {"type": "Feature", "properties": {"color": "#68aa63"}, "geometry": {"type": "Polygon", "coordinates": [[[-84.31768359451566, 39.159117948980395], [-84.40606962213538, 39.10581689531332], [-84.38454939274959, 39.022751331760965], [-84.2749714115423, 38.99290955202998], [-84.18662820966306, 39.046026142032424], [-84.20781971703316, 39.12916872478758], [-84.31768359451566, 39.159117948980395]]]}}, {"type": "Feature", "properties": {"color": "#aa7028"}, "geometry": {"type": "Polygon", "coordinates": [[[-82.29774401737565, 41.20050546498303], [-82.39266288670977, 41.14715602500621], [-82.37381039296204, 41.061396702545835], [-82.26040798887435, 41.028920370280574], [-82.16556336242704, 41.08208126465095], [-82.18404646800346, 41.16790674782207], [-82.29774401737565, 41.20050546498303]]]}}, {"type": "Feature", "properties": {"color": "#aa7028"}, "geometry": {"type": "Polygon", "coordinates": [[[-83.49343130299259, 40.419484186263176], [-83.58527601818238, 40.36579184244088], [-83.56462048700939, 40.281134042998104], [-83.45247107092263, 40.25009491573595], [-83.3606824233091, 40.30359969017823], [-83.38098667072282, 40.38833089150217], [-83.49343130299259, 40.419484186263176]]]}}, {"type": "Feature", "properties": {"color": "#68aa63"}, "geometry": {"type": "Polygon", "coordinates": [[[-81.7174291704385, 39.43557000897041], [-81.8095581133661, 39.383959152254235], [-81.79241456647115, 39.29999238077247], [-81.68348702267585, 39.267576087167136], [-81.59143425835988, 39.31900418616803], [-81.60823249688494, 39.40303105703758], [-81.7174291704385, 39.43557000897041]]]}}, {"type": "Feature", "properties": {"color": "#aa7028"}, "geometry": {"type": "Polygon", "coordinates": [[[-84.57831703713029, 41.34614792572163], [-84.67055445883534, 41.2909395007951], [-84.64753974040855, 41.20559044069165], [-84.53264621191607, 41.17536749042191], [-84.44045221015978, 41.23038494914996], [-84.46310779432783, 41.3158160597578], [-84.57831703713029, 41.34614792572163]]]}}, {"type": "Feature", "properties": {"color": "#aa7028"}, "geometry": {"type": "Polygon", "coordinates": [[[-83.47361432793952, 41.20902089411107], [-83.56704393681855, 41.154751816404506], [-83.5460711328026, 41.06925597430011], [-83.43203165842165, 41.03795459564464], [-83.33866031077466, 41.0920338717013], [-83.35926970010266, 41.17760405152077], [-83.47361432793952, 41.20902089411107]]]}}, {"type": "Feature", "properties": {"color": "#aa7028"}, "geometry": {"type": "Polygon", "coordinates": [[[-82.70626589068473, 39.72422452524987], [-82.79775267458847, 39.67165075359194], [-82.77877207982402, 39.58756784461759], [-82.66864931978579, 39.55599127365454], [-82.57722704703606, 39.60838024817913], [-82.59586261748666, 39.692530318406945], [-82.70626589068473, 39.72422452524987]]]}}, {"type": "Feature", "properties": {"color": "#68aa63"}, "geometry": {"type": "Polygon", "coordinates": [[[-80.60760399810664, 40.70093445149589], [-80.70356681850454, 40.64928192494253], [-80.68794966201295, 40.56372287949075], [-80.57673829110766, 40.52976237921071], [-80.48087047676343, 40.5812302408554], [-80.49611868002955, 40.666842967599365], [-80.60760399810664, 40.70093445149589]]]}}, {"type": "Feature", "properties": {"color": "#aa7028"}, "geometry": {"type": "Polygon", "coordinates": [[[-83.82455424862195, 40.90650298255241], [-83.91692497595231, 40.85219303212363], [-83.89546347216017, 40.76710078948416], [-83.78198757288936, 40.73624190846428], [-83.68966962678556, 40.790362628450445], [-83.71077431842158, 40.8755311898868], [-83.82455424862195, 40.90650298255241]]]}}, {"type": "Feature", "properties": {"color": "#68aa63"}, "geometry": {"type": "Polygon", "coordinates": [[[-81.28635338157261, 39.86224366607285], [-81.37982995100475, 39.810648808452164], [-81.36329029319286, 39.72612422104003], [-81.2536271093838, 39.693136597203335], [-81.16023360361146, 39.74454807412868], [-81.17641986227166, 39.82913026867713], [-81.28635338157261, 39.86224366607285]]]}}, {"type": "Feature", "properties": {"color": "#aa7028"}, "geometry": {"type": "Polygon", "coordinates": [[[-80.7825106603514, 41.078406730236075], [-80.87903955470749, 41.0263536082483], [-80.86297742623019, 40.94042401811135], [-80.7507602686879, 40.90649195924803], [-80.65432558643684, 40.95835907323568], [-80.67001348648635, 41.044343952004425], [-80.7825106603514, 41.078406730236075]]]}}, {"type": "Feature", "properties": {"color": "#68aa63"}, "geometry": {"type": "Polygon", "coordinates": [[[-81.00968246192417, 41.716923744867515], [-81.10726304184325, 41.66425276578724], [-81.09055993920884, 41.57770127109945], [-80.97665949755489, 41.543762908910566], [-80.87917261991538, 41.596245752225045], [-80.89549209334312, 41.68285478745125], [-81.00968246192417, 41.716923744867515]]]}}, {"type": "Feature", "properties": {"color": "#aa7028"}, "geometry": {"type": "Polygon", "coordinates": [[[-83.6180883112515, 40.92970260122448], [-83.71077431842158, 40.8755311898868], [-83.68966962678556, 40.790362628450445], [-83.57623676856325, 40.75929025835001], [-83.48360638135108, 40.81327253657422], [-83.50435275917634, 40.89851604544637], [-83.6180883112515, 40.92970260122448]]]}}, {"type": "Feature", "properties": {"color": "#68aa63"}, "geometry": {"type": "Polygon", "coordinates": [[[-82.0671196479831, 39.145204878558616], [-82.15827085112963, 39.09355025946678], [-82.14062645532431, 39.009980904201306], [-82.03217010249828, 38.97800376483958], [-81.94108981115016, 39.029476025174155], [-81.95839459241242, 39.11310750978978], [-82.0671196479831, 39.145204878558616]]]}}, {"type": "Feature", "properties": {"color": "#68aa63"}, "geometry": {"type": "Polygon", "coordinates": [[[-82.82072805793575, 40.2310499803533], [-82.91305791688387, 40.178006594659394], [-82.89366934357521, 40.09339399567139], [-82.78230242378119, 40.06175591996143], [-82.69003698185635, 40.11461291777693], [-82.70907361947525, 40.19929410377317], [-82.82072805793575, 40.2310499803533]]]}}, {"type": "Feature", "properties": {"color": "#aa7028"}, "geometry": {"type": "Polygon", "coordinates": [[[-84.24365578826108, 40.07338119969315], [-84.3338618768429, 40.01940258085803], [-84.31204857046973, 39.93530767151945], [-84.20037078553, 39.905113202504495], [-84.11021017830981, 39.95890470155348], [-84.13168140444033, 40.04307753091869], [-84.24365578826108, 40.07338119969315]]]}}, {"type": "Feature", "properties": {"color": "#68aa63"}, "geometry": {"type": "Polygon", "coordinates": [[[-83.46195798609693, 39.00002604967565], [-83.5511286378961, 38.94746294520241], [-83.531140812379, 38.86436504756541], [-83.42231292332694, 38.8337587830899], [-83.33319546091195, 38.88613851152798], [-83.35285228471544, 38.96930762165758], [-83.46195798609693, 39.00002604967565]]]}}, {"type": "Feature", "properties": {"color": "#e2e2c1"}, "geometry": {"type": "Polygon", "coordinates": [[[-80.84644825231825, 41.99591662543781], [-80.94481568431388, 41.94319476540132], [-80.92831328841208, 41.85632958697076], [-80.81383202894408, 41.82212933424269], [-80.71556170062989, 41.874662571151], [-80.73167514006182, 41.96158437378361], [-80.84644825231825, 41.99591662543781]]]}}, {"type": "Feature", "properties": {"color": "#68aa63"}, "geometry": {"type": "Polygon", "coordinates": [[[-81.38594653257968, 40.371727793599085], [-81.48031699795185, 40.31968760022318], [-81.46341886732581, 40.234623902653794], [-81.35251057771029, 40.20154126454327], [-81.25822369112595, 40.253396477076635], [-81.27476114400594, 40.33851901809616], [-81.38594653257968, 40.371727793599085]]]}}]}