{"type": "FeatureCollection", "features": [{"type": "Feature", "properties": {"color": "#68aa63"}, "geometry": {"type": "Polygon", "coordinates": [[[-79.73314484952772, 38.585482882946955], [-79.8258950515361, 38.53601750826508], [-79.81247572962117, 38.45268975329284], [-79.70664636726097, 38.418781429018516], [-79.61399352002132, 38.468069739701], [-79.62707240873272, 38.55144315072775], [-79.73314484952772, 38.585482882946955]]]}}, {"type": "Feature", "properties": {"color": "#dbd83d"}, "geometry": {"type": "Polygon", "coordinates": [[[-80.46440410250932, 37.02200692449114], [-80.55339947704563, 36.97317012189675], [-80.53919072821981, 36.89182455414225], [-80.43630304760815, 36.85926641669216], [-80.34739070344813, 36.90792957062477], [-80.36128273866599, 36.98932424092496], [-80.46440410250932, 37.02200692449114]]]}}, {"type": "Feature", "properties": {"color": "#68aa63"}, "geometry": {"type": "Polygon", "coordinates": [[[-78.27205403186136, 38.184790525529294], [-78.36557754208964, 38.13674892705609], [-78.35478558594642, 38.053712830987294], [-78.25080870699564, 38.018682748185704], [-78.15739790002985, 38.06655147481794], [-78.16785105772618, 38.149622862885245], [-78.27205403186136, 38.184790525529294]]]}}, {"type": "Feature", "properties": {"color": "#68aa63"}, "geometry": {"type": "Polygon", "coordinates": [[[-80.81871505577014, 37.364651234673296], [-80.90795384115869, 37.315290253280466], [-80.89304749013728, 37.23358292004173], [-80.78922209256248, 37.201184511055125], [-80.70006347948812, 37.25037023027859], [-80.7146498030713, 37.33212935076604], [-80.81871505577014, 37.364651234673296]]]}}, {"type": "Feature", "properties": {"color": "#b5c98e"}, "geometry": {"type": "Polygon", "coordinates": [[[-76.68553065419471, 38.27733836835592], [-76.78081982762707, 38.230500169791206], [-76.77275492675935, 38.14722002545515], [-76.66974397658078, 38.11075346746191], [-76.57458604482936, 38.157422462434184], [-76.58230766983384, 38.24072691805893], [-76.68553065419471, 38.27733836835592]]]}}, {"type": "Feature", "properties": {"color": "#ccba7c"}, "geometry": {"type": "Polygon", "coordinates": [[[-78.06492205611845, 37.3233353390784], [-78.1569940691036, 37.27606511792915], [-78.14674728983532, 37.19404717853064], [-78.04475565709663, 37.15926583617823], [-77.95279467810448, 37.20636616581087], [-77.96271410521899, 37.288417442559954], [-78.06492205611845, 37.3233353390784]]]}}, {"type": "Feature", "properties": {"color": "#d89382"}, "geometry": {"type": "Polygon", "coordinates": [[[-77.59246228120244, 37.47670376104529], [-77.68529856271094, 37.429690331637964], [-77.67582291025246, 37.347441922713166], [-77.57384123249697, 37.31217643951845], [-77.4811219371099, 37.35902063297724], [-77.49026715592633, 37.441299255319976], [-77.59246228120244, 37.47670376104529]]]}}, {"type": "Feature", "properties": {"color": "#68aa63"}, "geometry": {"type": "Polygon", "coordinates": [[[-79.23568461379288, 36.62492045043551], [-79.32525128591006, 36.57728590819552], [-79.31320036445203, 36.496260893081065], [-79.21189775090852, 36.46282948744668], [-79.1224262615973, 36.510293783135815], [-79.13416197907122, 36.591359456461895], [-79.23568461379288, 36.62492045043551]]]}}, {"type": "Feature", "properties": {"color": "#1c6330"}, "geometry": {"type": "Polygon", "coordinates": [[[-76.6550578879869, 36.90995040823608], [-76.74770741584553, 36.86406217328989], [-76.7399238762317, 36.7824430785541], [-76.63981505034009, 36.74668834865946], [-76.54728984433576, 36.79241134462236], [-76.55474900408312, 36.874054020539724], [-76.6550578879869, 36.90995040823608]]]}}, {"type": "Feature", "properties": {"color": "#b5c98e"}, "geometry": {"type": "Polygon", "coordinates": [[[-76.77275492675935, 38.14722002545515], [-76.86770168891654, 38.10039768713724], [-76.85950810090462, 38.01727816404726], [-76.75670887599303, 37.98095580945856], [-76.66189166767451, 38.02760907400882], [-76.66974397658078, 38.11075346746191], [-76.77275492675935, 38.14722002545515]]]}}, {"type": "Feature", "properties": {"color": "#dbd83d"}, "geometry": {"type": "Polygon", "coordinates": [[[-83.20563298249569, 36.63517911080686], [-83.29081734817994, 36.58474406944681], [-83.27221442801725, 36.504389616725376], [-83.16872788283167, 36.47440379860462], [-83.08359459107461, 36.524663011787304], [-83.10189642140531, 36.60508362759453], [-83.20563298249569, 36.63517911080686]]]}}, {"type": "Feature", "properties": {"color": "#68aa63"}, "geometry": {"type": "Polygon", "coordinates": [[[-79.29722135700813, 38.36554161707095], [-79.39001815075801, 38.316572160366356], [-79.37741260335301, 38.233442737198146], [-79.27234864709442, 38.19924000150494], [-79.1796534484761, 38.248033880437596], [-79.19192035913815, 38.33120578394827], [-79.29722135700813, 38.36554161707095]]]}}, {"type": "Feature", "properties": {"color": "#68aa63"}, "geometry": {"type": "Polygon", "coordinates": [[[-77.79596136998029, 39.22799525210616], [-77.89204458471387, 39.17962304534582], [-77.88185128908084, 39.095322642172285], [-77.77592960299685, 39.05936156953754], [-77.6799698196923, 39.10755907773008], [-77.68980808486516, 39.19189205217359], [-77.79596136998029, 39.22799525210616]]]}}, {"type": "Feature", "properties": {"color": "#476ba0"}, "geometry": {"type": "Polygon", "coordinates": [[[-76.05547237692195, 36.69362316193043], [-76.14826111399536, 36.648351508402286], [-76.14152053003275, 36.566970580496516], [-76.04231338940681, 36.530841561480734], [-75.94965415469736, 36.57595020754324], [-75.95607244283477, 36.657350591253696], [-76.05547237692195, 36.69362316193043]]]}}, {"type": "Feature", "properties": {"color": "#68aa63"}, "geometry": {"type": "Polygon", "coordinates": [[[-82.49980594095483, 36.957016642109636], [-82.58639010854247, 36.90679191299807], [-82.56882377448315, 36.8258922301141], [-82.46498115348868, 36.79515484753688], [-82.37845678890145, 36.84520340278811], [-82.39571490754467, 36.926165261826306], [-82.49980594095483, 36.957016642109636]]]}}, {"type": "Feature", "properties": {"color": "#dbd83d"}, "geometry": {"type": "Polygon", "coordinates": [[[-79.1796534484761, 38.248033880437596], [-79.27234864709442, 38.19924000150494], [-79.25997674049412, 38.116234087681974], [-79.1552467080407, 38.08198018291941], [-79.06265398028685, 38.130599063002215], [-79.0746885684512, 38.21364655809381], [-79.1796534484761, 38.248033880437596]]]}}, {"type": "Feature", "properties": {"color": "#aa7028"}, "geometry": {"type": "Polygon", "coordinates": [[[-75.74358452782988, 37.69666649685951], [-75.83860988372571, 37.65097322866864], [-75.83226009938491, 37.56834122512407], [-75.73122117927622, 37.531384610678955], [-75.63633420031567, 37.57691291930932], [-75.64234765339184, 37.65956250345376], [-75.74358452782988, 37.69666649685951]]]}}, {"type": "Feature", "properties": {"color": "#dbd83d"}, "geometry": {"type": "Polygon", "coordinates": [[[-79.38611576481306, 36.983904597688905], [-79.47619266752304, 36.935887148847755], [-79.46379874347878, 36.854435473432055], [-79.36164718302938, 36.82095901883222], [-79.27166521849057, 36.868804834946964], [-79.28373964212582, 36.950298461768064], [-79.38611576481306, 36.983904597688905]]]}}, {"type": "Feature", "properties": {"color": "#68aa63"}, "geometry": {"type": "Polygon", "coordinates": [[[-78.7017983896552, 38.40802093784135], [-78.79531043441207, 38.359485106773036], [-78.78372309298457, 38.27623230388721], [-78.67896436288201, 38.24147662967148], [-78.58556107211002, 38.28983799526422], [-78.59680752721682, 38.373129207718996], [-78.7017983896552, 38.40802093784135]]]}}, {"type": "Feature", "properties": {"color": "#dbd83d"}, "geometry": {"type": "Polygon", "coordinates": [[[-81.23217891440953, 36.954873292787354], [-81.32020429287236, 36.90553830116839], [-81.30473745052045, 36.82440150764698], [-81.20155810584997, 36.79254540563127], [-81.11360689054358, 36.84170579592287], [-81.12876056199869, 36.92289662615197], [-81.23217891440953, 36.954873292787354]]]}}, {"type": "Feature", "properties": {"color": "#e2e2c1"}, "geometry": {"type": "Polygon", "coordinates": [[[-79.30801104764657, 37.1135830103187], [-79.39841206990089, 37.06552596289971], [-79.38611576481306, 36.983904597688905], [-79.28373964212582, 36.950298461768064], [-79.19343494055127, 36.99818363233493], [-79.20540980766377, 37.07984653749699], [-79.30801104764657, 37.1135830103187]]]}}, {"type": "Feature", "properties": {"color": "#b5c98e"}, "geometry": {"type": "Polygon", "coordinates": [[[-80.11498254536859, 36.67999565010105], [-80.20372609452423, 36.63167816032704], [-80.1901982877739, 36.550702911928376], [-80.0882400534584, 36.517998407717684], [-79.99958223440116, 36.566143887288426], [-80.01279666576198, 36.64716561185703], [-80.11498254536859, 36.67999565010105]]]}}, {"type": "Feature", "properties": {"color": "#68aa63"}, "geometry": {"type": "Polygon", "coordinates": [[[-79.4571595086542, 38.10154385567978], [-79.54927542070003, 38.05264273654535], [-79.53646544943551, 37.96984671128985], [-79.43187377586297, 37.935908159296126], [-79.33985648707213, 37.984634160639864], [-79.35233199505132, 38.067473546170426], [-79.4571595086542, 38.10154385567978]]]}}, {"type": "Feature", "properties": {"color": "#b5c98e"}, "geometry": {"type": "Polygon", "coordinates": [[[-79.92649674634929, 37.31444613234677], [-80.01661719423502, 37.26577821957714], [-80.00322612015445, 37.18399451141308], [-79.90003664450235, 37.15083260758643], [-79.81000634515635, 37.19932688783934], [-79.82307511536332, 37.281156428549345], [-79.92649674634929, 37.31444613234677]]]}}, {"type": "Feature", "properties": {"color": "#dbd83d"}, "geometry": {"type": "Polygon", "coordinates": [[[-77.5929677678875, 38.352901770351366], [-77.68751183376428, 38.305282216444475], [-77.67785827744126, 38.22198163194182], [-77.57400316417736, 38.186269623904565], [-77.47958042229504, 38.23371742737402], [-77.48889128227026, 38.317048691330676], [-77.5929677678875, 38.352901770351366]]]}}, {"type": "Feature", "properties": {"color": "#1c6330"}, "geometry": {"type": "Polygon", "coordinates": [[[-77.61964097294187, 36.85605044042049], [-77.7112647341702, 36.8094561738313], [-77.70186622802454, 36.72797445406299], [-77.60116578665595, 36.6930566550708], [-77.50965574939221, 36.73948344262002], [-77.51873225785937, 36.820995223427595], [-77.61964097294187, 36.85605044042049]]]}}, {"type": "Feature", "properties": {"color": "#1c6330"}, "geometry": {"type": "Polygon", "coordinates": [[[-76.61534338550342, 37.53082662683428], [-76.70923042396937, 37.48454442109163], [-76.70141207734441, 37.402158249957274], [-76.6000394398537, 37.36603044417333], [-76.50628039590252, 37.41214573343467], [-76.51376585267, 37.49455545045695], [-76.61534338550342, 37.53082662683428]]]}}, {"type": "Feature", "properties": {"color": "#68aa63"}, "geometry": {"type": "Polygon", "coordinates": [[[-79.18663376488544, 37.62023900972383], [-79.27811810321175, 37.57189678398894], [-79.26589674004795, 37.48964248878646], [-79.16251940435035, 37.45568900072074], [-79.07113481394003, 37.503858065547924], [-79.08302757482622, 37.58615349616647], [-79.18663376488544, 37.62023900972383]]]}}, {"type": "Feature", "properties": {"color": "#ddc9c9"}, "geometry": {"type": "Polygon", "coordinates": [[[-76.18230762698465, 37.05678039052862], [-76.27567942639894, 37.01116207449101], [-76.26867208700659, 36.92933452129484], [-76.1686198384556, 36.89310456921659], [-76.07537815647798, 36.93855848876089], [-76.08205848301196, 37.02040646521443], [-76.18230762698465, 37.05678039052862]]]}}, {"type": "Feature", "properties": {"color": "#dbd83d"}, "geometry": {"type": "Polygon", "coordinates": [[[-78.02110935828546, 38.57915824897765], [-78.11566505586465, 38.531042056637894], [-78.10521936070155, 38.44751508501259], [-78.00056277239318, 38.41207021721581], [-77.9061245777444, 38.46001298919226], [-77.91622526182891, 38.54357375134944], [-78.02110935828546, 38.57915824897765]]]}}, {"type": "Feature", "properties": {"color": "#68aa63"}, "geometry": {"type": "Polygon", "coordinates": [[[-78.28527310059671, 39.06981419855571], [-78.38052958111656, 39.02115126801401], [-78.36951010220425, 38.93708179718733], [-78.26358545028974, 38.901639016826415], [-78.16844576392941, 38.950126527141876], [-78.17911371174485, 39.034231937024465], [-78.28527310059671, 39.06981419855571]]]}}, {"type": "Feature", "properties": {"color": "#ddc9c9"}, "geometry": {"type": "Polygon", "coordinates": [[[-78.08599036890215, 36.70403749701671], [-78.17686878501277, 36.657199452556945], [-78.16671899729869, 36.57594932916814], [-78.0660096337793, 36.54150387553573], [-77.97523921446623, 36.588173823848855], [-77.98506997577229, 36.66945704058383], [-78.08599036890215, 36.70403749701671]]]}}, {"type": "Feature", "properties": {"color": "#68aa63"}, "geometry": {"type": "Polygon", "coordinates": [[[-81.51869814581099, 37.42631440816962], [-81.60726387856167, 37.37639956762614], [-81.59116353027669, 37.294739208778445], [-81.48681540499996, 37.26293697953542], [-81.39832200053635, 37.31267536022384], [-81.41410408008628, 37.39439216519798], [-81.51869814581099, 37.42631440816962]]]}}, {"type": "Feature", "properties": {"color": "#dbd83d"}, "geometry": {"type": "Polygon", "coordinates": [[[-81.61502158231411, 36.91950433093837], [-81.70255258910272, 36.86992693027586], [-81.68646222296546, 36.788901860761634], [-81.58315182973153, 36.75739746347784], [-81.49569055763855, 36.80679985484137], [-81.5114696377497, 36.8878813927554], [-81.61502158231411, 36.91950433093837]]]}}, {"type": "Feature", "properties": {"color": "#b5c98e"}, "geometry": {"type": "Polygon", "coordinates": [[[-78.29080940108976, 37.55755555493694], [-78.3831013246911, 37.50994375441179], [-78.37241917852249, 37.42766290332299], [-78.26977493770109, 37.39295854666757], [-78.1775926042198, 37.4403992586678], [-78.1879447178299, 37.52271512820054], [-78.29080940108976, 37.55755555493694]]]}}, {"type": "Feature", "properties": {"color": "#ddc9c9"}, "geometry": {"type": "Polygon", "coordinates": [[[-76.28976570904193, 37.175120372331435], [-76.38326711802503, 37.12933702870688], [-76.37605980136975, 37.04736862235828], [-76.27567942639894, 37.01116207449101], [-76.18230762698465, 37.05678039052862], [-76.18918646557798, 37.13876998962909], [-76.28976570904193, 37.175120372331435]]]}}, {"type": "Feature", "properties": {"color": "#68aa63"}, "geometry": {"type": "Polygon", "coordinates": [[[-82.63746099166728, 36.695004014916314], [-82.72341693260137, 36.6449027847426], [-82.70572053697838, 36.56435330104805], [-82.60237217823149, 36.53384210724112], [-82.51647384437751, 36.58376785228009], [-82.53386592866413, 36.66438002683015], [-82.63746099166728, 36.695004014916314]]]}}, {"type": "Feature", "properties": {"color": "#dbd83d"}, "geometry": {"type": "Polygon", "coordinates": [[[-82.48287669574242, 37.33240657606364], [-82.57015771471234, 37.281884886989], [-82.55248126848305, 37.200525195410584], [-82.44783658551515, 37.169624367746664], [-82.3606165050337, 37.21996872127492], [-82.37797982689708, 37.30139098235662], [-82.48287669574242, 37.33240657606364]]]}}, {"type": "Feature", "properties": {"color": "#dbd83d"}, "geometry": {"type": "Polygon", "coordinates": [[[-79.33985648707213, 37.984634160639864], [-79.43187377586297, 37.935908159296126], [-79.41929604401614, 37.85323582922843], [-79.31503395713898, 37.81924674905947], [-79.22311616964733, 37.86779820625306], [-79.23536072026606, 37.95051300242326], [-79.33985648707213, 37.984634160639864]]]}}, {"type": "Feature", "properties": {"color": "#476ba0"}, "geometry": {"type": "Polygon", "coordinates": [[[-76.15706781214521, 37.92737814362811], [-76.2521660492487, 37.881198893601564], [-76.24507172891956, 37.798306736863246], [-76.14321811560413, 37.76157302109688], [-76.04825506014392, 37.80758549296811], [-76.05501030789038, 37.89049815929428], [-76.15706781214521, 37.92737814362811]]]}}, {"type": "Feature", "properties": {"color": "#1c6330"}, "geometry": {"type": "Polygon", "coordinates": [[[-78.50184138452602, 36.92322561130814], [-78.59271520929957, 36.875913640640256], [-78.58181984122007, 36.79443296026692], [-78.48037142810482, 36.76022795432785], [-78.38960204211892, 36.80737026208426], [-78.4001764274286, 36.88888695755643], [-78.50184138452602, 36.92322561130814]]]}}, {"type": "Feature", "properties": {"color": "#dbd83d"}, "geometry": {"type": "Polygon", "coordinates": [[[-80.80465583868046, 36.745381422631205], [-80.89277236504263, 36.69651755108503], [-80.87808093483471, 36.615567355384805], [-80.77558467314681, 36.58342973383113], [-80.68754644386986, 36.63212028360529], [-80.70192590193027, 36.7131215116754], [-80.80465583868046, 36.745381422631205]]]}}, {"type": "Feature", "properties": {"color": "#e2e2c1"}, "geometry": {"type": "Polygon", "coordinates": [[[-76.92100293726014, 37.63923495640513], [-77.01480903656926, 37.59263661987305], [-77.00644935839966, 37.51013852702546], [-76.90461732942532, 37.47421278574569], [-76.81093644436065, 37.52064309472379], [-76.81896221948989, 37.6031668781455], [-76.92100293726014, 37.63923495640513]]]}}, {"type": "Feature", "properties": {"color": "#dbd83d"}, "geometry": {"type": "Polygon", "coordinates": [[[-80.99557512704544, 36.72860300208603], [-81.0834511949661, 36.67961669076308], [-81.06844866997488, 36.59871874543619], [-80.96588088874337, 36.56675459760306], [-80.87808093483471, 36.615567355384805], [-80.89277236504263, 36.69651755108503], [-80.99557512704544, 36.72860300208603]]]}}, {"type": "Feature", "properties": {"color": "#68aa63"}, "geometry": {"type": "Polygon", "coordinates": [[[-79.53646544943551, 37.96984671128985], [-79.62824390294965, 37.92098155782215], [-79.61533377174142, 37.838353017400244], [-79.51097733205346, 37.80454555683771], [-79.41929604401614, 37.85323582922843], [-79.43187377586297, 37.935908159296126], [-79.53646544943551, 37.96984671128985]]]}}, {"type": "Feature", "properties": {"color": "#ccba7c"}, "geometry": {"type": "Polygon", "coordinates": [[[-82.82706159491873, 36.67535059998995], [-82.91276169431674, 36.62513692866156], [-82.89476204438606, 36.54465130018763], [-82.79136521055518, 36.51431524028098], [-82.70572053697838, 36.56435330104805], [-82.72341693260137, 36.6449027847426], [-82.82706159491873, 36.67535059998995]]]}}, {"type": "Feature", "properties": {"color": "#1c6330"}, "geometry": {"type": "Polygon", "coordinates": [[[-77.06616404393024, 37.134821370740255], [-77.15885495588591, 37.08845684411982], [-77.15033793539283, 37.00658639569506], [-77.04945659857286, 36.97105372220014], [-76.95688674122353, 37.01725130238255], [-76.96507701112722, 37.09914821307415], [-77.06616404393024, 37.134821370740255]]]}}, {"type": "Feature", "properties": {"color": "#1c6330"}, "geometry": {"type": "Polygon", "coordinates": [[[-78.48607361579633, 37.5446073875494], [-78.57814150027166, 37.49685473980487], [-78.56712996351075, 37.41461022503727], [-78.46437972241239, 37.38008173517522], [-78.37241917852249, 37.42766290332299], [-78.3831013246911, 37.50994375441179], [-78.48607361579633, 37.5446073875494]]]}}, {"type": "Feature", "properties": {"color": "#dbd83d"}, "geometry": {"type": "Polygon", "coordinates": [[[-77.82144069296, 38.59153865184351], [-77.91622526182891, 38.54357375134944], [-77.9061245777444, 38.46001298919226], [-77.80158476403332, 38.42438442596601], [-77.70692008315211, 38.47217634606326], [-77.71667512890417, 38.55576951071892], [-77.82144069296, 38.59153865184351]]]}}, {"type": "Feature", "properties": {"color": "#bad8ea"}, "geometry": {"type": "Polygon", "coordinates": [[[-76.41967469397872, 37.5406886457753], [-76.51376585267, 37.49455545045695], [-76.50628039590252, 37.41214573343467], [-76.40503695849705, 37.37584671262923], [-76.31107597799179, 37.42181348923015], [-76.31822812158224, 37.504245410129016], [-76.41967469397872, 37.5406886457753]]]}}, {"type": "Feature", "properties": {"color": "#68aa63"}, "geometry": {"type": "Polygon", "coordinates": [[[-81.49569055763855, 36.80679985484137], [-81.58315182973153, 36.75739746347784], [-81.56729655182342, 36.67648953449927], [-81.46428998853592, 36.64492817110749], [-81.37689946772876, 36.69415606448983], [-81.39244445849205, 36.775119559114465], [-81.49569055763855, 36.80679985484137]]]}}, {"type": "Feature", "properties": {"color": "#68aa63"}, "geometry": {"type": "Polygon", "coordinates": [[[-78.15739790002985, 38.06655147481794], [-78.25080870699564, 38.018682748185704], [-78.24024101189465, 37.935775640842614], [-78.13659970759163, 37.90070254010472], [-78.04330236126333, 37.948398996789045], [-78.0535326533915, 38.03134053140246], [-78.15739790002985, 38.06655147481794]]]}}, {"type": "Feature", "properties": {"color": "#1c6330"}, "geometry": {"type": "Polygon", "coordinates": [[[-79.65579491231405, 36.83976198810046], [-79.74532050023413, 36.7916553496937], [-79.7325133981091, 36.71041742216859], [-79.63049730172193, 36.677242248552375], [-79.54106310700672, 36.725177192080544], [-79.55355337440945, 36.80645873036194], [-79.65579491231405, 36.83976198810046]]]}}, {"type": "Feature", "properties": {"color": "#476ba0"}, "geometry": {"type": "Polygon", "coordinates": [[[-75.54712641948412, 37.70510184601145], [-75.64234765339184, 37.65956250345376], [-75.63633420031567, 37.57691291930932], [-75.53543606408945, 37.5397861574487], [-75.44035537509046, 37.585161090936005], [-75.44603217359885, 37.667826896333544], [-75.54712641948412, 37.70510184601145]]]}}, {"type": "Feature", "properties": {"color": "#d89382"}, "geometry": {"type": "Polygon", "coordinates": [[[-76.37605980136975, 37.04736862235828], [-76.4692340860618, 37.00160416869745], [-76.46190011728433, 36.91979835388924], [-76.36171836371665, 36.883734963343095], [-76.26867208700659, 36.92933452129484], [-76.27567942639894, 37.01116207449101], [-76.37605980136975, 37.04736862235828]]]}}, {"type": "Feature", "properties": {"color": "#bad8ea"}, "geometry": {"type": "Polygon", "coordinates": [[[-76.57458604482936, 38.157422462434184], [-76.66974397658078, 38.11075346746191], [-76.66189166767451, 38.02760907400882], [-76.55922301879127, 37.991109882880885], [-76.4641969166206, 38.03761030783547], [-76.47170748739222, 38.120778193703096], [-76.57458604482936, 38.157422462434184]]]}}, {"type": "Feature", "properties": {"color": "#d89382"}, "geometry": {"type": "Polygon", "coordinates": [[[-77.3972167598436, 37.48816832023502], [-77.49026715592633, 37.441299255319976], [-77.4811219371099, 37.35902063297724], [-77.37925712155774, 37.323581898252655], [-77.28632592422251, 37.37028216840388], [-77.29514017322487, 37.45258967685042], [-77.3972167598436, 37.48816832023502]]]}}, {"type": "Feature", "properties": {"color": "#68aa63"}, "geometry": {"type": "Polygon", "coordinates": [[[-82.2198685560438, 37.48384934575433], [-82.3077323536403, 37.433389349027635], [-82.29043887083112, 37.35179366185241], [-82.1855974679294, 37.32059663901697], [-82.09779804939166, 37.37087912181744], [-82.11477531774558, 37.45253588217272], [-82.2198685560438, 37.48384934575433]]]}}, {"type": "Feature", "properties": {"color": "#aa7028"}, "geometry": {"type": "Polygon", "coordinates": [[[-75.93998692628283, 37.68790575805219], [-76.03481428255193, 37.6420594250458], [-76.0281285136431, 37.55944635952204], [-75.92695125459377, 37.52266039106597], [-75.83226009938491, 37.56834122512407], [-75.83860988372571, 37.65097322866864], [-75.93998692628283, 37.68790575805219]]]}}, {"type": "Feature", "properties": {"color": "#68aa63"}, "geometry": {"type": "Polygon", "coordinates": [[[-79.38182073025573, 37.605803124126936], [-79.47307136332972, 37.55732382706203], [-79.46052214479529, 37.475111972344564], [-79.35704990538215, 37.441336692347434], [-79.26589674004795, 37.48964248878646], [-79.27811810321175, 37.57189678398894], [-79.38182073025573, 37.605803124126936]]]}}, {"type": "Feature", "properties": {"color": "#dbd83d"}, "geometry": {"type": "Polygon", "coordinates": [[[-77.81228621602267, 36.84434201844289], [-77.90369914553169, 36.79760931292847], [-77.89397918190221, 36.71615894080751], [-77.79316756800061, 36.68140964273056], [-77.70186622802454, 36.72797445406299], [-77.7112647341702, 36.8094561738313], [-77.81228621602267, 36.84434201844289]]]}}, {"type": "Feature", "properties": {"color": "#68aa63"}, "geometry": {"type": "Polygon", "coordinates": [[[-77.24870429223924, 38.87838908739511], [-77.3446402551814, 38.83069540426554], [-77.33548238971179, 38.746750119889604], [-77.23073938002322, 38.71046969337463], [-77.13493146058691, 38.7579910212541], [-77.14373832730111, 38.841964826673475], [-77.24870429223924, 38.87838908739511]]]}}, {"type": "Feature", "properties": {"color": "#68aa63"}, "geometry": {"type": "Polygon", "coordinates": [[[-77.7917086525233, 38.34095327902926], [-77.88602859567858, 38.29318331754177], [-77.87603293304356, 38.209914789399086], [-77.77205923870545, 38.174383869416886], [-77.67785827744126, 38.22198163194182], [-77.68751183376428, 38.305282216444475], [-77.7917086525233, 38.34095327902926]]]}}, {"type": "Feature", "properties": {"color": "#dbd83d"}, "geometry": {"type": "Polygon", "coordinates": [[[-81.94754079988458, 36.64027547390684], [-82.03419173479122, 36.59069356019764], [-82.0176475422725, 36.510074931276165], [-81.91475853555393, 36.47897970926811], [-81.8281728152334, 36.528387078720804], [-81.84441057565746, 36.60906395934666], [-81.94754079988458, 36.64027547390684]]]}}, {"type": "Feature", "properties": {"color": "#68aa63"}, "geometry": {"type": "Polygon", "coordinates": [[[-78.07409973181845, 38.19751753390804], [-78.16785105772618, 38.149622862885245], [-78.15739790002985, 38.06655147481794], [-78.0535326533915, 38.03134053140246], [-77.95989636554793, 38.07906274722214], [-77.97001008251428, 38.16216806733303], [-78.07409973181845, 38.19751753390804]]]}}, {"type": "Feature", "properties": {"color": "#b5c98e"}, "geometry": {"type": "Polygon", "coordinates": [[[-78.77392018478585, 36.78119008137214], [-78.86425151204239, 36.73377956376175], [-78.8529330943039, 36.652505102728234], [-78.75160158290396, 36.618603154969875], [-78.66137111520139, 36.66584386856588], [-78.672371088824, 36.74715605545356], [-78.77392018478585, 36.78119008137214]]]}}, {"type": "Feature", "properties": {"color": "#68aa63"}, "geometry": {"type": "Polygon", "coordinates": [[[-80.62516579037569, 37.381362275863644], [-80.7146498030713, 37.33212935076604], [-80.70006347948812, 37.25037023027859], [-80.5963137818184, 37.21779323495827], [-80.50691221067434, 37.26685114879007], [-80.5211776132477, 37.34866079772349], [-80.62516579037569, 37.381362275863644]]]}}, {"type": "Feature", "properties": {"color": "#68aa63"}, "geometry": {"type": "Polygon", "coordinates": [[[-79.03569881600397, 37.25756218152591], [-79.12665453197506, 37.20960166457238], [-79.11478052631227, 37.127769946173764], [-79.0122746815407, 37.09385862868782], [-78.92141891213359, 37.141647371168965], [-78.93296881496572, 37.22351892460006], [-79.03569881600397, 37.25756218152591]]]}}, {"type": "Feature", "properties": {"color": "#d89382"}, "geometry": {"type": "Polygon", "coordinates": [[[-78.91105011071359, 37.76505827139547], [-79.0030998784862, 37.71682031314524], [-78.99131135057615, 37.634357595323635], [-78.88780416151569, 37.60009316997816], [-78.79585789075615, 37.648158096938275], [-78.80731508331115, 37.73066019448364], [-78.91105011071359, 37.76505827139547]]]}}, {"type": "Feature", "properties": {"color": "#68aa63"}, "geometry": {"type": "Polygon", "coordinates": [[[-82.23890619668569, 37.10757744204997], [-82.326064217422, 37.05740993876676], [-82.308874675283, 36.97627378048346], [-82.20483801861522, 36.945244158825794], [-82.11774316029712, 36.995235300970755], [-82.13462146647562, 37.0764321697732], [-82.23890619668569, 37.10757744204997]]]}}, {"type": "Feature", "properties": {"color": "#b5c98e"}, "geometry": {"type": "Polygon", "coordinates": [[[-78.34059035211396, 37.181415130670906], [-78.43211476841158, 37.13403645795783], [-78.42143260916181, 37.05222021264792], [-78.31955064422564, 37.017747247252686], [-78.22813357201406, 37.0649558336141], [-78.23849091999747, 37.146807187559105], [-78.34059035211396, 37.181415130670906]]]}}, {"type": "Feature", "properties": {"color": "#aa7028"}, "geometry": {"type": "Polygon", "coordinates": [[[-76.24779183047478, 36.684460035743214], [-76.34038735069178, 36.63904459260989], [-76.33332483152608, 36.55768441506321], [-76.2339886052409, 36.52171864206983], [-76.14152053003275, 36.566970580496516], [-76.14826111399536, 36.648351508402286], [-76.24779183047478, 36.684460035743214]]]}}, {"type": "Feature", "properties": {"color": "#68aa63"}, "geometry": {"type": "Polygon", "coordinates": [[[-77.50653030705827, 39.37282893843144], [-77.60320428927461, 39.32459880368563], [-77.59349222565538, 39.24010655485334], [-77.48746381080797, 39.20381354637527], [-77.39091748035958, 39.251869304498584], [-77.40027171672233, 39.3363921400824], [-77.50653030705827, 39.37282893843144]]]}}, {"type": "Feature", "properties": {"color": "#476ba0"}, "geometry": {"type": "Polygon", "coordinates": [[[-78.27789556053729, 36.691610739869475], [-78.36855978461118, 36.64463750545999], [-78.35809155679549, 36.56342174616272], [-78.25727735249062, 36.529144576865754], [-78.16671899729869, 36.57594932916814], [-78.17686878501277, 36.657199452556945], [-78.27789556053729, 36.691610739869475]]]}}, {"type": "Feature", "properties": {"color": "#68aa63"}, "geometry": {"type": "Polygon", "coordinates": [[[-79.65500668508264, 37.46026732877574], [-79.74569162913107, 37.41169123724539], [-79.73271844347941, 37.32969217438817], [-79.62938514840216, 37.29622477241014], [-79.53879398743378, 37.34462728262186], [-79.55144208795751, 37.42667049723479], [-79.65500668508264, 37.46026732877574]]]}}, {"type": "Feature", "properties": {"color": "#dbd83d"}, "geometry": {"type": "Polygon", "coordinates": [[[-79.01766265262587, 38.51222601602223], [-79.11104372771224, 38.463369126628386], [-79.09888322481504, 38.380031783534676], [-78.99368291924165, 38.345510370045126], [-78.90040736081978, 38.394191824307086], [-78.91222634763052, 38.47756983530095], [-79.01766265262587, 38.51222601602223]]]}}, {"type": "Feature", "properties": {"color": "#68aa63"}, "geometry": {"type": "Polygon", "coordinates": [[[-82.94894031980942, 36.78639469440113], [-83.03469472157667, 36.736004942111514], [-83.0164535210332, 36.65540857129092], [-82.91276169431674, 36.62513692866156], [-82.82706159491873, 36.67535059998995], [-82.84499867505507, 36.75601174768609], [-82.94894031980942, 36.78639469440113]]]}}, {"type": "Feature", "properties": {"color": "#aa7028"}, "geometry": {"type": "Polygon", "coordinates": [[[-76.84814104934748, 36.899791130025534], [-76.9405892650978, 36.85375987795728], [-76.93248177920074, 36.7721656661232], [-76.83224987880912, 36.73657753528076], [-76.7399238762317, 36.7824430785541], [-76.74770741584553, 36.86406217328989], [-76.84814104934748, 36.899791130025534]]]}}, {"type": "Feature", "properties": {"color": "#68aa63"}, "geometry": {"type": "Polygon", "coordinates": [[[-79.42686586649944, 36.61067604687601], [-79.51620783707602, 36.56291223503986], [-79.50384241880957, 36.4819291240701], [-79.40244929667152, 36.4486676475093], [-79.31320036445203, 36.496260893081065], [-79.32525128591006, 36.57728590819552], [-79.42686586649944, 36.61067604687601]]]}}, {"type": "Feature", "properties": {"color": "#68aa63"}, "geometry": {"type": "Polygon", "coordinates": [[[-83.0164535210332, 36.65540857129092], [-83.10189642140531, 36.60508362759453], [-83.08359459107461, 36.524663011787304], [-82.98015169674686, 36.49450208138844], [-82.89476204438606, 36.54465130018763], [-82.91276169431674, 36.62513692866156], [-83.0164535210332, 36.65540857129092]]]}}, {"type": "Feature", "properties": {"color": "#68aa63"}, "geometry": {"type": "Polygon", "coordinates": [[[-79.7329288561075, 37.95473726413651], [-79.82446664924666, 37.905734049682145], [-79.81122492244712, 37.82315061740009], [-79.7067767369697, 37.78952500889006], [-79.61533377174142, 37.838353017400244], [-79.62824390294965, 37.92098155782215], [-79.7329288561075, 37.95473726413651]]]}}, {"type": "Feature", "properties": {"color": "#68aa63"}, "geometry": {"type": "Polygon", "coordinates": [[[-77.59349222565538, 39.24010655485334], [-77.68980808486516, 39.19189205217359], [-77.6799698196923, 39.10755907773008], [-77.57417115171249, 39.07140916032261], [-77.47798120019411, 39.119449432307626], [-77.48746381080797, 39.20381354637527], [-77.59349222565538, 39.24010655485334]]]}}, {"type": "Feature", "properties": {"color": "#aa7028"}, "geometry": {"type": "Polygon", "coordinates": [[[-79.09888322481504, 38.380031783534676], [-79.19192035913815, 38.33120578394827], [-79.1796534484761, 38.248033880437596], [-79.0746885684512, 38.21364655809381], [-78.98175541823866, 38.26229733835845], [-78.99368291924165, 38.345510370045126], [-79.09888322481504, 38.380031783534676]]]}}, {"type": "Feature", "properties": {"color": "#68aa63"}, "geometry": {"type": "Polygon", "coordinates": [[[-82.308874675283, 36.97627378048346], [-82.39571490754467, 36.926165261826306], [-82.37845678890145, 36.84520340278811], [-82.27466736744908, 36.81428882152427], [-82.18788915867583, 36.86422131341799], [-82.20483801861522, 36.945244158825794], [-82.308874675283, 36.97627378048346]]]}}, {"type": "Feature", "properties": {"color": "#dbd83d"}, "geometry": {"type": "Polygon", "coordinates": [[[-78.98175541823866, 38.26229733835845], [-79.0746885684512, 38.21364655809381], [-79.06265398028685, 38.130599063002215], [-78.95802407514824, 38.09616182441025], [-78.86519576453271, 38.14463796924684], [-78.8768922808936, 38.227725698176876], [-78.98175541823866, 38.26229733835845]]]}}, {"type": "Feature", "properties": {"color": "#476ba0"}, "geometry": {"type": "Polygon", "coordinates": [[[-76.88417444962639, 38.26693258056594], [-76.97925015607164, 38.21994053847296], [-76.97084245551875, 38.136686089504096], [-76.86770168891654, 38.10039768713724], [-76.77275492675935, 38.14722002545515], [-76.78081982762707, 38.230500169791206], [-76.88417444962639, 38.26693258056594]]]}}, {"type": "Feature", "properties": {"color": "#68aa63"}, "geometry": {"type": "Polygon", "coordinates": [[[-80.54985392691756, 37.51257140742593], [-80.63966527181836, 37.463292361971675], [-80.62516579037569, 37.381362275863644], [-80.5211776132477, 37.34866079772349], [-80.43145002547726, 37.3977645517594], [-80.44562657554988, 37.47974480224049], [-80.54985392691756, 37.51257140742593]]]}}, {"type": "Feature", "properties": {"color": "#b5c98e"}, "geometry": {"type": "Polygon", "coordinates": [[[-79.11478052631227, 37.127769946173764], [-79.20540980766377, 37.07984653749699], [-79.19343494055127, 36.99818363233493], [-79.09115271956719, 36.96440359397074], [-79.00062196879013, 37.01215546109936], [-79.0122746815407, 37.09385862868782], [-79.11478052631227, 37.127769946173764]]]}}, {"type": "Feature", "properties": {"color": "#aa7028"}, "geometry": {"type": "Polygon", "coordinates": [[[-76.93248177920074, 36.7721656661232], [-77.02460664703172, 36.726158459703434], [-77.01637908693925, 36.64472895997547], [-76.91634861957299, 36.60928098253511], [-76.82434442611354, 36.655122638189475], [-76.83224987880912, 36.73657753528076], [-76.93248177920074, 36.7721656661232]]]}}, {"type": "Feature", "properties": {"color": "#68aa63"}, "geometry": {"type": "Polygon", "coordinates": [[[-80.19629457897427, 37.16835441328746], [-80.28585180930828, 37.119599611023816], [-80.27204889236694, 37.03803375594287], [-80.16900799368527, 37.00517494747397], [-80.07953732761891, 37.05375609495968], [-80.09302073162446, 37.13536943285726], [-80.19629457897427, 37.16835441328746]]]}}, {"type": "Feature", "properties": {"color": "#1c6330"}, "geometry": {"type": "Polygon", "coordinates": [[[-79.501106218436, 37.09908734331137], [-79.59127722994423, 37.05089769373527], [-79.57866022382794, 36.96931914134747], [-79.47619266752304, 36.935887148847755], [-79.38611576481306, 36.983904597688905], [-79.39841206990089, 37.06552596289971], [-79.501106218436, 37.09908734331137]]]}}, {"type": "Feature", "properties": {"color": "#68aa63"}, "geometry": {"type": "Polygon", "coordinates": [[[-77.99034310254345, 38.32867198998348], [-78.0844368869489, 38.280752632513504], [-78.07409973181845, 38.19751753390804], [-77.97001008251428, 38.16216806733303], [-77.87603293304356, 38.209914789399086], [-77.88602859567858, 38.29318331754177], [-77.99034310254345, 38.32867198998348]]]}}, {"type": "Feature", "properties": {"color": "#68aa63"}, "geometry": {"type": "Polygon", "coordinates": [[[-77.87603293304356, 38.209914789399086], [-77.97001008251428, 38.16216806733303], [-77.95989636554793, 38.07906274722214], [-77.8561453623341, 38.04367128561866], [-77.76228558141896, 38.0912459811512], [-77.77205923870545, 38.174383869416886], [-77.87603293304356, 38.209914789399086]]]}}, {"type": "Feature", "properties": {"color": "#dbd83d"}, "geometry": {"type": "Polygon", "coordinates": [[[-81.35129389388653, 37.06810302512503], [-81.43939243346215, 37.0185929129752], [-81.42369068152982, 36.93733815228545], [-81.32020429287236, 36.90553830116839], [-81.23217891440953, 36.954873292787354], [-81.24756646280325, 37.03618299270549], [-81.35129389388653, 37.06810302512503]]]}}, {"type": "Feature", "properties": {"color": "#ed0000"}, "geometry": {"type": "Polygon", "coordinates": [[[-77.99831994333309, 39.21553604875587], [-78.09416836136506, 39.16700719047702], [-78.08362068498084, 39.082740786311525], [-77.97757875716532, 39.04696893758054], [-77.88185128908084, 39.095322642172285], [-77.89204458471387, 39.17962304534582], [-77.99831994333309, 39.21553604875587]]]}}, {"type": "Feature", "properties": {"color": "#68aa63"}, "geometry": {"type": "Polygon", "coordinates": [[[-80.65659881775348, 37.00567651518812], [-80.74535408896372, 36.95671351317893], [-80.73082948335221, 36.875418290039946], [-80.62786518639615, 36.84303545608284], [-80.53919072821981, 36.89182455414225], [-80.55339947704563, 36.97317012189675], [-80.65659881775348, 37.00567651518812]]]}}, {"type": "Feature", "properties": {"color": "#1c6330"}, "geometry": {"type": "Polygon", "coordinates": [[[-77.87042441992972, 37.335546621885975], [-77.96271410521899, 37.288417442559954], [-77.95279467810448, 37.20636616581087], [-77.85091331731326, 37.17141175463644], [-77.75873687269534, 37.218371453330846], [-77.76832836235508, 37.30045475605067], [-77.87042441992972, 37.335546621885975]]]}}, {"type": "Feature", "properties": {"color": "#68aa63"}, "geometry": {"type": "Polygon", "coordinates": [[[-79.46052214479529, 37.475111972344564], [-79.55144208795751, 37.42667049723479], [-79.53879398743378, 37.34462728262186], [-79.43555155572426, 37.310982402005095], [-79.34472766079271, 37.359250616885085], [-79.35704990538215, 37.441336692347434], [-79.46052214479529, 37.475111972344564]]]}}, {"type": "Feature", "properties": {"color": "#1c6330"}, "geometry": {"type": "Polygon", "coordinates": [[[-77.4001984990765, 36.62302266011564], [-77.49159417971514, 36.57676274506007], [-77.48260881279624, 36.49555412014666], [-77.38254692941983, 36.46057666088693], [-77.29126622259356, 36.506670311226436], [-77.29993226366797, 36.58790740184654], [-77.4001984990765, 36.62302266011564]]]}}, {"type": "Feature", "properties": {"color": "#70a3ba"}, "geometry": {"type": "Polygon", "coordinates": [[[-75.9011465189847, 37.19337471471891], [-75.99504115974356, 37.14788724902109], [-75.98849117571856, 37.0658777807271], [-75.88837564625182, 37.02933694103608], [-75.79461485333077, 37.074660404190816], [-75.80083562859616, 37.15668841595748], [-75.9011465189847, 37.19337471471891]]]}}, {"type": "Feature", "properties": {"color": "#bad8ea"}, "geometry": {"type": "Polygon", "coordinates": [[[-76.46190011728433, 36.91979835388924], [-76.55474900408312, 36.874054020539724], [-76.54728984433576, 36.79241134462236], [-76.44730645810408, 36.75649043553725], [-76.35458399579831, 36.802070010539346], [-76.36171836371665, 36.883734963343095], [-76.46190011728433, 36.91979835388924]]]}}, {"type": "Feature", "properties": {"color": "#dbd83d"}, "geometry": {"type": "Polygon", "coordinates": [[[-78.5704511925007, 38.923695536039055], [-78.66511650671801, 38.8749039300435], [-78.65363180161675, 38.79103444132783], [-78.5478302115524, 38.7559184124981], [-78.45327758828931, 38.80453436550746], [-78.46441363145034, 38.888441702192566], [-78.5704511925007, 38.923695536039055]]]}}, {"type": "Feature", "properties": {"color": "#ddc9c9"}, "geometry": {"type": "Polygon", "coordinates": [[[-77.89397918190221, 36.71615894080751], [-77.98506997577229, 36.66945704058383], [-77.97523921446623, 36.588173823848855], [-77.87463707174739, 36.55356040602406], [-77.78365639880103, 36.60009460704002], [-77.79316756800061, 36.68140964273056], [-77.89397918190221, 36.71615894080751]]]}}, {"type": "Feature", "properties": {"color": "#aa7028"}, "geometry": {"type": "Polygon", "coordinates": [[[-77.3128594436089, 37.617503716635625], [-77.40624276553743, 37.57061100754916], [-77.3972167598436, 37.48816832023502], [-77.29514017322487, 37.45258967685042], [-77.20187762663201, 37.4993134263495], [-77.21057072257268, 37.581784486145146], [-77.3128594436089, 37.617503716635625]]]}}, {"type": "Feature", "properties": {"color": "#68aa63"}, "geometry": {"type": "Polygon", "coordinates": [[[-81.87704848123694, 36.770708569255234], [-81.96401378000392, 36.72106866730156], [-81.94754079988458, 36.64027547390684], [-81.84441057565746, 36.60906395934666], [-81.75751163788276, 36.658528989404054], [-81.77367625162063, 36.73938014922846], [-81.87704848123694, 36.770708569255234]]]}}, {"type": "Feature", "properties": {"color": "#68aa63"}, "geometry": {"type": "Polygon", "coordinates": [[[-77.30820089064343, 38.49549686271527], [-77.40331234263306, 38.44800967248989], [-77.39412514920298, 38.36451683730681], [-77.29017163713439, 38.32848213050249], [-77.19518551165214, 38.37579787959202], [-77.20402739365899, 38.45931947611718], [-77.30820089064343, 38.49549686271527]]]}}, {"type": "Feature", "properties": {"color": "#68aa63"}, "geometry": {"type": "Polygon", "coordinates": [[[-79.61533377174142, 37.838353017400244], [-79.7067767369697, 37.78952500889006], [-79.69376779142436, 37.707064462107574], [-79.58964597610044, 37.67338742948169], [-79.49829873701849, 37.72204079803571], [-79.51097733205346, 37.80454555683771], [-79.61533377174142, 37.838353017400244]]]}}, {"type": "Feature", "properties": {"color": "#68aa63"}, "geometry": {"type": "Polygon", "coordinates": [[[-81.08586008682757, 37.21649019345985], [-81.1745279110862, 37.16705220529026], [-81.15922081683756, 37.08557000200737], [-81.05556272129665, 37.05347214139929], [-80.96697153734615, 37.10273492455495], [-80.98196151384903, 37.1842705066964], [-81.08586008682757, 37.21649019345985]]]}}, {"type": "Feature", "properties": {"color": "#aa7028"}, "geometry": {"type": "Polygon", "coordinates": [[[-76.97084245551875, 38.136686089504096], [-77.06557594823623, 38.08971134981395], [-77.0570415640561, 38.00661807219395], [-76.95411432202492, 37.9704729901646], [-76.85950810090462, 38.01727816404726], [-76.86770168891654, 38.10039768713724], [-76.97084245551875, 38.136686089504096]]]}}, {"type": "Feature", "properties": {"color": "#ddc9c9"}, "geometry": {"type": "Polygon", "coordinates": [[[-78.97194434767812, 38.89590144857304], [-79.0661271446402, 38.84681008634669], [-79.05394734319293, 38.763020475422024], [-78.94793166576108, 38.72828129686695], [-78.85385663998814, 38.77719621673466], [-78.86568927261396, 38.86102646197242], [-78.97194434767812, 38.89590144857304]]]}}, {"type": "Feature", "properties": {"color": "#476ba0"}, "geometry": {"type": "Polygon", "coordinates": [[[-75.45744462438614, 37.833459000818245], [-75.5530018658015, 37.78790993687634], [-75.54712641948412, 37.70510184601145], [-75.44603217359885, 37.667826896333544], [-75.35061719889237, 37.71321146434115], [-75.35615410212066, 37.796035177591946], [-75.45744462438614, 37.833459000818245]]]}}, {"type": "Feature", "properties": {"color": "#68aa63"}, "geometry": {"type": "Polygon", "coordinates": [[[-79.57866022382794, 36.96931914134747], [-79.66850759728115, 36.92117044836997], [-79.65579491231405, 36.83976198810046], [-79.55355337440945, 36.80645873036194], [-79.46379874347878, 36.854435473432055], [-79.47619266752304, 36.935887148847755], [-79.57866022382794, 36.96931914134747]]]}}, {"type": "Feature", "properties": {"color": "#aa7028"}, "geometry": {"type": "Polygon", "coordinates": [[[-78.90040736081978, 38.394191824307086], [-78.99368291924165, 38.345510370045126], [-78.98175541823866, 38.26229733835845], [-78.8768922808936, 38.227725698176876], [-78.78372309298457, 38.27623230388721], [-78.79531043441207, 38.359485106773036], [-78.90040736081978, 38.394191824307086]]]}}, {"type": "Feature", "properties": {"color": "#68aa63"}, "geometry": {"type": "Polygon", "coordinates": [[[-81.78381781016373, 37.27649937681321], [-81.87180642843417, 37.22651511597547], [-81.8553140301065, 37.145085392515384], [-81.75114796129442, 37.11358167723432], [-81.6632281817493, 37.16338959629971], [-81.67940531362447, 37.24487731101447], [-81.78381781016373, 37.27649937681321]]]}}, {"type": "Feature", "properties": {"color": "#dbd83d"}, "geometry": {"type": "Polygon", "coordinates": [[[-81.42369068152982, 36.93733815228545], [-81.5114696377497, 36.8878813927554], [-81.49569055763855, 36.80679985484137], [-81.39244445849205, 36.775119559114465], [-81.30473745052045, 36.82440150764698], [-81.32020429287236, 36.90553830116839], [-81.42369068152982, 36.93733815228545]]]}}, {"type": "Feature", "properties": {"color": "#dbd83d"}, "geometry": {"type": "Polygon", "coordinates": [[[-78.56712996351075, 37.41461022503727], [-78.65886684550681, 37.36688960329154], [-78.64774784122778, 37.284812046630485], [-78.5452191651092, 37.25041803089005], [-78.45358813992806, 37.2979673826584], [-78.46437972241239, 37.38008173517522], [-78.56712996351075, 37.41461022503727]]]}}, {"type": "Feature", "properties": {"color": "#68aa63"}, "geometry": {"type": "Polygon", "coordinates": [[[-79.65419776796512, 38.08652920421775], [-79.74607248941321, 38.03748860109212], [-79.7329288561075, 37.95473726413651], [-79.62824390294965, 37.92098155782215], [-79.53646544943551, 37.96984671128985], [-79.54927542070003, 38.05264273654535], [-79.65419776796512, 38.08652920421775]]]}}, {"type": "Feature", "properties": {"color": "#bad8ea"}, "geometry": {"type": "Polygon", "coordinates": [[[-77.3437029677092, 36.99560941841257], [-77.43586013305139, 36.9491275993387], [-77.42689953523228, 36.86745011509382], [-77.32610599291829, 36.83222588736899], [-77.2340661962408, 36.87854047816615], [-77.24270240976827, 36.960246237834866], [-77.3437029677092, 36.99560941841257]]]}}, {"type": "Feature", "properties": {"color": "#68aa63"}, "geometry": {"type": "Polygon", "coordinates": [[[-78.08362068498084, 39.082740786311525], [-78.17911371174485, 39.034231937024465], [-78.16844576392941, 38.950126527141876], [-78.06263678503007, 38.91449513928759], [-77.96726302079206, 38.96282900263337], [-77.97757875716532, 39.04696893758054], [-78.08362068498084, 39.082740786311525]]]}}, {"type": "Feature", "properties": {"color": "#68aa63"}, "geometry": {"type": "Polygon", "coordinates": [[[-81.32528600822278, 37.44418213198127], [-81.41410408008628, 37.39439216519798], [-81.39832200053635, 37.31267536022384], [-81.2940407828215, 37.280693053555694], [-81.2052973231363, 37.33030677067607], [-81.2207601620471, 37.4120787775845], [-81.32528600822278, 37.44418213198127]]]}}, {"type": "Feature", "properties": {"color": "#476ba0"}, "geometry": {"type": "Polygon", "coordinates": [[[-76.3326062427802, 37.66940960467224], [-76.42703129874712, 37.62325977151001], [-76.41967469397872, 37.5406886457753], [-76.31822812158224, 37.504245410129016], [-76.22393489248384, 37.55022869908743], [-76.23095627594705, 37.63282147125784], [-76.3326062427802, 37.66940960467224]]]}}, {"type": "Feature", "properties": {"color": "#68aa63"}, "geometry": {"type": "Polygon", "coordinates": [[[-78.55205484048902, 38.040547508231064], [-78.64500880071574, 37.99238883123342], [-78.63376826334697, 37.909554626259165], [-78.52990963248261, 37.87484168338475], [-78.43706449263547, 37.92282728434425], [-78.44796894377792, 38.00569861376352], [-78.55205484048902, 38.040547508231064]]]}}, {"type": "Feature", "properties": {"color": "#b5c98e"}, "geometry": {"type": "Polygon", "coordinates": [[[-80.08425881292735, 37.67616109320054], [-80.17488731714157, 37.6271020027416], [-80.16112669937118, 37.54490309544917], [-80.05706398718644, 37.511715779507625], [-79.96652518202478, 37.56059986513439], [-79.97995912106771, 37.642845993727555], [-80.08425881292735, 37.67616109320054]]]}}, {"type": "Feature", "properties": {"color": "#476ba0"}, "geometry": {"type": "Polygon", "coordinates": [[[-75.72507128599109, 37.44889415409178], [-75.8196257536969, 37.403378178502024], [-75.81334096971969, 37.321047458335634], [-75.71283451932968, 37.284215020500916], [-75.61841721039244, 37.32956677860404], [-75.62436908432446, 37.41191489570623], [-75.72507128599109, 37.44889415409178]]]}}, {"type": "Feature", "properties": {"color": "#68aa63"}, "geometry": {"type": "Polygon", "coordinates": [[[-77.78760972686239, 37.464920325857584], [-77.88022994762315, 37.41776349348439], [-77.87042441992972, 37.335546621885975], [-77.76832836235508, 37.30045475605067], [-77.67582291025246, 37.347441922713166], [-77.68529856271094, 37.429690331637964], [-77.78760972686239, 37.464920325857584]]]}}, {"type": "Feature", "properties": {"color": "#dbd83d"}, "geometry": {"type": "Polygon", "coordinates": [[[-77.73628795346943, 38.72324707229253], [-77.8314208728066, 38.675261343367914], [-77.82144069296, 38.59153865184351], [-77.71667512890417, 38.55576951071892], [-77.62166375423449, 38.60358209457795], [-77.63129620153866, 38.68733666397521], [-77.73628795346943, 38.72324707229253]]]}}, {"type": "Feature", "properties": {"color": "#68aa63"}, "geometry": {"type": "Polygon", "coordinates": [[[-81.30473745052045, 36.82440150764698], [-81.39244445849205, 36.775119559114465], [-81.37689946772876, 36.69415606448983], [-81.27395839443014, 36.662419900568956], [-81.1863243352147, 36.711527554980414], [-81.20155810584997, 36.79254540563127], [-81.30473745052045, 36.82440150764698]]]}}, {"type": "Feature", "properties": {"color": "#68aa63"}, "geometry": {"type": "Polygon", "coordinates": [[[-77.95989636554793, 38.07906274722214], [-78.0535326533915, 38.03134053140246], [-78.04330236126333, 37.948398996789045], [-77.9397736101693, 37.91314631150872], [-77.84625309708007, 37.960696678363234], [-77.8561453623341, 38.04367128561866], [-77.95989636554793, 38.07906274722214]]]}}, {"type": "Feature", "properties": {"color": "#ed0000"}, "geometry": {"type": "Polygon", "coordinates": [[[-76.48397693302469, 37.16551875911448], [-76.57727869789355, 37.11958878168268], [-76.56974330191638, 37.03764288932665], [-76.4692340860618, 37.00160416869745], [-76.37605980136975, 37.04736862235828], [-76.38326711802503, 37.12933702870688], [-76.48397693302469, 37.16551875911448]]]}}, {"type": "Feature", "properties": {"color": "#68aa63"}, "geometry": {"type": "Polygon", "coordinates": [[[-79.46379874347878, 36.854435473432055], [-79.55355337440945, 36.80645873036194], [-79.54106310700672, 36.725177192080544], [-79.43913555044078, 36.69182976569207], [-79.34947449223984, 36.739635124441286], [-79.36164718302938, 36.82095901883222], [-79.46379874347878, 36.854435473432055]]]}}, {"type": "Feature", "properties": {"color": "#aa7028"}, "geometry": {"type": "Polygon", "coordinates": [[[-76.85950810090462, 38.01727816404726], [-76.95411432202492, 37.9704729901646], [-76.94579358838247, 37.88751469802872], [-76.84320577268998, 37.85133585976623], [-76.74872743731277, 37.89797209528913], [-76.75670887599303, 37.98095580945856], [-76.85950810090462, 38.01727816404726]]]}}, {"type": "Feature", "properties": {"color": "#68aa63"}, "geometry": {"type": "Polygon", "coordinates": [[[-82.6751075101094, 37.31271902955546], [-82.76212714007107, 37.26207952480735], [-82.74413865378784, 37.180783607031], [-82.63944222984142, 37.15006316647167], [-82.55248126848305, 37.200525195410584], [-82.57015771471234, 37.281884886989], [-82.6751075101094, 37.31271902955546]]]}}, {"type": "Feature", "properties": {"color": "#b5c98e"}, "geometry": {"type": "Polygon", "coordinates": [[[-76.3543599215865, 37.91790428224445], [-76.44925362289503, 37.87157179281255], [-76.44182063194287, 37.78870151370381], [-76.33983247444104, 37.752141547605675], [-76.24507172891956, 37.798306736863246], [-76.2521660492487, 37.881198893601564], [-76.3543599215865, 37.91790428224445]]]}}, {"type": "Feature", "properties": {"color": "#1c6330"}, "geometry": {"type": "Polygon", "coordinates": [[[-78.69448237694236, 36.910080404323864], [-78.78513589533817, 36.86263346987141], [-78.77392018478585, 36.78119008137214], [-78.672371088824, 36.74715605545356], [-78.58181984122007, 36.79443296026692], [-78.59271520929957, 36.875913640640256], [-78.69448237694236, 36.910080404323864]]]}}, {"type": "Feature", "properties": {"color": "#1c6330"}, "geometry": {"type": "Polygon", "coordinates": [[[-78.22813357201406, 37.0649558336141], [-78.31955064422564, 37.017747247252686], [-78.30908409954083, 36.936062978367566], [-78.20752379337901, 36.901552736481925], [-78.11621478382617, 36.94859183090175], [-78.12635782249141, 37.03031037541312], [-78.22813357201406, 37.0649558336141]]]}}, {"type": "Feature", "properties": {"color": "#68aa63"}, "geometry": {"type": "Polygon", "coordinates": [[[-82.02665226037607, 37.50287433297873], [-82.11477531774558, 37.45253588217272], [-82.09779804939166, 37.37087912181744], [-81.99301465605235, 37.33950070563821], [-81.90495827227049, 37.38966181159206], [-81.92161827713817, 37.47137841750604], [-82.02665226037607, 37.50287433297873]]]}}, {"type": "Feature", "properties": {"color": "#bad8ea"}, "geometry": {"type": "Polygon", "coordinates": [[[-77.11697500955889, 37.628530479326066], [-77.21057072257268, 37.581784486145146], [-77.20187762663201, 37.4993134263495], [-77.09992207378818, 37.46356103312861], [-77.00644935839966, 37.51013852702546], [-77.01480903656926, 37.59263661987305], [-77.11697500955889, 37.628530479326066]]]}}, {"type": "Feature", "properties": {"color": "#b5c98e"}, "geometry": {"type": "Polygon", "coordinates": [[[-80.73082948335221, 36.875418290039946], [-80.8192644444111, 36.826504332641115], [-80.80465583868046, 36.745381422631205], [-80.70192590193027, 36.7131215116754], [-80.61357048781453, 36.76186185434524], [-80.62786518639615, 36.84303545608284], [-80.73082948335221, 36.875418290039946]]]}}, {"type": "Feature", "properties": {"color": "#476ba0"}, "geometry": {"type": "Polygon", "coordinates": [[[-76.22393489248384, 37.55022869908743], [-76.31822812158224, 37.504245410129016], [-76.31107597799179, 37.42181348923015], [-76.20996419096787, 37.38534370198934], [-76.11580331698663, 37.431161081185714], [-76.12262174695125, 37.51361386148276], [-76.22393489248384, 37.55022869908743]]]}}, {"type": "Feature", "properties": {"color": "#68aa63"}, "geometry": {"type": "Polygon", "coordinates": [[[-82.56882377448315, 36.8258922301141], [-82.65509287526645, 36.775728772777114], [-82.63746099166728, 36.695004014916314], [-82.53386592866413, 36.66438002683015], [-82.44765552542503, 36.71436765314951], [-82.46498115348868, 36.79515484753688], [-82.56882377448315, 36.8258922301141]]]}}, {"type": "Feature", "properties": {"color": "#68aa63"}, "geometry": {"type": "Polygon", "coordinates": [[[-77.53593616496097, 38.73516860266313], [-77.63129620153866, 38.68733666397521], [-77.62166375423449, 38.60358209457795], [-77.51701941046471, 38.567628685521704], [-77.42178331544036, 38.61528793941637], [-77.43106743291791, 38.6990729854812], [-77.53593616496097, 38.73516860266313]]]}}, {"type": "Feature", "properties": {"color": "#b5c98e"}, "geometry": {"type": "Polygon", "coordinates": [[[-78.20875554070025, 37.68764362022426], [-78.30138071675137, 37.64000238499226], [-78.29080940108976, 37.55755555493694], [-78.1879447178299, 37.52271512820054], [-78.09543064994192, 37.5701850773945], [-78.10566995486462, 37.65266645017208], [-78.20875554070025, 37.68764362022426]]]}}, {"type": "Feature", "properties": {"color": "#dbd83d"}, "geometry": {"type": "Polygon", "coordinates": [[[-79.04437231125155, 36.63886371990484], [-79.13416197907122, 36.591359456461895], [-79.1224262615973, 36.510293783135815], [-79.02121654991561, 36.47669268967658], [-78.93152420733247, 36.52402703735639], [-78.94294403344014, 36.605132118481365], [-79.04437231125155, 36.63886371990484]]]}}, {"type": "Feature", "properties": {"color": "#ddc9c9"}, "geometry": {"type": "Polygon", "coordinates": [[[-80.07953732761891, 37.05375609495968], [-80.16900799368527, 37.00517494747397], [-80.1554335093531, 36.92373242216751], [-80.05270646883278, 36.89082416951483], [-79.96332326708576, 36.939232213204896], [-79.97657938297803, 37.020721340641025], [-80.07953732761891, 37.05375609495968]]]}}, {"type": "Feature", "properties": {"color": "#68aa63"}, "geometry": {"type": "Polygon", "coordinates": [[[-77.3396676227824, 37.865619810361395], [-77.43350743363428, 37.818534960176244], [-77.42438794234084, 37.7357944980452], [-77.32176477627561, 37.70010991366272], [-77.22804669257422, 37.74702502601064], [-77.23682987541123, 37.829794165826364], [-77.3396676227824, 37.865619810361395]]]}}, {"type": "Feature", "properties": {"color": "#dbd83d"}, "geometry": {"type": "Polygon", "coordinates": [[[-78.22066499257083, 38.56644155045251], [-78.31498977358724, 38.51817510236443], [-78.30419971872033, 38.434683305335916], [-78.19942902838879, 38.39942248494932], [-78.10521936070155, 38.44751508501259], [-78.11566505586465, 38.531042056637894], [-78.22066499257083, 38.56644155045251]]]}}, {"type": "Feature", "properties": {"color": "#b5c98e"}, "geometry": {"type": "Polygon", "coordinates": [[[-78.14674728983532, 37.19404717853064], [-78.23849091999747, 37.146807187559105], [-78.22813357201406, 37.0649558336141], [-78.12635782249141, 37.03031037541312], [-78.03472373172308, 37.07738067224794], [-78.04475565709663, 37.15926583617823], [-78.14674728983532, 37.19404717853064]]]}}, {"type": "Feature", "properties": {"color": "#68aa63"}, "geometry": {"type": "Polygon", "coordinates": [[[-81.06844866997488, 36.59871874543619], [-81.15600879757615, 36.549784865106076], [-81.14092653005994, 36.46906034978068], [-81.03859302567831, 36.43721687748257], [-80.95110779510699, 36.48597750684808], [-80.96588088874337, 36.56675459760306], [-81.06844866997488, 36.59871874543619]]]}}, {"type": "Feature", "properties": {"color": "#1c6330"}, "geometry": {"type": "Polygon", "coordinates": [[[-76.70141207734441, 37.402158249957274], [-76.79496715799037, 37.355895343988124], [-76.78702336677746, 37.273671702798566], [-76.68585533728131, 37.23768658708084], [-76.59242663527127, 37.28378271556407], [-76.6000394398537, 37.36603044417333], [-76.70141207734441, 37.402158249957274]]]}}, {"type": "Feature", "properties": {"color": "#b5c98e"}, "geometry": {"type": "Polygon", "coordinates": [[[-80.00696508608625, 37.807629499888506], [-80.09792601961763, 37.75852929415886], [-80.08425881292735, 37.67616109320054], [-79.97995912106771, 37.642845993727555], [-79.88908927255416, 37.691770935574176], [-79.9024277624599, 37.77418596133535], [-80.00696508608625, 37.807629499888506]]]}}, {"type": "Feature", "properties": {"color": "#bad8ea"}, "geometry": {"type": "Polygon", "coordinates": [[[-76.89646653903998, 37.391851499885], [-76.98981564621442, 37.34544188424615], [-76.9815413209213, 37.26324366116773], [-76.88024827125018, 37.22742934331713], [-76.78702336677746, 37.273671702798566], [-76.79496715799037, 37.355895343988124], [-76.89646653903998, 37.391851499885]]]}}, {"type": "Feature", "properties": {"color": "#dbd83d"}, "geometry": {"type": "Polygon", "coordinates": [[[-78.45327758828931, 38.80453436550746], [-78.5478302115524, 38.7559184124981], [-78.53657911825239, 38.67217382150226], [-78.43112240317882, 38.637007936383], [-78.33668329735598, 38.685448836091446], [-78.34758716275343, 38.7692303764924], [-78.45327758828931, 38.80453436550746]]]}}, {"type": "Feature", "properties": {"color": "#68aa63"}, "geometry": {"type": "Polygon", "coordinates": [[[-81.75751163788276, 36.658528989404054], [-81.84441057565746, 36.60906395934666], [-81.8281728152334, 36.528387078720804], [-81.72534321195305, 36.49711790765615], [-81.63851166556006, 36.546408569239134], [-81.6544420252111, 36.6271425135325], [-81.75751163788276, 36.658528989404054]]]}}, {"type": "Feature", "properties": {"color": "#dbd83d"}, "geometry": {"type": "Polygon", "coordinates": [[[-79.25997674049412, 38.116234087681974], [-79.35233199505132, 38.067473546170426], [-79.33985648707213, 37.984634160639864], [-79.23536072026606, 37.95051300242326], [-79.14310644238512, 37.99909877016124], [-79.1552467080407, 38.08198018291941], [-79.25997674049412, 38.116234087681974]]]}}, {"type": "Feature", "properties": {"color": "#1c6330"}, "geometry": {"type": "Polygon", "coordinates": [[[-77.53697749404262, 36.98432090409884], [-77.62892544116822, 36.93769835061603], [-77.61964097294187, 36.85605044042049], [-77.51873225785937, 36.820995223427595], [-77.42689953523228, 36.86745011509382], [-77.43586013305139, 36.9491275993387], [-77.53697749404262, 36.98432090409884]]]}}, {"type": "Feature", "properties": {"color": "#1c6330"}, "geometry": {"type": "Polygon", "coordinates": [[[-77.20833186249352, 36.63402879783998], [-77.29993226366797, 36.58790740184654], [-77.29126622259356, 36.506670311226436], [-77.19131943853415, 36.471527145309764], [-77.09983610338614, 36.51748270979327], [-77.10818233112394, 36.59874698715376], [-77.20833186249352, 36.63402879783998]]]}}, {"type": "Feature", "properties": {"color": "#68aa63"}, "geometry": {"type": "Polygon", "coordinates": [[[-79.89136341440508, 38.32009875992979], [-79.98342790372003, 38.27070556200417], [-79.96981131090587, 38.18771164243395], [-79.86446613761744, 38.15406412978888], [-79.77249606455824, 38.20328074860999], [-79.78577647558846, 38.286321174611686], [-79.89136341440508, 38.32009875992979]]]}}, {"type": "Feature", "properties": {"color": "#68aa63"}, "geometry": {"type": "Polygon", "coordinates": [[[-80.00322612015445, 37.18399451141308], [-80.09302073162446, 37.13536943285726], [-80.07953732761891, 37.05375609495968], [-79.97657938297803, 37.020721340641025], [-79.88687356941175, 37.06917304900288], [-79.90003664450235, 37.15083260758643], [-80.00322612015445, 37.18399451141308]]]}}, {"type": "Feature", "properties": {"color": "#68aa63"}, "geometry": {"type": "Polygon", "coordinates": [[[-77.67785827744126, 38.22198163194182], [-77.77205923870545, 38.174383869416886], [-77.76228558141896, 38.0912459811512], [-77.65865142891911, 38.055674358480964], [-77.5645701620465, 38.103100535145956], [-77.57400316417736, 38.186269623904565], [-77.67785827744126, 38.22198163194182]]]}}, {"type": "Feature", "properties": {"color": "#aa7028"}, "geometry": {"type": "Polygon", "coordinates": [[[-77.53646632068322, 37.85418340275618], [-77.63008923443334, 37.80695092733429], [-77.62063397684909, 37.72424049373574], [-77.51789139223462, 37.68873221321384], [-77.42438794234084, 37.7357944980452], [-77.43350743363428, 37.818534960176244], [-77.53646632068322, 37.85418340275618]]]}}, {"type": "Feature", "properties": {"color": "#68aa63"}, "geometry": {"type": "Polygon", "coordinates": [[[-79.84764956511633, 36.82478518975527], [-79.93694441994779, 36.77654969629998], [-79.92382124485066, 36.695356629339294], [-79.82171904066207, 36.662353922890624], [-79.7325133981091, 36.71041742216859], [-79.74532050023413, 36.7916553496937], [-79.84764956511633, 36.82478518975527]]]}}, {"type": "Feature", "properties": {"color": "#68aa63"}, "geometry": {"type": "Polygon", "coordinates": [[[-79.26589674004795, 37.48964248878646], [-79.35704990538215, 37.441336692347434], [-79.34472766079271, 37.359250616885085], [-79.24157861917561, 37.32542849118453], [-79.15052376542516, 37.37356136017525], [-79.16251940435035, 37.45568900072074], [-79.26589674004795, 37.48964248878646]]]}}, {"type": "Feature", "properties": {"color": "#1c6330"}, "geometry": {"type": "Polygon", "coordinates": [[[-77.67582291025246, 37.347441922713166], [-77.76832836235508, 37.30045475605067], [-77.75873687269534, 37.218371453330846], [-77.65696825285195, 37.18324431751504], [-77.56457824376132, 37.23006242580781], [-77.57384123249697, 37.31217643951845], [-77.67582291025246, 37.347441922713166]]]}}, {"type": "Feature", "properties": {"color": "#b5c98e"}, "geometry": {"type": "Polygon", "coordinates": [[[-79.2294814408807, 37.243469132337125], [-79.32020844270723, 37.19537360701898], [-79.30801104764657, 37.1135830103187], [-79.20540980766377, 37.07984653749699], [-79.11478052631227, 37.127769946173764], [-79.12665453197506, 37.20960166457238], [-79.2294814408807, 37.243469132337125]]]}}, {"type": "Feature", "properties": {"color": "#68aa63"}, "geometry": {"type": "Polygon", "coordinates": [[[-79.10693547945127, 37.75103851779518], [-79.1987529060342, 37.702661028755124], [-79.18663376488544, 37.62023900972383], [-79.08302757482622, 37.58615349616647], [-78.99131135057615, 37.634357595323635], [-79.0030998784862, 37.71682031314524], [-79.10693547945127, 37.75103851779518]]]}}, {"type": "Feature", "properties": {"color": "#ddc9c9"}, "geometry": {"type": "Polygon", "coordinates": [[[-76.26867208700659, 36.92933452129484], [-76.36171836371665, 36.883734963343095], [-76.35458399579831, 36.802070010539346], [-76.25472840853647, 36.765983355223376], [-76.1618106526195, 36.8114186462458], [-76.1686198384556, 36.89310456921659], [-76.26867208700659, 36.92933452129484]]]}}, {"type": "Feature", "properties": {"color": "#68aa63"}, "geometry": {"type": "Polygon", "coordinates": [[[-82.43040451828283, 37.08837592298194], [-82.51730567420641, 37.03809089070689], [-82.49980594095483, 36.957016642109636], [-82.39571490754467, 36.926165261826306], [-82.308874675283, 36.97627378048346], [-82.326064217422, 37.05740993876676], [-82.43040451828283, 37.08837592298194]]]}}, {"type": "Feature", "properties": {"color": "#b5c98e"}, "geometry": {"type": "Polygon", "coordinates": [[[-78.01282228664007, 37.70016443006029], [-78.10566995486462, 37.65266645017208], [-78.09543064994192, 37.5701850773945], [-77.99267610764487, 37.53516818247156], [-77.89994180921624, 37.58249528643234], [-77.90984848798192, 37.66500987097431], [-78.01282228664007, 37.70016443006029]]]}}, {"type": "Feature", "properties": {"color": "#68aa63"}, "geometry": {"type": "Polygon", "coordinates": [[[-77.70958962571959, 39.36084482842894], [-77.80603064281902, 39.312455472943626], [-77.79596136998029, 39.22799525210616], [-77.68980808486516, 39.19189205217359], [-77.59349222565538, 39.24010655485334], [-77.60320428927461, 39.32459880368563], [-77.70958962571959, 39.36084482842894]]]}}, {"type": "Feature", "properties": {"color": "#68aa63"}, "geometry": {"type": "Polygon", "coordinates": [[[-78.36951010220425, 38.93708179718733], [-78.46441363145034, 38.888441702192566], [-78.45327758828931, 38.80453436550746], [-78.34758716275343, 38.7692303764924], [-78.25279877902528, 38.81769523218783], [-78.26358545028974, 38.901639016826415], [-78.36951010220425, 38.93708179718733]]]}}, {"type": "Feature", "properties": {"color": "#68aa63"}, "geometry": {"type": "Polygon", "coordinates": [[[-79.84934603707872, 37.4451093940927], [-79.93979422541504, 37.396399757544614], [-79.92649674634929, 37.31444613234677], [-79.82307511536332, 37.281156428549345], [-79.73271844347941, 37.32969217438817], [-79.74569162913107, 37.41169123724539], [-79.84934603707872, 37.4451093940927]]]}}, {"type": "Feature", "properties": {"color": "#68aa63"}, "geometry": {"type": "Polygon", "coordinates": [[[-81.68646222296546, 36.788901860761634], [-81.77367625162063, 36.73938014922846], [-81.75751163788276, 36.658528989404054], [-81.6544420252111, 36.6271425135325], [-81.56729655182342, 36.67648953449927], [-81.58315182973153, 36.75739746347784], [-81.68646222296546, 36.788901860761634]]]}}, {"type": "Feature", "properties": {"color": "#68aa63"}, "geometry": {"type": "Polygon", "coordinates": [[[-78.35478558594642, 38.053712830987294], [-78.44796894377792, 38.00569861376352], [-78.43706449263547, 37.92282728434425], [-78.33331322732714, 37.88793410259895], [-78.24024101189465, 37.935775640842614], [-78.25080870699564, 38.018682748185704], [-78.35478558594642, 38.053712830987294]]]}}, {"type": "Feature", "properties": {"color": "#476ba0"}, "geometry": {"type": "Polygon", "coordinates": [[[-76.56974330191638, 37.03764288932665], [-76.66271808070627, 36.99173317189734], [-76.6550578879869, 36.90995040823608], [-76.55474900408312, 36.874054020539724], [-76.46190011728433, 36.91979835388924], [-76.4692340860618, 37.00160416869745], [-76.56974330191638, 37.03764288932665]]]}}, {"type": "Feature", "properties": {"color": "#aa7028"}, "geometry": {"type": "Polygon", "coordinates": [[[-76.7399238762317, 36.7824430785541], [-76.83224987880912, 36.73657753528076], [-76.82434442611354, 36.655122638189475], [-76.72443537772155, 36.61950889270296], [-76.63223214470479, 36.66520934743022], [-76.63981505034009, 36.74668834865946], [-76.7399238762317, 36.7824430785541]]]}}, {"type": "Feature", "properties": {"color": "#68aa63"}, "geometry": {"type": "Polygon", "coordinates": [[[-82.74413865378784, 37.180783607031], [-82.83083906352994, 37.13020509164401], [-82.81278584208187, 37.04908351938099], [-82.70834189975831, 37.01847617675548], [-82.62169904431256, 37.068877560546525], [-82.63944222984142, 37.15006316647167], [-82.74413865378784, 37.180783607031]]]}}, {"type": "Feature", "properties": {"color": "#1c6330"}, "geometry": {"type": "Polygon", "coordinates": [[[-77.25448741666894, 37.99562931868855], [-77.34866545435504, 37.9485231630218], [-77.3396676227824, 37.865619810361395], [-77.23682987541123, 37.829794165826364], [-77.14277518320799, 37.876730426851495], [-77.15143472231557, 37.95966193079827], [-77.25448741666894, 37.99562931868855]]]}}, {"type": "Feature", "properties": {"color": "#68aa63"}, "geometry": {"type": "Polygon", "coordinates": [[[-78.00483098411169, 36.83232543686656], [-78.09603122882916, 36.7854552383458], [-78.08599036890215, 36.70403749701671], [-77.98506997577229, 36.66945704058383], [-77.89397918190221, 36.71615894080751], [-77.90369914553169, 36.79760931292847], [-78.00483098411169, 36.83232543686656]]]}}, {"type": "Feature", "properties": {"color": "#dbd83d"}, "geometry": {"type": "Polygon", "coordinates": [[[-79.41929604401614, 37.85323582922843], [-79.51097733205346, 37.80454555683771], [-79.49829873701849, 37.72204079803571], [-79.39426974070669, 37.688183129960095], [-79.30268649715929, 37.73669909231439], [-79.31503395713898, 37.81924674905947], [-79.41929604401614, 37.85323582922843]]]}}, {"type": "Feature", "properties": {"color": "#68aa63"}, "geometry": {"type": "Polygon", "coordinates": [[[-80.89304749013728, 37.23358292004173], [-80.98196151384903, 37.1842705066964], [-80.96697153734615, 37.10273492455495], [-80.8633852799615, 37.07045935219921], [-80.77455014761519, 37.11959679362143], [-80.78922209256248, 37.201184511055125], [-80.89304749013728, 37.23358292004173]]]}}, {"type": "Feature", "properties": {"color": "#68aa63"}, "geometry": {"type": "Polygon", "coordinates": [[[-78.77126420976516, 38.90996849406517], [-78.86568927261396, 38.86102646197242], [-78.85385663998814, 38.77719621673466], [-78.74794663174532, 38.742268463247555], [-78.65363180161675, 38.79103444132783], [-78.66511650671801, 38.8749039300435], [-78.77126420976516, 38.90996849406517]]]}}, {"type": "Feature", "properties": {"color": "#68aa63"}, "geometry": {"type": "Polygon", "coordinates": [[[-80.74397109302532, 37.49593836188819], [-80.83353657583615, 37.446529888162864], [-80.81871505577014, 37.364651234673296], [-80.7146498030713, 37.33212935076604], [-80.62516579037569, 37.381362275863644], [-80.63966527181836, 37.463292361971675], [-80.74397109302532, 37.49593836188819]]]}}, {"type": "Feature", "properties": {"color": "#68aa63"}, "geometry": {"type": "Polygon", "coordinates": [[[-82.04720803880977, 37.12648097326383], [-82.13462146647562, 37.0764321697732], [-82.11774316029712, 36.995235300970755], [-82.01376336508254, 36.96402747304566], [-81.92641534124897, 37.01390007932483], [-81.9429813847079, 37.095156452770425], [-82.04720803880977, 37.12648097326383]]]}}, {"type": "Feature", "properties": {"color": "#b5c98e"}, "geometry": {"type": "Polygon", "coordinates": [[[-78.8417861775413, 37.271343403521776], [-78.93296881496572, 37.22351892460006], [-78.92141891213359, 37.141647371168965], [-78.81901094775374, 37.10756147054017], [-78.72793048053401, 37.15521452865283], [-78.73915558809497, 37.23712462596677], [-78.8417861775413, 37.271343403521776]]]}}, {"type": "Feature", "properties": {"color": "#68aa63"}, "geometry": {"type": "Polygon", "coordinates": [[[-79.69406179924044, 37.084283747758214], [-79.78400106793266, 37.03596254159145], [-79.7710641181357, 36.954428070105564], [-79.66850759728115, 36.92117044836997], [-79.57866022382794, 36.96931914134747], [-79.59127722994423, 37.05089769373527], [-79.69406179924044, 37.084283747758214]]]}}, {"type": "Feature", "properties": {"color": "#68aa63"}, "geometry": {"type": "Polygon", "coordinates": [[[-81.54318669962865, 37.05033501442926], [-81.63103658572963, 37.0007029302755], [-81.61502158231411, 36.91950433093837], [-81.5114696377497, 36.8878813927554], [-81.42369068152982, 36.93733815228545], [-81.43939243346215, 37.0185929129752], [-81.54318669962865, 37.05033501442926]]]}}, {"type": "Feature", "properties": {"color": "#68aa63"}, "geometry": {"type": "Polygon", "coordinates": [[[-77.1086956957263, 38.50665281135231], [-77.20402739365899, 38.45931947611718], [-77.19518551165214, 38.37579787959202], [-77.09135760851704, 38.33958194858106], [-76.99615358437649, 38.386744323366536], [-77.00464961913464, 38.47029328819088], [-77.1086956957263, 38.50665281135231]]]}}, {"type": "Feature", "properties": {"color": "#68aa63"}, "geometry": {"type": "Polygon", "coordinates": [[[-79.65336733550646, 38.71847638370323], [-79.74646346891578, 38.668976744528564], [-79.73314484952772, 38.585482882946955], [-79.62707240873272, 38.55144315072775], [-79.53407512819032, 38.6007654900759], [-79.54705116465767, 38.684304571849054], [-79.65336733550646, 38.71847638370323]]]}}, {"type": "Feature", "properties": {"color": "#dbd83d"}, "geometry": {"type": "Polygon", "coordinates": [[[-78.20056299217278, 39.2027296253655], [-78.29617448256712, 39.154045180057125], [-78.28527310059671, 39.06981419855571], [-78.17911371174485, 39.034231937024465], [-78.08362068498084, 39.082740786311525], [-78.09416836136506, 39.16700719047702], [-78.20056299217278, 39.2027296253655]]]}}, {"type": "Feature", "properties": {"color": "#68aa63"}, "geometry": {"type": "Polygon", "coordinates": [[[-80.38920752005531, 37.15240748280253], [-80.47852569640973, 37.103524039945235], [-80.46440410250932, 37.02200692449114], [-80.36128273866599, 36.98932424092496], [-80.27204889236694, 37.03803375594287], [-80.28585180930828, 37.119599611023816], [-80.38920752005531, 37.15240748280253]]]}}, {"type": "Feature", "properties": {"color": "#68aa63"}, "geometry": {"type": "Polygon", "coordinates": [[[-80.27927206595902, 37.660235833292695], [-80.36965748803999, 37.611043698293734], [-80.35557104201094, 37.52889330122333], [-80.25142472673036, 37.4958862526324], [-80.16112669937118, 37.54490309544917], [-80.17488731714157, 37.6271020027416], [-80.27927206595902, 37.660235833292695]]]}}, {"type": "Feature", "properties": {"color": "#1c6330"}, "geometry": {"type": "Polygon", "coordinates": [[[-77.15033793539283, 37.00658639569506], [-77.24270240976827, 36.960246237834866], [-77.2340661962408, 36.87854047816615], [-77.13339022831346, 36.843147614698275], [-77.04114526173694, 36.889320988860554], [-77.04945659857286, 36.97105372220014], [-77.15033793539283, 37.00658639569506]]]}}, {"type": "Feature", "properties": {"color": "#dbd83d"}, "geometry": {"type": "Polygon", "coordinates": [[[-77.88185128908084, 39.095322642172285], [-77.97757875716532, 39.04696893758054], [-77.96726302079206, 38.96282900263337], [-77.86157247510809, 38.927009362010345], [-77.76596673329205, 38.975188527644775], [-77.77592960299685, 39.05936156953754], [-77.88185128908084, 39.095322642172285]]]}}, {"type": "Feature", "properties": {"color": "#1c6330"}, "geometry": {"type": "Polygon", "coordinates": [[[-77.59197475453232, 36.61171107831752], [-77.68316385354365, 36.56531355829964], [-77.67385966908, 36.48413467494895], [-77.57368503500416, 36.44932328725216], [-77.48260881279624, 36.49555412014666], [-77.49159417971514, 36.57676274506007], [-77.59197475453232, 36.61171107831752]]]}}, {"type": "Feature", "properties": {"color": "#68aa63"}, "geometry": {"type": "Polygon", "coordinates": [[[-79.61791195127867, 36.596131283848855], [-79.70702753320315, 36.54823922027521], [-79.69434834494744, 36.467299254768726], [-79.59286710855024, 36.434207935392365], [-79.50384241880957, 36.4819291240701], [-79.51620783707602, 36.56291223503986], [-79.61791195127867, 36.596131283848855]]]}}, {"type": "Feature", "properties": {"color": "#dbd83d"}, "geometry": {"type": "Polygon", "coordinates": [[[-77.8514865788421, 38.84299689870588], [-77.94674030093948, 38.79483740939629], [-77.93653293726466, 38.71098615865521], [-77.8314208728066, 38.675261343367914], [-77.73628795346943, 38.72324707229253], [-77.74614609239624, 38.807131075706685], [-77.8514865788421, 38.84299689870588]]]}}, {"type": "Feature", "properties": {"color": "#d89382"}, "geometry": {"type": "Polygon", "coordinates": [[[-77.50865172221526, 37.606155212996406], [-77.60182066599582, 37.559116739653625], [-77.59246228120244, 37.47670376104529], [-77.49026715592633, 37.441299255319976], [-77.3972167598436, 37.48816832023502], [-77.40624276553743, 37.57061100754916], [-77.50865172221526, 37.606155212996406]]]}}, {"type": "Feature", "properties": {"color": "#d89382"}, "geometry": {"type": "Polygon", "coordinates": [[[-77.16144545595456, 39.01020285146806], [-77.25773432208473, 38.962493965570914], [-77.24870429223924, 38.87838908739511], [-77.14373832730111, 38.841964826673475], [-77.04757923607909, 38.88950121980804], [-77.05625615685848, 38.973634060634204], [-77.16144545595456, 39.01020285146806]]]}}, {"type": "Feature", "properties": {"color": "#68aa63"}, "geometry": {"type": "Polygon", "coordinates": [[[-80.35557104201094, 37.52889330122333], [-80.44562657554988, 37.47974480224049], [-80.43145002547726, 37.3977645517594], [-80.32754146989555, 37.36488363514739], [-80.23757198049049, 37.41385711170296], [-80.25142472673036, 37.4958862526324], [-80.35557104201094, 37.52889330122333]]]}}, {"type": "Feature", "properties": {"color": "#68aa63"}, "geometry": {"type": "Polygon", "coordinates": [[[-78.23302339221848, 39.45619014971949], [-78.32911130317967, 39.40730914712933], [-78.31809337810934, 39.322792868779686], [-78.21134472568966, 39.287121482093504], [-78.1153761534585, 39.33582610699619], [-78.12603666795397, 39.4203781914597], [-78.23302339221848, 39.45619014971949]]]}}, {"type": "Feature", "properties": {"color": "#dbd83d"}, "geometry": {"type": "Polygon", "coordinates": [[[-81.59116353027669, 37.294739208778445], [-81.67940531362447, 37.24487731101447], [-81.6632281817493, 37.16338959629971], [-81.55912521080192, 37.13170675329411], [-81.47095453018426, 37.181392501935875], [-81.48681540499996, 37.26293697953542], [-81.59116353027669, 37.294739208778445]]]}}, {"type": "Feature", "properties": {"color": "#68aa63"}, "geometry": {"type": "Polygon", "coordinates": [[[-78.24024101189465, 37.935775640842614], [-78.33331322732714, 37.88793410259895], [-78.3226324426425, 37.80519183450691], [-78.21921461507887, 37.77025589820379], [-78.12625430205973, 37.817925356748276], [-78.13659970759163, 37.90070254010472], [-78.24024101189465, 37.935775640842614]]]}}, {"type": "Feature", "properties": {"color": "#68aa63"}, "geometry": {"type": "Polygon", "coordinates": [[[-77.50761060603293, 38.48400451020361], [-77.60249971256056, 38.436364454499326], [-77.5929677678875, 38.352901770351366], [-77.48889128227026, 38.317048691330676], [-77.39412514920298, 38.36451683730681], [-77.40331234263306, 38.44800967248989], [-77.50761060603293, 38.48400451020361]]]}}, {"type": "Feature", "properties": {"color": "#dbd83d"}, "geometry": {"type": "Polygon", "coordinates": [[[-79.73271844347941, 37.32969217438817], [-79.82307511536332, 37.281156428549345], [-79.81000634515635, 37.19932688783934], [-79.70690374961032, 37.16598825971259], [-79.61663947589507, 37.21435067574406], [-79.62938514840216, 37.29622477241014], [-79.73271844347941, 37.32969217438817]]]}}, {"type": "Feature", "properties": {"color": "#aa7028"}, "geometry": {"type": "Polygon", "coordinates": [[[-76.66189166767451, 38.02760907400882], [-76.75670887599303, 37.98095580945856], [-76.74872743731277, 37.89797209528913], [-76.64626840266345, 37.86161729391777], [-76.5515813409569, 37.9081021157288], [-76.55922301879127, 37.991109882880885], [-76.66189166767451, 38.02760907400882]]]}}, {"type": "Feature", "properties": {"color": "#68aa63"}, "geometry": {"type": "Polygon", "coordinates": [[[-78.76172056915804, 37.40124192261837], [-78.85323193597787, 37.353382859722956], [-78.8417861775413, 37.271343403521776], [-78.73915558809497, 37.23712462596677], [-78.64774784122778, 37.284812046630485], [-78.65886684550681, 37.36688960329154], [-78.76172056915804, 37.40124192261837]]]}}, {"type": "Feature", "properties": {"color": "#68aa63"}, "geometry": {"type": "Polygon", "coordinates": [[[-78.61941821988546, 38.54000205701094], [-78.71327511407976, 38.49143825017685], [-78.7017983896552, 38.40802093784135], [-78.59680752721682, 38.373129207718996], [-78.50306095495351, 38.42151834822368], [-78.51419469417907, 38.50497359072348], [-78.61941821988546, 38.54000205701094]]]}}, {"type": "Feature", "properties": {"color": "#b5c98e"}, "geometry": {"type": "Polygon", "coordinates": [[[-78.03472373172308, 37.07738067224794], [-78.12635782249141, 37.03031037541312], [-78.11621478382617, 36.94859183090175], [-78.0147615661219, 36.91391031633859], [-77.92323771433207, 36.96081151750875], [-77.93305665260733, 37.04256304412202], [-78.03472373172308, 37.07738067224794]]]}}, {"type": "Feature", "properties": {"color": "#68aa63"}, "geometry": {"type": "Polygon", "coordinates": [[[-81.9762807629022, 37.257956946138485], [-82.0640146941945, 37.20785148356689], [-82.04720803880977, 37.12648097326383], [-81.9429813847079, 37.095156452770425], [-81.8553140301065, 37.145085392515384], [-81.87180642843417, 37.22651511597547], [-81.9762807629022, 37.257956946138485]]]}}, {"type": "Feature", "properties": {"color": "#bad8ea"}, "geometry": {"type": "Polygon", "coordinates": [[[-75.9689741459397, 36.8204568454936], [-76.06208521745776, 36.77516669072271], [-76.05547237692195, 36.69362316193043], [-75.95607244283477, 36.657350591253696], [-75.86309246018753, 36.70247761353581], [-75.86938120949975, 36.78404004881459], [-75.9689741459397, 36.8204568454936]]]}}, {"type": "Feature", "properties": {"color": "#68aa63"}, "geometry": {"type": "Polygon", "coordinates": [[[-78.73634902496528, 38.658562212027526], [-78.83031541002694, 38.60982314469523], [-78.81860638202167, 38.52628072329707], [-78.71327511407976, 38.49143825017685], [-78.61941821988546, 38.54000205701094], [-78.630782867566, 38.623583302626], [-78.73634902496528, 38.658562212027526]]]}}, {"type": "Feature", "properties": {"color": "#68aa63"}, "geometry": {"type": "Polygon", "coordinates": [[[-80.84862891915982, 36.98904346447827], [-80.93714247606758, 36.93995535926284], [-80.92230288985446, 36.85871171720886], [-80.8192644444111, 36.826504332641115], [-80.73082948335221, 36.875418290039946], [-80.74535408896372, 36.95671351317893], [-80.84862891915982, 36.98904346447827]]]}}, {"type": "Feature", "properties": {"color": "#aa7028"}, "geometry": {"type": "Polygon", "coordinates": [[[-77.16884394882702, 38.12582116622873], [-77.26336209028082, 38.07869497873823], [-77.25448741666894, 37.99562931868855], [-77.15143472231557, 37.95966193079827], [-77.0570415640561, 38.00661807219395], [-77.06557594823623, 38.08971134981395], [-77.16884394882702, 38.12582116622873]]]}}, {"type": "Feature", "properties": {"color": "#68aa63"}, "geometry": {"type": "Polygon", "coordinates": [[[-79.37741260335301, 38.233442737198146], [-79.46986795763448, 38.18450684564542], [-79.4571595086542, 38.10154385567978], [-79.35233199505132, 38.067473546170426], [-79.25997674049412, 38.116234087681974], [-79.27234864709442, 38.19924000150494], [-79.37741260335301, 38.233442737198146]]]}}, {"type": "Feature", "properties": {"color": "#68aa63"}, "geometry": {"type": "Polygon", "coordinates": [[[-82.69053303811248, 36.93746503018496], [-82.77685972443571, 36.88712526321002], [-82.758986235856, 36.80628893944361], [-82.65509287526645, 36.775728772777114], [-82.56882377448315, 36.8258922301141], [-82.58639010854247, 36.90679191299807], [-82.69053303811248, 36.93746503018496]]]}}, {"type": "Feature", "properties": {"color": "#aa7028"}, "geometry": {"type": "Polygon", "coordinates": [[[-76.0281285136431, 37.55944635952204], [-76.12262174695125, 37.51361386148276], [-76.11580331698663, 37.431161081185714], [-76.01482562405916, 37.39452098978004], [-75.92046691574491, 37.44018809815689], [-75.92695125459377, 37.52266039106597], [-76.0281285136431, 37.55944635952204]]]}}, {"type": "Feature", "properties": {"color": "#68aa63"}, "geometry": {"type": "Polygon", "coordinates": [[[-78.74920109757748, 38.027056224359356], [-78.8419237317459, 37.97875412885024], [-78.83034780069835, 37.89595839055369], [-78.72638440259561, 37.861425991851114], [-78.63376826334697, 37.909554626259165], [-78.64500880071574, 37.99238883123342], [-78.74920109757748, 38.027056224359356]]]}}, {"type": "Feature", "properties": {"color": "#68aa63"}, "geometry": {"type": "Polygon", "coordinates": [[[-79.88908927255416, 37.691770935574176], [-79.97995912106771, 37.642845993727555], [-79.96652518202478, 37.56059986513439], [-79.86254864034797, 37.52723247211404], [-79.77177079442971, 37.57598270836119], [-79.7848772252257, 37.658274763949095], [-79.88908927255416, 37.691770935574176]]]}}, {"type": "Feature", "properties": {"color": "#68aa63"}, "geometry": {"type": "Polygon", "coordinates": [[[-77.33548238971179, 38.746750119889604], [-77.43106743291791, 38.6990729854812], [-77.42178331544036, 38.61528793941637], [-77.31726287517262, 38.579150653224005], [-77.22180416493262, 38.62665557543464], [-77.23073938002322, 38.71046969337463], [-77.33548238971179, 38.746750119889604]]]}}, {"type": "Feature", "properties": {"color": "#1c6330"}, "geometry": {"type": "Polygon", "coordinates": [[[-78.7150348364064, 37.778757574263636], [-78.80731508331115, 37.73066019448364], [-78.79585789075615, 37.648158096938275], [-78.69245226493759, 37.613715035740846], [-78.6002778069636, 37.66163975466676], [-78.61140296402834, 37.74417990836], [-78.7150348364064, 37.778757574263636]]]}}, {"type": "Feature", "properties": {"color": "#dbd83d"}, "geometry": {"type": "Polygon", "coordinates": [[[-77.98265464656212, 37.45281861634742], [-78.07505687852809, 37.40551935300085], [-78.06492205611845, 37.3233353390784], [-77.96271410521899, 37.288417442559954], [-77.87042441992972, 37.335546621885975], [-77.88022994762315, 37.41776349348439], [-77.98265464656212, 37.45281861634742]]]}}, {"type": "Feature", "properties": {"color": "#dbd83d"}, "geometry": {"type": "Polygon", "coordinates": [[[-77.93653293726466, 38.71098615865521], [-78.03143664880547, 38.66284766518013], [-78.02110935828546, 38.57915824897765], [-77.91622526182891, 38.54357375134944], [-77.82144069296, 38.59153865184351], [-77.8314208728066, 38.675261343367914], [-77.93653293726466, 38.71098615865521]]]}}, {"type": "Feature", "properties": {"color": "#68aa63"}, "geometry": {"type": "Polygon", "coordinates": [[[-78.8529330943039, 36.652505102728234], [-78.94294403344014, 36.605132118481365], [-78.93152420733247, 36.52402703735639], [-78.83040978938713, 36.49025651046678], [-78.74049831560534, 36.537459920802355], [-78.75160158290396, 36.618603154969875], [-78.8529330943039, 36.652505102728234]]]}}, {"type": "Feature", "properties": {"color": "#dbd83d"}, "geometry": {"type": "Polygon", "coordinates": [[[-79.88687356941175, 37.06917304900288], [-79.97657938297803, 37.020721340641025], [-79.96332326708576, 36.939232213204896], [-79.86068025139178, 36.90614917595402], [-79.7710641181357, 36.954428070105564], [-79.78400106793266, 37.03596254159145], [-79.88687356941175, 37.06917304900288]]]}}, {"type": "Feature", "properties": {"color": "#ed0000"}, "geometry": {"type": "Polygon", "coordinates": [[[-77.62063397684909, 37.72424049373574], [-77.71392080065404, 37.677031999640775], [-77.70434734104106, 37.59448553807594], [-77.60182066599582, 37.559116739653625], [-77.50865172221526, 37.606155212996406], [-77.51789139223462, 37.68873221321384], [-77.62063397684909, 37.72424049373574]]]}}, {"type": "Feature", "properties": {"color": "#e2e2c1"}, "geometry": {"type": "Polygon", "coordinates": [[[-75.47471196661911, 38.08265586815733], [-75.57075053819987, 38.03693318163848], [-75.56481381933912, 37.953825775166784], [-75.46318048017645, 37.91642496552727], [-75.3672854698358, 37.96198242484397], [-75.37288013392494, 38.045105618415946], [-75.47471196661911, 38.08265586815733]]]}}, {"type": "Feature", "properties": {"color": "#68aa63"}, "geometry": {"type": "Polygon", "coordinates": [[[-81.25864567066449, 36.58157541786984], [-81.34596444128829, 36.532521507893506], [-81.33057389607137, 36.451850771077034], [-81.22817256908971, 36.42017990546458], [-81.14092653005994, 36.46906034978068], [-81.15600879757615, 36.549784865106076], [-81.25864567066449, 36.58157541786984]]]}}, {"type": "Feature", "properties": {"color": "#476ba0"}, "geometry": {"type": "Polygon", "coordinates": [[[-76.9815413209213, 37.26324366116773], [-77.07456044043761, 37.216855977475966], [-77.06616404393024, 37.134821370740255], [-76.96507701112722, 37.09914821307415], [-76.87218051111374, 37.14536879282016], [-76.88024827125018, 37.22742934331713], [-76.9815413209213, 37.26324366116773]]]}}, {"type": "Feature", "properties": {"color": "#1c6330"}, "geometry": {"type": "Polygon", "coordinates": [[[-78.42143260916181, 37.05222021264792], [-78.51263081970697, 37.00487431486755], [-78.50184138452602, 36.92322561130814], [-78.4001764274286, 36.88888695755643], [-78.30908409954083, 36.936062978367566], [-78.31955064422564, 37.017747247252686], [-78.42143260916181, 37.05222021264792]]]}}, {"type": "Feature", "properties": {"color": "#b5c98e"}, "geometry": {"type": "Polygon", "coordinates": [[[-77.64758892089404, 37.10129544456796], [-77.73965144736425, 37.05450462162702], [-77.73015718256732, 36.972721410114794], [-77.62892544116822, 36.93769835061603], [-77.53697749404262, 36.98432090409884], [-77.54614653367949, 37.06613449977611], [-77.64758892089404, 37.10129544456796]]]}}, {"type": "Feature", "properties": {"color": "#68aa63"}, "geometry": {"type": "Polygon", "coordinates": [[[-79.81122492244712, 37.82315061740009], [-79.9024277624599, 37.77418596133535], [-79.88908927255416, 37.691770935574176], [-79.7848772252257, 37.658274763949095], [-79.69376779142436, 37.707064462107574], [-79.7067767369697, 37.78952500889006], [-79.81122492244712, 37.82315061740009]]]}}, {"type": "Feature", "properties": {"color": "#68aa63"}, "geometry": {"type": "Polygon", "coordinates": [[[-78.25279877902528, 38.81769523218783], [-78.34758716275343, 38.7692303764924], [-78.33668329735598, 38.685448836091446], [-78.23133874745503, 38.650096297807984], [-78.13666631394554, 38.698386518656385], [-78.14722226131515, 38.78220361371066], [-78.25279877902528, 38.81769523218783]]]}}, {"type": "Feature", "properties": {"color": "#1c6330"}, "geometry": {"type": "Polygon", "coordinates": [[[-76.83509674076986, 37.768513430039235], [-76.92923804327883, 37.72189550841799], [-76.92100293726014, 37.63923495640513], [-76.81896221948989, 37.6031668781455], [-76.72494775615219, 37.649616628324175], [-76.73284701883038, 37.732302332356866], [-76.83509674076986, 37.768513430039235]]]}}, {"type": "Feature", "properties": {"color": "#b5c98e"}, "geometry": {"type": "Polygon", "coordinates": [[[-80.92230288985446, 36.85871171720886], [-81.0104967630967, 36.809673993153794], [-80.99557512704544, 36.72860300208603], [-80.89277236504263, 36.69651755108503], [-80.80465583868046, 36.745381422631205], [-80.8192644444111, 36.826504332641115], [-80.92230288985446, 36.85871171720886]]]}}, {"type": "Feature", "properties": {"color": "#68aa63"}, "geometry": {"type": "Polygon", "coordinates": [[[-82.758986235856, 36.80628893944361], [-82.84499867505507, 36.75601174768609], [-82.82706159491873, 36.67535059998995], [-82.72341693260137, 36.6449027847426], [-82.63746099166728, 36.695004014916314], [-82.65509287526645, 36.775728772777114], [-82.758986235856, 36.80628893944361]]]}}, {"type": "Feature", "properties": {"color": "#68aa63"}, "geometry": {"type": "Polygon", "coordinates": [[[-81.56729655182342, 36.67648953449927], [-81.6544420252111, 36.6271425135325], [-81.63851166556006, 36.546408569239134], [-81.53574388383959, 36.51496551798208], [-81.44866798046165, 36.56413835741788], [-81.46428998853592, 36.64492817110749], [-81.56729655182342, 36.67648953449927]]]}}, {"type": "Feature", "properties": {"color": "#68aa63"}, "geometry": {"type": "Polygon", "coordinates": [[[-79.06265398028685, 38.130599063002215], [-79.1552467080407, 38.08198018291941], [-79.14310644238512, 37.99909877016124], [-79.03870920837207, 37.96479525987581], [-78.94621980847302, 38.01323972234329], [-78.95802407514824, 38.09616182441025], [-79.06265398028685, 38.130599063002215]]]}}, {"type": "Feature", "properties": {"color": "#1c6330"}, "geometry": {"type": "Polygon", "coordinates": [[[-77.12495925124388, 36.761579584760675], [-77.21688106905178, 36.71543160975232], [-77.20833186249352, 36.63402879783998], [-77.10818233112394, 36.59874698715376], [-77.01637908693925, 36.64472895997547], [-77.02460664703172, 36.726158459703434], [-77.12495925124388, 36.761579584760675]]]}}, {"type": "Feature", "properties": {"color": "#1c6330"}, "geometry": {"type": "Polygon", "coordinates": [[[-77.01637908693925, 36.64472895997547], [-77.10818233112394, 36.59874698715376], [-77.09983610338614, 36.51748270979327], [-77.00000676278238, 36.482174215081315], [-76.90832267175233, 36.52799080036577], [-76.91634861957299, 36.60928098253511], [-77.01637908693925, 36.64472895997547]]]}}, {"type": "Feature", "properties": {"color": "#1c6330"}, "geometry": {"type": "Polygon", "coordinates": [[[-77.14277518320799, 37.876730426851495], [-77.23682987541123, 37.829794165826364], [-77.22804669257422, 37.74702502601064], [-77.12554547991824, 37.71116452800418], [-77.03161477274415, 37.75793151558993], [-77.04006112805324, 37.84072797897387], [-77.14277518320799, 37.876730426851495]]]}}, {"type": "Feature", "properties": {"color": "#1c6330"}, "geometry": {"type": "Polygon", "coordinates": [[[-77.95279467810448, 37.20636616581087], [-78.04475565709663, 37.15926583617823], [-78.03472373172308, 37.07738067224794], [-77.93305665260733, 37.04256304412202], [-77.8412074044666, 37.08949408315882], [-77.85091331731326, 37.17141175463644], [-77.95279467810448, 37.20636616581087]]]}}, {"type": "Feature", "properties": {"color": "#68aa63"}, "geometry": {"type": "Polygon", "coordinates": [[[-78.4201028545297, 38.553389247308736], [-78.51419469417907, 38.50497359072348], [-78.50306095495351, 38.42151834822368], [-78.39817883882668, 38.38644191210543], [-78.30419971872033, 38.434683305335916], [-78.31498977358724, 38.51817510236443], [-78.4201028545297, 38.553389247308736]]]}}, {"type": "Feature", "properties": {"color": "#68aa63"}, "geometry": {"type": "Polygon", "coordinates": [[[-79.92924225403186, 37.93930668554528], [-80.02053758298335, 37.89016651073363], [-80.00696508608625, 37.807629499888506], [-79.9024277624599, 37.77418596133535], [-79.81122492244712, 37.82315061740009], [-79.82446664924666, 37.905734049682145], [-79.92924225403186, 37.93930668554528]]]}}, {"type": "Feature", "properties": {"color": "#b5c98e"}, "geometry": {"type": "Polygon", "coordinates": [[[-78.72793048053401, 37.15521452865283], [-78.81901094775374, 37.10756147054017], [-78.8076810850363, 37.02581932256234], [-78.70559406607649, 36.99169225682835], [-78.61461654202131, 37.03917447822305], [-78.62562287990085, 37.12095432018343], [-78.72793048053401, 37.15521452865283]]]}}, {"type": "Feature", "properties": {"color": "#68aa63"}, "geometry": {"type": "Polygon", "coordinates": [[[-82.29043887083112, 37.35179366185241], [-82.37797982689708, 37.30139098235662], [-82.3606165050337, 37.21996872127492], [-82.2560260811577, 37.18888752388413], [-82.16854833656156, 37.239113019683565], [-82.1855974679294, 37.32059663901697], [-82.29043887083112, 37.35179366185241]]]}}, {"type": "Feature", "properties": {"color": "#476ba0"}, "geometry": {"type": "Polygon", "coordinates": [[[-76.50628039590252, 37.41214573343467], [-76.6000394398537, 37.36603044417333], [-76.59242663527127, 37.28378271556407], [-76.49138606619603, 37.24762722835334], [-76.39775557059363, 37.29357622996982], [-76.40503695849705, 37.37584671262923], [-76.50628039590252, 37.41214573343467]]]}}, {"type": "Feature", "properties": {"color": "#476ba0"}, "geometry": {"type": "Polygon", "coordinates": [[[-77.09143930841853, 37.38122596914397], [-77.18458044879358, 37.3346705618336], [-77.1759760643728, 37.252499084723794], [-77.07456044043761, 37.216855977475966], [-76.9815413209213, 37.26324366116773], [-76.98981564621442, 37.34544188424615], [-77.09143930841853, 37.38122596914397]]]}}, {"type": "Feature", "properties": {"color": "#b5c98e"}, "geometry": {"type": "Polygon", "coordinates": [[[-77.81678026424703, 37.71236360030951], [-77.90984848798192, 37.66500987097431], [-77.89994180921624, 37.58249528643234], [-77.79729993758376, 37.54730226289708], [-77.70434734104106, 37.59448553807594], [-77.71392080065404, 37.677031999640775], [-77.81678026424703, 37.71236360030951]]]}}, {"type": "Feature", "properties": {"color": "#ddc9c9"}, "geometry": {"type": "Polygon", "coordinates": [[[-77.97523921446623, 36.588173823848855], [-78.0660096337793, 36.54150387553573], [-78.05606942180962, 36.46038828971808], [-77.95567634848449, 36.42591008794901], [-77.86501459873796, 36.4724125368378], [-77.87463707174739, 36.55356040602406], [-77.97523921446623, 36.588173823848855]]]}}, {"type": "Feature", "properties": {"color": "#68aa63"}, "geometry": {"type": "Polygon", "coordinates": [[[-78.63376826334697, 37.909554626259165], [-78.72638440259561, 37.861425991851114], [-78.7150348364064, 37.778757574263636], [-78.61140296402834, 37.74417990836], [-78.51889412005079, 37.79213567193902], [-78.52990963248261, 37.87484168338475], [-78.63376826334697, 37.909554626259165]]]}}, {"type": "Feature", "properties": {"color": "#b5c98e"}, "geometry": {"type": "Polygon", "coordinates": [[[-77.73015718256732, 36.972721410114794], [-77.82189401939854, 36.9259590592396], [-77.81228621602267, 36.84434201844289], [-77.7112647341702, 36.8094561738313], [-77.61964097294187, 36.85605044042049], [-77.62892544116822, 36.93769835061603], [-77.73015718256732, 36.972721410114794]]]}}, {"type": "Feature", "properties": {"color": "#476ba0"}, "geometry": {"type": "Polygon", "coordinates": [[[-77.04757923607909, 38.88950121980804], [-77.14373832730111, 38.841964826673475], [-77.13493146058691, 38.7579910212541], [-77.0303168704171, 38.721526200281836], [-76.93428822465926, 38.768890731323886], [-76.94274355146085, 38.8528916402847], [-77.04757923607909, 38.88950121980804]]]}}, {"type": "Feature", "properties": {"color": "#bad8ea"}, "geometry": {"type": "Polygon", "coordinates": [[[-76.54728984433576, 36.79241134462236], [-76.63981505034009, 36.74668834865946], [-76.63223214470479, 36.66520934743022], [-76.5324468649376, 36.62943024562404], [-76.44004651783051, 36.67498862601992], [-76.44730645810408, 36.75649043553725], [-76.54728984433576, 36.79241134462236]]]}}, {"type": "Feature", "properties": {"color": "#68aa63"}, "geometry": {"type": "Polygon", "coordinates": [[[-83.00366100591765, 37.028994984041574], [-83.08978304278746, 36.978364455480005], [-83.0713591828792, 36.897483062105444], [-82.96711988462557, 36.86716648302145], [-82.88105207403152, 36.917620108907094], [-82.89916898370443, 36.99856696805175], [-83.00366100591765, 37.028994984041574]]]}}, {"type": "Feature", "properties": {"color": "#68aa63"}, "geometry": {"type": "Polygon", "coordinates": [[[-79.69346602616584, 38.33557424040865], [-79.78577647558846, 38.286321174611686], [-79.77249606455824, 38.20328074860999], [-79.66724196075684, 38.169447932732325], [-79.57502832218685, 38.21852474085888], [-79.58797171059528, 38.301610336484096], [-79.69346602616584, 38.33557424040865]]]}}, {"type": "Feature", "properties": {"color": "#1c6330"}, "geometry": {"type": "Polygon", "coordinates": [[[-77.0570415640561, 38.00661807219395], [-77.15143472231557, 37.95966193079827], [-77.14277518320799, 37.876730426851495], [-77.04006112805324, 37.84072797897387], [-76.94579358838247, 37.88751469802872], [-76.95411432202492, 37.9704729901646], [-77.0570415640561, 38.00661807219395]]]}}, {"type": "Feature", "properties": {"color": "#b5c98e"}, "geometry": {"type": "Polygon", "coordinates": [[[-77.73316670370126, 37.84242178371568], [-77.8265707229842, 37.79504265795539], [-77.81678026424703, 37.71236360030951], [-77.71392080065404, 37.677031999640775], [-77.62063397684909, 37.72424049373574], [-77.63008923443334, 37.80695092733429], [-77.73316670370126, 37.84242178371568]]]}}, {"type": "Feature", "properties": {"color": "#68aa63"}, "geometry": {"type": "Polygon", "coordinates": [[[-80.03935856082884, 36.809505911358784], [-80.12842101199065, 36.76114261166224], [-80.11498254536859, 36.67999565010105], [-80.01279666576198, 36.64716561185703], [-79.92382124485066, 36.695356629339294], [-79.93694441994779, 36.77654969629998], [-80.03935856082884, 36.809505911358784]]]}}, {"type": "Feature", "properties": {"color": "#68aa63"}, "geometry": {"type": "Polygon", "coordinates": [[[-81.15922081683756, 37.08557000200737], [-81.24756646280325, 37.03618299270549], [-81.23217891440953, 36.954873292787354], [-81.12876056199869, 36.92289662615197], [-81.04049030963357, 36.97210873047882], [-81.05556272129665, 37.05347214139929], [-81.15922081683756, 37.08557000200737]]]}}, {"type": "Feature", "properties": {"color": "#68aa63"}, "geometry": {"type": "Polygon", "coordinates": [[[-79.05394734319293, 38.763020475422024], [-79.14778057507836, 38.71395770792637], [-79.13549218095743, 38.63033228902269], [-79.02971531844256, 38.595728237028915], [-78.93598828405442, 38.64461477124749], [-78.94793166576108, 38.72828129686695], [-79.05394734319293, 38.763020475422024]]]}}, {"type": "Feature", "properties": {"color": "#70a3ba"}, "geometry": {"type": "Polygon", "coordinates": [[[-75.86309246018753, 36.70247761353581], [-75.95607244283477, 36.657350591253696], [-75.94965415469736, 36.57595020754324], [-75.85057841021971, 36.539658397538496], [-75.75772998047371, 36.5846229201207], [-75.76382563360347, 36.6660414630026], [-75.86309246018753, 36.70247761353581]]]}}, {"type": "Feature", "properties": {"color": "#68aa63"}, "geometry": {"type": "Polygon", "coordinates": [[[-81.8553140301065, 37.145085392515384], [-81.9429813847079, 37.095156452770425], [-81.92641534124897, 37.01390007932483], [-81.8224948960037, 36.982514093677345], [-81.73489518900955, 37.032267011611566], [-81.75114796129442, 37.11358167723432], [-81.8553140301065, 37.145085392515384]]]}}, {"type": "Feature", "properties": {"color": "#b5c98e"}, "geometry": {"type": "Polygon", "coordinates": [[[-78.96589886563339, 36.76764232831538], [-79.05600850885916, 36.7200991914081], [-79.04437231125155, 36.63886371990484], [-78.94294403344014, 36.605132118481365], [-78.8529330943039, 36.652505102728234], [-78.86425151204239, 36.73377956376175], [-78.96589886563339, 36.76764232831538]]]}}, {"type": "Feature", "properties": {"color": "#68aa63"}, "geometry": {"type": "Polygon", "coordinates": [[[-78.83034780069835, 37.89595839055369], [-78.92273303423751, 37.84768776223684], [-78.91105011071359, 37.76505827139547], [-78.80731508331115, 37.73066019448364], [-78.7150348364064, 37.778757574263636], [-78.72638440259561, 37.861425991851114], [-78.83034780069835, 37.89595839055369]]]}}, {"type": "Feature", "properties": {"color": "#68aa63"}, "geometry": {"type": "Polygon", "coordinates": [[[-78.50306095495351, 38.42151834822368], [-78.59680752721682, 38.373129207718996], [-78.58556107211002, 38.28983799526422], [-78.48090941153845, 38.25489858581239], [-78.38727397344829, 38.30311365620673], [-78.39817883882668, 38.38644191210543], [-78.50306095495351, 38.42151834822368]]]}}, {"type": "Feature", "properties": {"color": "#b5c98e"}, "geometry": {"type": "Polygon", "coordinates": [[[-78.64774784122778, 37.284812046630485], [-78.73915558809497, 37.23712462596677], [-78.72793048053401, 37.15521452865283], [-78.62562287990085, 37.12095432018343], [-78.53431952411643, 37.1684706851824], [-78.5452191651092, 37.25041803089005], [-78.64774784122778, 37.284812046630485]]]}}, {"type": "Feature", "properties": {"color": "#ed0000"}, "geometry": {"type": "Polygon", "coordinates": [[[-82.13738013583861, 36.62173005281129], [-82.2237816216758, 36.57203238767055], [-82.20693198341506, 36.49147319213896], [-82.1039859882018, 36.460551975035386], [-82.0176475422725, 36.510074931276165], [-82.03419173479122, 36.59069356019764], [-82.13738013583861, 36.62173005281129]]]}}, {"type": "Feature", "properties": {"color": "#ddc9c9"}, "geometry": {"type": "Polygon", "coordinates": [[[-77.44973378415341, 38.86693392230976], [-77.54544446285013, 38.81908395185833], [-77.53593616496097, 38.73516860266313], [-77.43106743291791, 38.6990729854812], [-77.33548238971179, 38.746750119889604], [-77.3446402551814, 38.83069540426554], [-77.44973378415341, 38.86693392230976]]]}}, {"type": "Feature", "properties": {"color": "#dbd83d"}, "geometry": {"type": "Polygon", "coordinates": [[[-79.57686786193871, 37.5910507464475], [-79.66788299071698, 37.54243544277326], [-79.65500668508264, 37.46026732877574], [-79.55144208795751, 37.42667049723479], [-79.46052214479529, 37.475111972344564], [-79.47307136332972, 37.55732382706203], [-79.57686786193871, 37.5910507464475]]]}}, {"type": "Feature", "properties": {"color": "#68aa63"}, "geometry": {"type": "Polygon", "coordinates": [[[-77.39412514920298, 38.36451683730681], [-77.48889128227026, 38.317048691330676], [-77.47958042229504, 38.23371742737402], [-77.37584651179863, 38.19782471144689], [-77.2812040396269, 38.24512156756257], [-77.29017163713439, 38.32848213050249], [-77.39412514920298, 38.36451683730681]]]}}, {"type": "Feature", "properties": {"color": "#68aa63"}, "geometry": {"type": "Polygon", "coordinates": [[[-78.16844576392941, 38.950126527141876], [-78.26358545028974, 38.901639016826415], [-78.25279877902528, 38.81769523218783], [-78.14722226131515, 38.78220361371066], [-78.0522001709928, 38.8305163110519], [-78.06263678503007, 38.91449513928759], [-78.16844576392941, 38.950126527141876]]]}}, {"type": "Feature", "properties": {"color": "#68aa63"}, "geometry": {"type": "Polygon", "coordinates": [[[-79.92382124485066, 36.695356629339294], [-80.01279666576198, 36.64716561185703], [-79.99958223440116, 36.566143887288426], [-79.89770629294244, 36.533267668949286], [-79.80881876788095, 36.581286957889546], [-79.82171904066207, 36.662353922890624], [-79.92382124485066, 36.695356629339294]]]}}, {"type": "Feature", "properties": {"color": "#dbd83d"}, "geometry": {"type": "Polygon", "coordinates": [[[-78.19727101038677, 36.820001306690045], [-78.28825673470466, 36.77299457087052], [-78.27789556053729, 36.691610739869475], [-78.17686878501277, 36.657199452556945], [-78.08599036890215, 36.70403749701671], [-78.09603122882916, 36.7854552383458], [-78.19727101038677, 36.820001306690045]]]}}, {"type": "Feature", "properties": {"color": "#68aa63"}, "geometry": {"type": "Polygon", "coordinates": [[[-79.53407512819032, 38.6007654900759], [-79.62707240873272, 38.55144315072775], [-79.61399352002132, 38.468069739701], [-79.50825835547268, 38.43397407881566], [-79.41536086132656, 38.483119689818714], [-79.42809848086327, 38.566537400656216], [-79.53407512819032, 38.6007654900759]]]}}, {"type": "Feature", "properties": {"color": "#68aa63"}, "geometry": {"type": "Polygon", "coordinates": [[[-80.16112669937118, 37.54490309544917], [-80.25142472673036, 37.4958862526324], [-80.23757198049049, 37.41385711170296], [-80.13374559332112, 37.38079692642861], [-80.04353589676785, 37.42963902759684], [-80.05706398718644, 37.511715779507625], [-80.16112669937118, 37.54490309544917]]]}}, {"type": "Feature", "properties": {"color": "#dbd83d"}, "geometry": {"type": "Polygon", "coordinates": [[[-80.27204889236694, 37.03803375594287], [-80.36128273866599, 36.98932424092496], [-80.34739070344813, 36.90792957062477], [-80.24458210807927, 36.87519628909495], [-80.1554335093531, 36.92373242216751], [-80.16900799368527, 37.00517494747397], [-80.27204889236694, 37.03803375594287]]]}}, {"type": "Feature", "properties": {"color": "#68aa63"}, "geometry": {"type": "Polygon", "coordinates": [[[-81.39832200053635, 37.31267536022384], [-81.48681540499996, 37.26293697953542], [-81.47095453018426, 37.181392501935875], [-81.36691717273696, 37.149530611950546], [-81.27849713667302, 37.19909304778426], [-81.2940407828215, 37.280693053555694], [-81.39832200053635, 37.31267536022384]]]}}, {"type": "Feature", "properties": {"color": "#b5c98e"}, "geometry": {"type": "Polygon", "coordinates": [[[-78.04330236126333, 37.948398996789045], [-78.13659970759163, 37.90070254010472], [-78.12625430205973, 37.817925356748276], [-78.02294735854663, 37.78281076791898], [-77.92976421246495, 37.830335558284325], [-77.9397736101693, 37.91314631150872], [-78.04330236126333, 37.948398996789045]]]}}, {"type": "Feature", "properties": {"color": "#dbd83d"}, "geometry": {"type": "Polygon", "coordinates": [[[-79.53879398743378, 37.34462728262186], [-79.62938514840216, 37.29622477241014], [-79.61663947589507, 37.21435067574406], [-79.51362626862475, 37.18083553627414], [-79.42312975411886, 37.2290650309983], [-79.43555155572426, 37.310982402005095], [-79.53879398743378, 37.34462728262186]]]}}, {"type": "Feature", "properties": {"color": "#dbd83d"}, "geometry": {"type": "Polygon", "coordinates": [[[-79.42312975411886, 37.2290650309983], [-79.51362626862475, 37.18083553627414], [-79.501106218436, 37.09908734331137], [-79.39841206990089, 37.06552596289971], [-79.30801104764657, 37.1135830103187], [-79.32020844270723, 37.19537360701898], [-79.42312975411886, 37.2290650309983]]]}}, {"type": "Feature", "properties": {"color": "#b5c98e"}, "geometry": {"type": "Polygon", "coordinates": [[[-77.92976421246495, 37.830335558284325], [-78.02294735854663, 37.78281076791898], [-78.01282228664007, 37.70016443006029], [-77.90984848798192, 37.66500987097431], [-77.81678026424703, 37.71236360030951], [-77.8265707229842, 37.79504265795539], [-77.92976421246495, 37.830335558284325]]]}}, {"type": "Feature", "properties": {"color": "#68aa63"}, "geometry": {"type": "Polygon", "coordinates": [[[-81.27849713667302, 37.19909304778426], [-81.36691717273696, 37.149530611950546], [-81.35129389388653, 37.06810302512503], [-81.24756646280325, 37.03618299270549], [-81.15922081683756, 37.08557000200737], [-81.1745279110862, 37.16705220529026], [-81.27849713667302, 37.19909304778426]]]}}, {"type": "Feature", "properties": {"color": "#1c6330"}, "geometry": {"type": "Polygon", "coordinates": [[[-78.30908409954083, 36.936062978367566], [-78.4001764274286, 36.88888695755643], [-78.38960204211892, 36.80737026208426], [-78.28825673470466, 36.77299457087052], [-78.19727101038677, 36.820001306690045], [-78.20752379337901, 36.901552736481925], [-78.30908409954083, 36.936062978367566]]]}}, {"type": "Feature", "properties": {"color": "#dbd83d"}, "geometry": {"type": "Polygon", "coordinates": [[[-77.91253990809933, 39.348510327124295], [-78.0087457814034, 39.29996280421365], [-77.99831994333309, 39.21553604875587], [-77.89204458471387, 39.17962304534582], [-77.79596136998029, 39.22799525210616], [-77.80603064281902, 39.312455472943626], [-77.91253990809933, 39.348510327124295]]]}}, {"type": "Feature", "properties": {"color": "#b5c98e"}, "geometry": {"type": "Polygon", "coordinates": [[[-80.58196076270671, 37.13615463163648], [-80.67103823281869, 37.08714363965976], [-80.65659881775348, 37.00567651518812], [-80.55339947704563, 36.97317012189675], [-80.46440410250932, 37.02200692449114], [-80.47852569640973, 37.103524039945235], [-80.58196076270671, 37.13615463163648]]]}}, {"type": "Feature", "properties": {"color": "#68aa63"}, "geometry": {"type": "Polygon", "coordinates": [[[-77.2758903698456, 39.13099307309834], [-77.37230832194274, 39.083111065077304], [-77.36305305000943, 38.99887607929991], [-77.25773432208473, 38.962493965570914], [-77.16144545595456, 39.01020285146806], [-77.17034604777324, 39.09446666679404], [-77.2758903698456, 39.13099307309834]]]}}, {"type": "Feature", "properties": {"color": "#476ba0"}, "geometry": {"type": "Polygon", "coordinates": [[[-75.81334096971969, 37.321047458335634], [-75.90756466098625, 37.275545101507745], [-75.9011465189847, 37.19337471471891], [-75.80083562859616, 37.15668841595748], [-75.7067474313359, 37.20202665988399], [-75.71283451932968, 37.284215020500916], [-75.81334096971969, 37.321047458335634]]]}}, {"type": "Feature", "properties": {"color": "#1c6330"}, "geometry": {"type": "Polygon", "coordinates": [[[-76.87218051111374, 37.14536879282016], [-76.96507701112722, 37.09914821307415], [-76.95688674122353, 37.01725130238255], [-76.85612703868303, 36.98154953230515], [-76.76335374106102, 37.02760362881322], [-76.77121679547291, 37.10952568840824], [-76.87218051111374, 37.14536879282016]]]}}, {"type": "Feature", "properties": {"color": "#68aa63"}, "geometry": {"type": "Polygon", "coordinates": [[[-79.69376779142436, 37.707064462107574], [-79.7848772252257, 37.658274763949095], [-79.77177079442971, 37.57598270836119], [-79.66788299071698, 37.54243544277326], [-79.57686786193871, 37.5910507464475], [-79.58964597610044, 37.67338742948169], [-79.69376779142436, 37.707064462107574]]]}}, {"type": "Feature", "properties": {"color": "#e2e2c1"}, "geometry": {"type": "Polygon", "coordinates": [[[-78.99131135057615, 37.634357595323635], [-79.08302757482622, 37.58615349616647], [-79.07113481394003, 37.503858065547924], [-78.96785492671657, 37.4697266239625], [-78.8762407282854, 37.51775791370041], [-78.88780416151569, 37.60009316997816], [-78.99131135057615, 37.634357595323635]]]}}, {"type": "Feature", "properties": {"color": "#68aa63"}, "geometry": {"type": "Polygon", "coordinates": [[[-78.0522001709928, 38.8305163110519], [-78.14722226131515, 38.78220361371066], [-78.13666631394554, 38.698386518656385], [-78.03143664880547, 38.66284766518013], [-77.93653293726466, 38.71098615865521], [-77.94674030093948, 38.79483740939629], [-78.0522001709928, 38.8305163110519]]]}}, {"type": "Feature", "properties": {"color": "#bad8ea"}, "geometry": {"type": "Polygon", "coordinates": [[[-77.26006287635589, 37.123959650563144], [-77.35254625203083, 37.07745209413837], [-77.3437029677092, 36.99560941841257], [-77.24270240976827, 36.960246237834866], [-77.15033793539283, 37.00658639569506], [-77.15885495588591, 37.08845684411982], [-77.26006287635589, 37.123959650563144]]]}}, {"type": "Feature", "properties": {"color": "#68aa63"}, "geometry": {"type": "Polygon", "coordinates": [[[-80.1554335093531, 36.92373242216751], [-80.24458210807927, 36.87519628909495], [-80.23091777772534, 36.79392500786601], [-80.12842101199065, 36.76114261166224], [-80.03935856082884, 36.809505911358784], [-80.05270646883278, 36.89082416951483], [-80.1554335093531, 36.92373242216751]]]}}, {"type": "Feature", "properties": {"color": "#b5c98e"}, "geometry": {"type": "Polygon", "coordinates": [[[-77.42438794234084, 37.7357944980452], [-77.51789139223462, 37.68873221321384], [-77.50865172221526, 37.606155212996406], [-77.40624276553743, 37.57061100754916], [-77.3128594436089, 37.617503716635625], [-77.32176477627561, 37.70010991366272], [-77.42438794234084, 37.7357944980452]]]}}, {"type": "Feature", "properties": {"color": "#476ba0"}, "geometry": {"type": "Polygon", "coordinates": [[[-77.22180416493262, 38.62665557543464], [-77.31726287517262, 38.579150653224005], [-77.30820089064343, 38.49549686271527], [-77.20402739365899, 38.45931947611718], [-77.1086956957263, 38.50665281135231], [-77.11741030631012, 38.590334818112254], [-77.22180416493262, 38.62665557543464]]]}}, {"type": "Feature", "properties": {"color": "#1c6330"}, "geometry": {"type": "Polygon", "coordinates": [[[-77.42689953523228, 36.86745011509382], [-77.51873225785937, 36.820995223427595], [-77.50965574939221, 36.73948344262002], [-77.40906887000037, 36.70439749668063], [-77.31735200121638, 36.750685335448], [-77.32610599291829, 36.83222588736899], [-77.42689953523228, 36.86745011509382]]]}}, {"type": "Feature", "properties": {"color": "#476ba0"}, "geometry": {"type": "Polygon", "coordinates": [[[-75.27664558439707, 38.09067013359625], [-75.37288013392494, 38.045105618415946], [-75.3672854698358, 37.96198242484397], [-75.26579851304567, 37.92440904097918], [-75.16970973235776, 37.96980890469203], [-75.17496204371672, 38.052946500674146], [-75.27664558439707, 38.09067013359625]]]}}, {"type": "Feature", "properties": {"color": "#dbd83d"}, "geometry": {"type": "Polygon", "coordinates": [[[-78.95618662194445, 37.387558718815995], [-79.04747063953683, 37.33956223697113], [-79.03569881600397, 37.25756218152591], [-78.93296881496572, 37.22351892460006], [-78.8417861775413, 37.271343403521776], [-78.85323193597787, 37.353382859722956], [-78.95618662194445, 37.387558718815995]]]}}, {"type": "Feature", "properties": {"color": "#68aa63"}, "geometry": {"type": "Polygon", "coordinates": [[[-78.81860638202167, 38.52628072329707], [-78.91222634763052, 38.47756983530095], [-78.90040736081978, 38.394191824307086], [-78.79531043441207, 38.359485106773036], [-78.7017983896552, 38.40802093784135], [-78.71327511407976, 38.49143825017685], [-78.81860638202167, 38.52628072329707]]]}}, {"type": "Feature", "properties": {"color": "#68aa63"}, "geometry": {"type": "Polygon", "coordinates": [[[-82.16854833656156, 37.239113019683565], [-82.2560260811577, 37.18888752388413], [-82.23890619668569, 37.10757744204997], [-82.13462146647562, 37.0764321697732], [-82.04720803880977, 37.12648097326383], [-82.0640146941945, 37.20785148356689], [-82.16854833656156, 37.239113019683565]]]}}, {"type": "Feature", "properties": {"color": "#68aa63"}, "geometry": {"type": "Polygon", "coordinates": [[[-78.93598828405442, 38.64461477124749], [-79.02971531844256, 38.595728237028915], [-79.01766265262587, 38.51222601602223], [-78.91222634763052, 38.47756983530095], [-78.81860638202167, 38.52628072329707], [-78.83031541002694, 38.60982314469523], [-78.93598828405442, 38.64461477124749]]]}}, {"type": "Feature", "properties": {"color": "#dbd83d"}, "geometry": {"type": "Polygon", "coordinates": [[[-81.04049030963357, 36.97210873047882], [-81.12876056199869, 36.92289662615197], [-81.11360689054358, 36.84170579592287], [-81.0104967630967, 36.809673993153794], [-80.92230288985446, 36.85871171720886], [-80.93714247606758, 36.93995535926284], [-81.04049030963357, 36.97210873047882]]]}}, {"type": "Feature", "properties": {"color": "#e2e2c1"}, "geometry": {"type": "Polygon", "coordinates": [[[-77.36675473668942, 38.11462579346859], [-77.4610554633445, 38.06734912321186], [-77.45184103072138, 37.9843124496624], [-77.34866545435504, 37.9485231630218], [-77.25448741666894, 37.99562931868855], [-77.26336209028082, 38.07869497873823], [-77.36675473668942, 38.11462579346859]]]}}, {"type": "Feature", "properties": {"color": "#476ba0"}, "geometry": {"type": "Polygon", "coordinates": [[[-76.78702336677746, 37.273671702798566], [-76.88024827125018, 37.22742934331713], [-76.87218051111374, 37.14536879282016], [-76.77121679547291, 37.10952568840824], [-76.67811667233322, 37.15560141483974], [-76.68585533728131, 37.23768658708084], [-76.78702336677746, 37.273671702798566]]]}}, {"type": "Feature", "properties": {"color": "#b5c98e"}, "geometry": {"type": "Polygon", "coordinates": [[[-82.88105207403152, 36.917620108907094], [-82.96711988462557, 36.86716648302145], [-82.94894031980942, 36.78639469440113], [-82.84499867505507, 36.75601174768609], [-82.758986235856, 36.80628893944361], [-82.77685972443571, 36.88712526321002], [-82.88105207403152, 36.917620108907094]]]}}, {"type": "Feature", "properties": {"color": "#68aa63"}, "geometry": {"type": "Polygon", "coordinates": [[[-78.53657911825239, 38.67217382150226], [-78.630782867566, 38.623583302626], [-78.61941821988546, 38.54000205701094], [-78.51419469417907, 38.50497359072348], [-78.4201028545297, 38.553389247308736], [-78.43112240317882, 38.637007936383], [-78.53657911825239, 38.67217382150226]]]}}, {"type": "Feature", "properties": {"color": "#bad8ea"}, "geometry": {"type": "Polygon", "coordinates": [[[-76.44004651783051, 36.67498862601992], [-76.5324468649376, 36.62943024562404], [-76.5250627925541, 36.54809211076258], [-76.42559979751074, 36.51229002604424], [-76.33332483152608, 36.55768441506321], [-76.34038735069178, 36.63904459260989], [-76.44004651783051, 36.67498862601992]]]}}, {"type": "Feature", "properties": {"color": "#68aa63"}, "geometry": {"type": "Polygon", "coordinates": [[[-78.46989120728173, 38.171734450085566], [-78.56318492960895, 38.12354695643973], [-78.55205484048902, 38.040547508231064], [-78.44796894377792, 38.00569861376352], [-78.35478558594642, 38.053712830987294], [-78.36557754208964, 38.13674892705609], [-78.46989120728173, 38.171734450085566]]]}}, {"type": "Feature", "properties": {"color": "#b5c98e"}, "geometry": {"type": "Polygon", "coordinates": [[[-78.51889412005079, 37.79213567193902], [-78.61140296402834, 37.74417990836], [-78.6002778069636, 37.66163975466676], [-78.49697630449332, 37.627018347862055], [-78.40457553827046, 37.674801832850605], [-78.41536798184687, 37.757378714757344], [-78.51889412005079, 37.79213567193902]]]}}, {"type": "Feature", "properties": {"color": "#68aa63"}, "geometry": {"type": "Polygon", "coordinates": [[[-81.8061676118223, 36.901372871590816], [-81.8934491632715, 36.851675963807025], [-81.87704848123694, 36.770708569255234], [-81.77367625162063, 36.73938014922846], [-81.68646222296546, 36.788901860761634], [-81.70255258910272, 36.86992693027586], [-81.8061676118223, 36.901372871590816]]]}}, {"type": "Feature", "properties": {"color": "#68aa63"}, "geometry": {"type": "Polygon", "coordinates": [[[-78.43621529337759, 39.44292783887183], [-78.53206123577296, 39.393890378982604], [-78.52068661612972, 39.3094113413162], [-78.41382251366832, 39.27393221927514], [-78.31809337810934, 39.322792868779686], [-78.32911130317967, 39.40730914712933], [-78.43621529337759, 39.44292783887183]]]}}, {"type": "Feature", "properties": {"color": "#476ba0"}, "geometry": {"type": "Polygon", "coordinates": [[[-75.63633420031567, 37.57691291930932], [-75.73122117927622, 37.531384610678955], [-75.72507128599109, 37.44889415409178], [-75.62436908432446, 37.41191489570623], [-75.52962094769659, 37.45727888810458], [-75.53543606408945, 37.5397861574487], [-75.63633420031567, 37.57691291930932]]]}}, {"type": "Feature", "properties": {"color": "#68aa63"}, "geometry": {"type": "Polygon", "coordinates": [[[-78.48680364641228, 39.05654359489702], [-78.58182149720609, 39.00772765811685], [-78.5704511925007, 38.923695536039055], [-78.46441363145034, 38.888441702192566], [-78.36951010220425, 38.93708179718733], [-78.38052958111656, 39.02115126801401], [-78.48680364641228, 39.05654359489702]]]}}, {"type": "Feature", "properties": {"color": "#ed0000"}, "geometry": {"type": "Polygon", "coordinates": [[[-77.70434734104106, 37.59448553807594], [-77.79729993758376, 37.54730226289708], [-77.78760972686239, 37.464920325857584], [-77.68529856271094, 37.429690331637964], [-77.59246228120244, 37.47670376104529], [-77.60182066599582, 37.559116739653625], [-77.70434734104106, 37.59448553807594]]]}}, {"type": "Feature", "properties": {"color": "#dbd83d"}, "geometry": {"type": "Polygon", "coordinates": [[[-82.44765552542503, 36.71436765314951], [-82.53386592866413, 36.66438002683015], [-82.51647384437751, 36.58376785228009], [-82.41317637994716, 36.5530815330771], [-82.32702576821704, 36.602893810811814], [-82.34411250123358, 36.68356750504313], [-82.44765552542503, 36.71436765314951]]]}}, {"type": "Feature", "properties": {"color": "#68aa63"}, "geometry": {"type": "Polygon", "coordinates": [[[-79.96981131090587, 38.18771164243395], [-80.06153599043154, 38.138356328463644], [-80.04782279486398, 38.055530114894765], [-79.942718726109, 38.02201201134866], [-79.85108702191451, 38.071190995172316], [-79.86446613761744, 38.15406412978888], [-79.96981131090587, 38.18771164243395]]]}}, {"type": "Feature", "properties": {"color": "#68aa63"}, "geometry": {"type": "Polygon", "coordinates": [[[-80.61357048781453, 36.76186185434524], [-80.70192590193027, 36.7131215116754], [-80.68754644386986, 36.63212028360529], [-80.58512413100667, 36.59980932289248], [-80.49684919743169, 36.64837658679978], [-80.51091582480926, 36.729427623612885], [-80.61357048781453, 36.76186185434524]]]}}, {"type": "Feature", "properties": {"color": "#1c6330"}, "geometry": {"type": "Polygon", "coordinates": [[[-76.94579358838247, 37.88751469802872], [-77.04006112805324, 37.84072797897387], [-77.03161477274415, 37.75793151558993], [-76.92923804327883, 37.72189550841799], [-76.83509674076986, 37.768513430039235], [-76.84320577268998, 37.85133585976623], [-76.94579358838247, 37.88751469802872]]]}}, {"type": "Feature", "properties": {"color": "#1c6330"}, "geometry": {"type": "Polygon", "coordinates": [[[-77.75873687269534, 37.218371453330846], [-77.85091331731326, 37.17141175463644], [-77.8412074044666, 37.08949408315882], [-77.73965144736425, 37.05450462162702], [-77.64758892089404, 37.10129544456796], [-77.65696825285195, 37.18324431751504], [-77.75873687269534, 37.218371453330846]]]}}, {"type": "Feature", "properties": {"color": "#b5c98e"}, "geometry": {"type": "Polygon", "coordinates": [[[-78.53431952411643, 37.1684706851824], [-78.62562287990085, 37.12095432018343], [-78.61461654202131, 37.03917447822305], [-78.51263081970697, 37.00487431486755], [-78.42143260916181, 37.05222021264792], [-78.43211476841158, 37.13403645795783], [-78.53431952411643, 37.1684706851824]]]}}, {"type": "Feature", "properties": {"color": "#476ba0"}, "geometry": {"type": "Polygon", "coordinates": [[[-76.24507172891956, 37.798306736863246], [-76.33983247444104, 37.752141547605675], [-76.3326062427802, 37.66940960467224], [-76.23095627594705, 37.63282147125784], [-76.1363290250398, 37.67881999647699], [-76.14321811560413, 37.76157302109688], [-76.24507172891956, 37.798306736863246]]]}}, {"type": "Feature", "properties": {"color": "#68aa63"}, "geometry": {"type": "Polygon", "coordinates": [[[-82.55248126848305, 37.200525195410584], [-82.63944222984142, 37.15006316647167], [-82.62169904431256, 37.068877560546525], [-82.51730567420641, 37.03809089070689], [-82.43040451828283, 37.08837592298194], [-82.44783658551515, 37.169624367746664], [-82.55248126848305, 37.200525195410584]]]}}, {"type": "Feature", "properties": {"color": "#bad8ea"}, "geometry": {"type": "Polygon", "coordinates": [[[-76.31107597799179, 37.42181348923015], [-76.40503695849705, 37.37584671262923], [-76.39775557059363, 37.29357622996982], [-76.29684489617252, 37.257250811247296], [-76.20301462719593, 37.30305180117075], [-76.20996419096787, 37.38534370198934], [-76.31107597799179, 37.42181348923015]]]}}, {"type": "Feature", "properties": {"color": "#aa7028"}, "geometry": {"type": "Polygon", "coordinates": [[[-76.2664285111449, 38.0472813973793], [-76.36166139640966, 38.000934730596626], [-76.3543599215865, 37.91790428224445], [-76.2521660492487, 37.881198893601564], [-76.15706781214521, 37.92737814362811], [-76.16402866560979, 38.010429898830786], [-76.2664285111449, 38.0472813973793]]]}}, {"type": "Feature", "properties": {"color": "#1c6330"}, "geometry": {"type": "Polygon", "coordinates": [[[-77.8412074044666, 37.08949408315882], [-77.93305665260733, 37.04256304412202], [-77.92323771433207, 36.96081151750875], [-77.82189401939854, 36.9259590592396], [-77.73015718256732, 36.972721410114794], [-77.73965144736425, 37.05450462162702], [-77.8412074044666, 37.08949408315882]]]}}, {"type": "Feature", "properties": {"color": "#68aa63"}, "geometry": {"type": "Polygon", "coordinates": [[[-78.09543064994192, 37.5701850773945], [-78.1879447178299, 37.52271512820054], [-78.1775926042198, 37.4403992586678], [-78.07505687852809, 37.40551935300085], [-77.98265464656212, 37.45281861634742], [-77.99267610764487, 37.53516818247156], [-78.09543064994192, 37.5701850773945]]]}}, {"type": "Feature", "properties": {"color": "#b5c98e"}, "geometry": {"type": "Polygon", "coordinates": [[[-77.62166375423449, 38.60358209457795], [-77.71667512890417, 38.55576951071892], [-77.70692008315211, 38.47217634606326], [-77.60249971256056, 38.436364454499326], [-77.50761060603293, 38.48400451020361], [-77.51701941046471, 38.567628685521704], [-77.62166375423449, 38.60358209457795]]]}}, {"type": "Feature", "properties": {"color": "#68aa63"}, "geometry": {"type": "Polygon", "coordinates": [[[-78.43706449263547, 37.92282728434425], [-78.52990963248261, 37.87484168338475], [-78.51889412005079, 37.79213567193902], [-78.41536798184687, 37.757378714757344], [-78.3226324426425, 37.80519183450691], [-78.33331322732714, 37.88793410259895], [-78.43706449263547, 37.92282728434425]]]}}, {"type": "Feature", "properties": {"color": "#68aa63"}, "geometry": {"type": "Polygon", "coordinates": [[[-80.1201246332893, 37.29889001964994], [-80.21000714265021, 37.250091017480464], [-80.19629457897427, 37.16835441328746], [-80.09302073162446, 37.13536943285726], [-80.00322612015445, 37.18399451141308], [-80.01661719423502, 37.26577821957714], [-80.1201246332893, 37.29889001964994]]]}}, {"type": "Feature", "properties": {"color": "#b5c98e"}, "geometry": {"type": "Polygon", "coordinates": [[[-76.63849716667153, 37.77877025802054], [-76.73284701883038, 37.732302332356866], [-76.72494775615219, 37.649616628324175], [-76.62303479517927, 37.613374755462175], [-76.52881400730159, 37.65967500075188], [-76.53637697077981, 37.742384502650744], [-76.63849716667153, 37.77877025802054]]]}}, {"type": "Feature", "properties": {"color": "#ccba7c"}, "geometry": {"type": "Polygon", "coordinates": [[[-76.82434442611354, 36.655122638189475], [-76.91634861957299, 36.60928098253511], [-76.90832267175233, 36.52799080036577], [-76.80861311394055, 36.49251736765388], [-76.71673015538764, 36.53819409047572], [-76.72443537772155, 36.61950889270296], [-76.82434442611354, 36.655122638189475]]]}}, {"type": "Feature", "properties": {"color": "#1c6330"}, "geometry": {"type": "Polygon", "coordinates": [[[-77.31735200121638, 36.750685335448], [-77.40906887000037, 36.70439749668063], [-77.4001984990765, 36.62302266011564], [-77.29993226366797, 36.58790740184654], [-77.20833186249352, 36.63402879783998], [-77.21688106905178, 36.71543160975232], [-77.31735200121638, 36.750685335448]]]}}, {"type": "Feature", "properties": {"color": "#68aa63"}, "geometry": {"type": "Polygon", "coordinates": [[[-78.94621980847302, 38.01323972234329], [-79.03870920837207, 37.96479525987581], [-79.02679859876949, 37.88203932604626], [-78.92273303423751, 37.84768776223684], [-78.83034780069835, 37.89595839055369], [-78.8419237317459, 37.97875412885024], [-78.94621980847302, 38.01323972234329]]]}}, {"type": "Feature", "properties": {"color": "#68aa63"}, "geometry": {"type": "Polygon", "coordinates": [[[-82.81278584208187, 37.04908351938099], [-82.89916898370443, 36.99856696805175], [-82.88105207403152, 36.917620108907094], [-82.77685972443571, 36.88712526321002], [-82.69053303811248, 36.93746503018496], [-82.70834189975831, 37.01847617675548], [-82.81278584208187, 37.04908351938099]]]}}, {"type": "Feature", "properties": {"color": "#68aa63"}, "geometry": {"type": "Polygon", "coordinates": [[[-79.49541715238557, 38.35072215192778], [-79.58797171059528, 38.301610336484096], [-79.57502832218685, 38.21852474085888], [-79.46986795763448, 38.18450684564542], [-79.37741260335301, 38.233442737198146], [-79.39001815075801, 38.316572160366356], [-79.49541715238557, 38.35072215192778]]]}}, {"type": "Feature", "properties": {"color": "#68aa63"}, "geometry": {"type": "Polygon", "coordinates": [[[-80.96697153734615, 37.10273492455495], [-81.05556272129665, 37.05347214139929], [-81.04049030963357, 36.97210873047882], [-80.93714247606758, 36.93995535926284], [-80.84862891915982, 36.98904346447827], [-80.8633852799615, 37.07045935219921], [-80.96697153734615, 37.10273492455495]]]}}, {"type": "Feature", "properties": {"color": "#dbd83d"}, "geometry": {"type": "Polygon", "coordinates": [[[-78.13666631394554, 38.698386518656385], [-78.23133874745503, 38.650096297807984], [-78.22066499257083, 38.56644155045251], [-78.11566505586465, 38.531042056637894], [-78.02110935828546, 38.57915824897765], [-78.03143664880547, 38.66284766518013], [-78.13666631394554, 38.698386518656385]]]}}, {"type": "Feature", "properties": {"color": "#68aa63"}, "geometry": {"type": "Polygon", "coordinates": [[[-80.12540121103768, 37.92355586604214], [-80.21645229346579, 37.874279840829644], [-80.20254987350432, 37.7917905593753], [-80.09792601961763, 37.75852929415886], [-80.00696508608625, 37.807629499888506], [-80.02053758298335, 37.89016651073363], [-80.12540121103768, 37.92355586604214]]]}}, {"type": "Feature", "properties": {"color": "#68aa63"}, "geometry": {"type": "Polygon", "coordinates": [[[-78.85385663998814, 38.77719621673466], [-78.94793166576108, 38.72828129686695], [-78.93598828405442, 38.64461477124749], [-78.83031541002694, 38.60982314469523], [-78.73634902496528, 38.658562212027526], [-78.74794663174532, 38.742268463247555], [-78.85385663998814, 38.77719621673466]]]}}, {"type": "Feature", "properties": {"color": "#68aa63"}, "geometry": {"type": "Polygon", "coordinates": [[[-78.78372309298457, 38.27623230388721], [-78.8768922808936, 38.227725698176876], [-78.86519576453271, 38.14463796924684], [-78.76066863116797, 38.11001767309789], [-78.6676066488323, 38.1583500190196], [-78.67896436288201, 38.24147662967148], [-78.78372309298457, 38.27623230388721]]]}}, {"type": "Feature", "properties": {"color": "#476ba0"}, "geometry": {"type": "Polygon", "coordinates": [[[-75.76229010431005, 37.945339276172724], [-75.85779103464354, 37.89946917884446], [-75.85137523772605, 37.816537373267664], [-75.74979820216728, 37.779457597554426], [-75.65443688270155, 37.82516199487056], [-75.66051287434149, 37.908111567230016], [-75.76229010431005, 37.945339276172724]]]}}, {"type": "Feature", "properties": {"color": "#b5c98e"}, "geometry": {"type": "Polygon", "coordinates": [[[-76.81093644436065, 37.52064309472379], [-76.90461732942532, 37.47421278574569], [-76.89646653903998, 37.391851499885], [-76.79496715799037, 37.355895343988124], [-76.70141207734441, 37.402158249957274], [-76.70923042396937, 37.48454442109163], [-76.81093644436065, 37.52064309472379]]]}}, {"type": "Feature", "properties": {"color": "#b5c98e"}, "geometry": {"type": "Polygon", "coordinates": [[[-77.19518551165214, 38.37579787959202], [-77.29017163713439, 38.32848213050249], [-77.2812040396269, 38.24512156756257], [-77.17759394878858, 38.20904853870525], [-77.08273381555168, 38.25619347052848], [-77.09135760851704, 38.33958194858106], [-77.19518551165214, 38.37579787959202]]]}}, {"type": "Feature", "properties": {"color": "#bad8ea"}, "geometry": {"type": "Polygon", "coordinates": [[[-77.20187762663201, 37.4993134263495], [-77.29514017322487, 37.45258967685042], [-77.28632592422251, 37.37028216840388], [-77.18458044879358, 37.3346705618336], [-77.09143930841853, 37.38122596914397], [-77.09992207378818, 37.46356103312861], [-77.20187762663201, 37.4993134263495]]]}}, {"type": "Feature", "properties": {"color": "#68aa63"}, "geometry": {"type": "Polygon", "coordinates": [[[-77.96726302079206, 38.96282900263337], [-78.06263678503007, 38.91449513928759], [-78.0522001709928, 38.8305163110519], [-77.94674030093948, 38.79483740939629], [-77.8514865788421, 38.84299689870588], [-77.86157247510809, 38.927009362010345], [-77.96726302079206, 38.96282900263337]]]}}, {"type": "Feature", "properties": {"color": "#476ba0"}, "geometry": {"type": "Polygon", "coordinates": [[[-75.3672854698358, 37.96198242484397], [-75.46318048017645, 37.91642496552727], [-75.45744462438614, 37.833459000818245], [-75.35615410212066, 37.796035177591946], [-75.26040309972726, 37.84142806015268], [-75.26579851304567, 37.92440904097918], [-75.3672854698358, 37.96198242484397]]]}}, {"type": "Feature", "properties": {"color": "#e2e2c1"}, "geometry": {"type": "Polygon", "coordinates": [[[-78.25931142307758, 37.31080870705965], [-78.35116387653171, 37.26339842508917], [-78.34059035211396, 37.181415130670906], [-78.23849091999747, 37.146807187559105], [-78.14674728983532, 37.19404717853064], [-78.1569940691036, 37.27606511792915], [-78.25931142307758, 37.31080870705965]]]}}, {"type": "Feature", "properties": {"color": "#68aa63"}, "geometry": {"type": "Polygon", "coordinates": [[[-79.7325133981091, 36.71041742216859], [-79.82171904066207, 36.662353922890624], [-79.80881876788095, 36.581286957889546], [-79.70702753320315, 36.54823922027521], [-79.61791195127867, 36.596131283848855], [-79.63049730172193, 36.677242248552375], [-79.7325133981091, 36.71041742216859]]]}}, {"type": "Feature", "properties": {"color": "#68aa63"}, "geometry": {"type": "Polygon", "coordinates": [[[-77.45184103072138, 37.9843124496624], [-77.54580190833353, 37.937057244253225], [-77.53646632068322, 37.85418340275618], [-77.43350743363428, 37.818534960176244], [-77.3396676227824, 37.865619810361395], [-77.34866545435504, 37.9485231630218], [-77.45184103072138, 37.9843124496624]]]}}, {"type": "Feature", "properties": {"color": "#68aa63"}, "geometry": {"type": "Polygon", "coordinates": [[[-79.7710641181357, 36.954428070105564], [-79.86068025139178, 36.90614917595402], [-79.84764956511633, 36.82478518975527], [-79.74532050023413, 36.7916553496937], [-79.65579491231405, 36.83976198810046], [-79.66850759728115, 36.92117044836997], [-79.7710641181357, 36.954428070105564]]]}}, {"type": "Feature", "properties": {"color": "#68aa63"}, "geometry": {"type": "Polygon", "coordinates": [[[-80.53919072821981, 36.89182455414225], [-80.62786518639615, 36.84303545608284], [-80.61357048781453, 36.76186185434524], [-80.51091582480926, 36.729427623612885], [-80.42232311391052, 36.77804335605371], [-80.43630304760815, 36.85926641669216], [-80.53919072821981, 36.89182455414225]]]}}, {"type": "Feature", "properties": {"color": "#68aa63"}, "geometry": {"type": "Polygon", "coordinates": [[[-78.31809337810934, 39.322792868779686], [-78.41382251366832, 39.27393221927514], [-78.40268558012708, 39.189576690416985], [-78.29617448256712, 39.154045180057125], [-78.20056299217278, 39.2027296253655], [-78.21134472568966, 39.287121482093504], [-78.31809337810934, 39.322792868779686]]]}}, {"type": "Feature", "properties": {"color": "#68aa63"}, "geometry": {"type": "Polygon", "coordinates": [[[-79.81247572962117, 38.45268975329284], [-79.90488205502764, 38.403259863755515], [-79.89136341440508, 38.32009875992979], [-79.78577647558846, 38.286321174611686], [-79.69346602616584, 38.33557424040865], [-79.70664636726097, 38.418781429018516], [-79.81247572962117, 38.45268975329284]]]}}, {"type": "Feature", "properties": {"color": "#68aa63"}, "geometry": {"type": "Polygon", "coordinates": [[[-81.6632281817493, 37.16338959629971], [-81.75114796129442, 37.11358167723432], [-81.73489518900955, 37.032267011611566], [-81.63103658572963, 37.0007029302755], [-81.54318669962865, 37.05033501442926], [-81.55912521080192, 37.13170675329411], [-81.6632281817493, 37.16338959629971]]]}}, {"type": "Feature", "properties": {"color": "#1c6330"}, "geometry": {"type": "Polygon", "coordinates": [[[-79.15775169283388, 36.753790426653694], [-79.24763790682024, 36.706115673048316], [-79.23568461379288, 36.62492045043551], [-79.13416197907122, 36.591359456461895], [-79.04437231125155, 36.63886371990484], [-79.05600850885916, 36.7200991914081], [-79.15775169283388, 36.753790426653694]]]}}, {"type": "Feature", "properties": {"color": "#68aa63"}, "geometry": {"type": "Polygon", "coordinates": [[[-79.02679859876949, 37.88203932604626], [-79.11895104161059, 37.8336277534796], [-79.10693547945127, 37.75103851779518], [-79.0030998784862, 37.71682031314524], [-78.91105011071359, 37.76505827139547], [-78.92273303423751, 37.84768776223684], [-79.02679859876949, 37.88203932604626]]]}}, {"type": "Feature", "properties": {"color": "#dbd83d"}, "geometry": {"type": "Polygon", "coordinates": [[[-78.30419971872033, 38.434683305335916], [-78.39817883882668, 38.38644191210543], [-78.38727397344829, 38.30311365620673], [-78.28273204203053, 38.267990825311784], [-78.1888664326477, 38.31605855606683], [-78.19942902838879, 38.39942248494932], [-78.30419971872033, 38.434683305335916]]]}}, {"type": "Feature", "properties": {"color": "#68aa63"}, "geometry": {"type": "Polygon", "coordinates": [[[-79.81000634515635, 37.19932688783934], [-79.90003664450235, 37.15083260758643], [-79.88687356941175, 37.06917304900288], [-79.78400106793266, 37.03596254159145], [-79.69406179924044, 37.084283747758214], [-79.70690374961032, 37.16598825971259], [-79.81000634515635, 37.19932688783934]]]}}, {"type": "Feature", "properties": {"color": "#dbd83d"}, "geometry": {"type": "Polygon", "coordinates": [[[-82.32702576821704, 36.602893810811814], [-82.41317637994716, 36.5530815330771], [-82.39602229976813, 36.47258294615414], [-82.29302172751515, 36.44183577683371], [-82.20693198341506, 36.49147319213896], [-82.2237816216758, 36.57203238767055], [-82.32702576821704, 36.602893810811814]]]}}, {"type": "Feature", "properties": {"color": "#ddc9c9"}, "geometry": {"type": "Polygon", "coordinates": [[[-77.65066283403252, 38.85513631882774], [-77.74614609239624, 38.807131075706685], [-77.73628795346943, 38.72324707229253], [-77.63129620153866, 38.68733666397521], [-77.53593616496097, 38.73516860266313], [-77.54544446285013, 38.81908395185833], [-77.65066283403252, 38.85513631882774]]]}}, {"type": "Feature", "properties": {"color": "#bad8ea"}, "geometry": {"type": "Polygon", "coordinates": [[[-75.67272815570348, 38.07430951218019], [-75.7685685557515, 38.02842951258731], [-75.76229010431005, 37.945339276172724], [-75.66051287434149, 37.908111567230016], [-75.56481381933912, 37.953825775166784], [-75.57075053819987, 38.03693318163848], [-75.67272815570348, 38.07430951218019]]]}}, {"type": "Feature", "properties": {"color": "#68aa63"}, "geometry": {"type": "Polygon", "coordinates": [[[-80.43145002547726, 37.3977645517594], [-80.5211776132477, 37.34866079772349], [-80.50691221067434, 37.26685114879007], [-80.40324073877318, 37.23409571690189], [-80.3135978619027, 37.28302472226412], [-80.32754146989555, 37.36488363514739], [-80.43145002547726, 37.3977645517594]]]}}, {"type": "Feature", "properties": {"color": "#aa7028"}, "geometry": {"type": "Polygon", "coordinates": [[[-75.92046691574491, 37.44018809815689], [-76.01482562405916, 37.39452098978004], [-76.00820826918579, 37.312209009057185], [-75.90756466098625, 37.275545101507745], [-75.81334096971969, 37.321047458335634], [-75.8196257536969, 37.403378178502024], [-75.92046691574491, 37.44018809815689]]]}}, {"type": "Feature", "properties": {"color": "#68aa63"}, "geometry": {"type": "Polygon", "coordinates": [[[-78.11621478382617, 36.94859183090175], [-78.20752379337901, 36.901552736481925], [-78.19727101038677, 36.820001306690045], [-78.09603122882916, 36.7854552383458], [-78.00483098411169, 36.83232543686656], [-78.0147615661219, 36.91391031633859], [-78.11621478382617, 36.94859183090175]]]}}, {"type": "Feature", "properties": {"color": "#70a3ba"}, "geometry": {"type": "Polygon", "coordinates": [[[-76.67811667233322, 37.15560141483974], [-76.77121679547291, 37.10952568840824], [-76.76335374106102, 37.02760362881322], [-76.66271808070627, 36.99173317189734], [-76.56974330191638, 37.03764288932665], [-76.57727869789355, 37.11958878168268], [-76.67811667233322, 37.15560141483974]]]}}, {"type": "Feature", "properties": {"color": "#68aa63"}, "geometry": {"type": "Polygon", "coordinates": [[[-83.26145052612198, 36.877055093007414], [-83.34699649082407, 36.82637731074198], [-83.32820807682526, 36.74573809220466], [-83.22417721040519, 36.71570954507811], [-83.13868219989487, 36.76621067795893], [-83.15716674549766, 36.84691676245092], [-83.26145052612198, 36.877055093007414]]]}}, {"type": "Feature", "properties": {"color": "#1c6330"}, "geometry": {"type": "Polygon", "coordinates": [[[-77.92323771433207, 36.96081151750875], [-78.0147615661219, 36.91391031633859], [-78.00483098411169, 36.83232543686656], [-77.90369914553169, 36.79760931292847], [-77.81228621602267, 36.84434201844289], [-77.82189401939854, 36.9259590592396], [-77.92323771433207, 36.96081151750875]]]}}, {"type": "Feature", "properties": {"color": "#dbd83d"}, "geometry": {"type": "Polygon", "coordinates": [[[-79.96652518202478, 37.56059986513439], [-80.05706398718644, 37.511715779507625], [-80.04353589676785, 37.42963902759684], [-79.93979422541504, 37.396399757544614], [-79.84934603707872, 37.4451093940927], [-79.86254864034797, 37.52723247211404], [-79.96652518202478, 37.56059986513439]]]}}, {"type": "Feature", "properties": {"color": "#b5c98e"}, "geometry": {"type": "Polygon", "coordinates": [[[-78.58181984122007, 36.79443296026692], [-78.672371088824, 36.74715605545356], [-78.66137111520139, 36.66584386856588], [-78.5601387778429, 36.63177184886344], [-78.46969054250013, 36.678879309438884], [-78.48037142810482, 36.76022795432785], [-78.58181984122007, 36.79443296026692]]]}}, {"type": "Feature", "properties": {"color": "#aa7028"}, "geometry": {"type": "Polygon", "coordinates": [[[-77.39091748035958, 39.251869304498584], [-77.48746381080797, 39.20381354637527], [-77.47798120019411, 39.119449432307626], [-77.37230832194274, 39.083111065077304], [-77.2758903698456, 39.13099307309834], [-77.2850167275602, 39.21538689141198], [-77.39091748035958, 39.251869304498584]]]}}, {"type": "Feature", "properties": {"color": "#b5c98e"}, "geometry": {"type": "Polygon", "coordinates": [[[-76.5515813409569, 37.9081021157288], [-76.64626840266345, 37.86161729391777], [-76.63849716667153, 37.77877025802054], [-76.53637697077981, 37.742384502650744], [-76.44182063194287, 37.78870151370381], [-76.44925362289503, 37.87157179281255], [-76.5515813409569, 37.9081021157288]]]}}, {"type": "Feature", "properties": {"color": "#68aa63"}, "geometry": {"type": "Polygon", "coordinates": [[[-82.11774316029712, 36.995235300970755], [-82.20483801861522, 36.945244158825794], [-82.18788915867583, 36.86422131341799], [-82.08415540091423, 36.83312956393146], [-81.99712478930998, 36.882944837758814], [-82.01376336508254, 36.96402747304566], [-82.11774316029712, 36.995235300970755]]]}}, {"type": "Feature", "properties": {"color": "#e2e2c1"}, "geometry": {"type": "Polygon", "coordinates": [[[-78.79585789075615, 37.648158096938275], [-78.88780416151569, 37.60009316997816], [-78.8762407282854, 37.51775791370041], [-78.77306083268965, 37.483448787313385], [-78.68121886305214, 37.531341268101194], [-78.69245226493759, 37.613715035740846], [-78.79585789075615, 37.648158096938275]]]}}, {"type": "Feature", "properties": {"color": "#dbd83d"}, "geometry": {"type": "Polygon", "coordinates": [[[-78.92141891213359, 37.141647371168965], [-79.0122746815407, 37.09385862868782], [-79.00062196879013, 37.01215546109936], [-78.89843611627062, 36.97820177491389], [-78.8076810850363, 37.02581932256234], [-78.81901094775374, 37.10756147054017], [-78.92141891213359, 37.141647371168965]]]}}, {"type": "Feature", "properties": {"color": "#b5c98e"}, "geometry": {"type": "Polygon", "coordinates": [[[-79.96332326708576, 36.939232213204896], [-80.05270646883278, 36.89082416951483], [-80.03935856082884, 36.809505911358784], [-79.93694441994779, 36.77654969629998], [-79.84764956511633, 36.82478518975527], [-79.86068025139178, 36.90614917595402], [-79.96332326708576, 36.939232213204896]]]}}, {"type": "Feature", "properties": {"color": "#68aa63"}, "geometry": {"type": "Polygon", "coordinates": [[[-78.12625430205973, 37.817925356748276], [-78.21921461507887, 37.77025589820379], [-78.20875554070025, 37.68764362022426], [-78.10566995486462, 37.65266645017208], [-78.01282228664007, 37.70016443006029], [-78.02294735854663, 37.78281076791898], [-78.12625430205973, 37.817925356748276]]]}}, {"type": "Feature", "properties": {"color": "#ccba7c"}, "geometry": {"type": "Polygon", "coordinates": [[[-77.70186622802454, 36.72797445406299], [-77.79316756800061, 36.68140964273056], [-77.78365639880103, 36.60009460704002], [-77.68316385354365, 36.56531355829964], [-77.59197475453232, 36.61171107831752], [-77.60116578665595, 36.6930566550708], [-77.70186622802454, 36.72797445406299]]]}}, {"type": "Feature", "properties": {"color": "#68aa63"}, "geometry": {"type": "Polygon", "coordinates": [[[-80.30599321713157, 36.664335342670114], [-80.39450326394613, 36.61589243473305], [-80.38066288426307, 36.534964893118165], [-80.2786247709195, 36.502432284680054], [-80.1901982877739, 36.550702911928376], [-80.20372609452423, 36.63167816032704], [-80.30599321713157, 36.664335342670114]]]}}, {"type": "Feature", "properties": {"color": "#68aa63"}, "geometry": {"type": "Polygon", "coordinates": [[[-80.20254987350432, 37.7917905593753], [-80.29326714061573, 37.74255591103115], [-80.27927206595902, 37.660235833292695], [-80.17488731714157, 37.6271020027416], [-80.08425881292735, 37.67616109320054], [-80.09792601961763, 37.75852929415886], [-80.20254987350432, 37.7917905593753]]]}}, {"type": "Feature", "properties": {"color": "#dbd83d"}, "geometry": {"type": "Polygon", "coordinates": [[[-78.33668329735598, 38.685448836091446], [-78.43112240317882, 38.637007936383], [-78.4201028545297, 38.553389247308736], [-78.31498977358724, 38.51817510236443], [-78.22066499257083, 38.56644155045251], [-78.23133874745503, 38.650096297807984], [-78.33668329735598, 38.685448836091446]]]}}, {"type": "Feature", "properties": {"color": "#1c6330"}, "geometry": {"type": "Polygon", "coordinates": [[[-78.3226324426425, 37.80519183450691], [-78.41536798184687, 37.757378714757344], [-78.40457553827046, 37.674801832850605], [-78.30138071675137, 37.64000238499226], [-78.20875554070025, 37.68764362022426], [-78.21921461507887, 37.77025589820379], [-78.3226324426425, 37.80519183450691]]]}}, {"type": "Feature", "properties": {"color": "#476ba0"}, "geometry": {"type": "Polygon", "coordinates": [[[-76.00820826918579, 37.312209009057185], [-76.10223627530215, 37.26655690449025], [-76.09548742606154, 37.18440582563692], [-75.99504115974356, 37.14788724902109], [-75.9011465189847, 37.19337471471891], [-75.90756466098625, 37.275545101507745], [-76.00820826918579, 37.312209009057185]]]}}, {"type": "Feature", "properties": {"color": "#dbd83d"}, "geometry": {"type": "Polygon", "coordinates": [[[-80.87808093483471, 36.615567355384805], [-80.96588088874337, 36.56675459760306], [-80.95110779510699, 36.48597750684808], [-80.8488445218483, 36.45396154383193], [-80.7611216311846, 36.502601276483134], [-80.77558467314681, 36.58342973383113], [-80.87808093483471, 36.615567355384805]]]}}, {"type": "Feature", "properties": {"color": "#68aa63"}, "geometry": {"type": "Polygon", "coordinates": [[[-81.0120936246943, 37.34763240121288], [-81.10108555190776, 37.29814448647378], [-81.08586008682757, 37.21649019345985], [-80.98196151384903, 37.1842705066964], [-80.89304749013728, 37.23358292004173], [-80.90795384115869, 37.315290253280466], [-81.0120936246943, 37.34763240121288]]]}}, {"type": "Feature", "properties": {"color": "#aa7028"}, "geometry": {"type": "Polygon", "coordinates": [[[-77.22804669257422, 37.74702502601064], [-77.32176477627561, 37.70010991366272], [-77.3128594436089, 37.617503716635625], [-77.21057072257268, 37.581784486145146], [-77.11697500955889, 37.628530479326066], [-77.12554547991824, 37.71116452800418], [-77.22804669257422, 37.74702502601064]]]}}, {"type": "Feature", "properties": {"color": "#dbd83d"}, "geometry": {"type": "Polygon", "coordinates": [[[-77.76596673329205, 38.975188527644775], [-77.86157247510809, 38.927009362010345], [-77.8514865788421, 38.84299689870588], [-77.74614609239624, 38.807131075706685], [-77.65066283403252, 38.85513631882774], [-77.66039737692479, 38.9391810046705], [-77.76596673329205, 38.975188527644775]]]}}, {"type": "Feature", "properties": {"color": "#aa7028"}, "geometry": {"type": "Polygon", "coordinates": [[[-77.45387262556045, 37.11278415843227], [-77.54614653367949, 37.06613449977611], [-77.53697749404262, 36.98432090409884], [-77.43586013305139, 36.9491275993387], [-77.3437029677092, 36.99560941841257], [-77.35254625203083, 37.07745209413837], [-77.45387262556045, 37.11278415843227]]]}}, {"type": "Feature", "properties": {"color": "#dbd83d"}, "geometry": {"type": "Polygon", "coordinates": [[[-78.8076810850363, 37.02581932256234], [-78.89843611627062, 36.97820177491389], [-78.88700283060791, 36.89662805507924], [-78.78513589533817, 36.86263346987141], [-78.69448237694236, 36.910080404323864], [-78.70559406607649, 36.99169225682835], [-78.8076810850363, 37.02581932256234]]]}}, {"type": "Feature", "properties": {"color": "#68aa63"}, "geometry": {"type": "Polygon", "coordinates": [[[-82.3606165050337, 37.21996872127492], [-82.44783658551515, 37.169624367746664], [-82.43040451828283, 37.08837592298194], [-82.326064217422, 37.05740993876676], [-82.23890619668569, 37.10757744204997], [-82.2560260811577, 37.18888752388413], [-82.3606165050337, 37.21996872127492]]]}}, {"type": "Feature", "properties": {"color": "#476ba0"}, "geometry": {"type": "Polygon", "coordinates": [[[-76.59242663527127, 37.28378271556407], [-76.68585533728131, 37.23768658708084], [-76.67811667233322, 37.15560141483974], [-76.57727869789355, 37.11958878168268], [-76.48397693302469, 37.16551875911448], [-76.49138606619603, 37.24762722835334], [-76.59242663527127, 37.28378271556407]]]}}, {"type": "Feature", "properties": {"color": "#68aa63"}, "geometry": {"type": "Polygon", "coordinates": [[[-77.42178331544036, 38.61528793941637], [-77.51701941046471, 38.567628685521704], [-77.50761060603293, 38.48400451020361], [-77.40331234263306, 38.44800967248989], [-77.30820089064343, 38.49549686271527], [-77.31726287517262, 38.579150653224005], [-77.42178331544036, 38.61528793941637]]]}}, {"type": "Feature", "properties": {"color": "#aa7028"}, "geometry": {"type": "Polygon", "coordinates": [[[-77.9061245777444, 38.46001298919226], [-78.00056277239318, 38.41207021721581], [-77.99034310254345, 38.32867198998348], [-77.88602859567858, 38.29318331754177], [-77.7917086525233, 38.34095327902926], [-77.80158476403332, 38.42438442596601], [-77.9061245777444, 38.46001298919226]]]}}, {"type": "Feature", "properties": {"color": "#1c6330"}, "geometry": {"type": "Polygon", "coordinates": [[[-77.89994180921624, 37.58249528643234], [-77.99267610764487, 37.53516818247156], [-77.98265464656212, 37.45281861634742], [-77.88022994762315, 37.41776349348439], [-77.78760972686239, 37.464920325857584], [-77.79729993758376, 37.54730226289708], [-77.89994180921624, 37.58249528643234]]]}}, {"type": "Feature", "properties": {"color": "#476ba0"}, "geometry": {"type": "Polygon", "coordinates": [[[-77.13493146058691, 38.7579910212541], [-77.23073938002322, 38.71046969337463], [-77.22180416493262, 38.62665557543464], [-77.11741030631012, 38.590334818112254], [-77.02173110541666, 38.63768441867596], [-77.0303168704171, 38.721526200281836], [-77.13493146058691, 38.7579910212541]]]}}, {"type": "Feature", "properties": {"color": "#68aa63"}, "geometry": {"type": "Polygon", "coordinates": [[[-78.68121886305214, 37.531341268101194], [-78.77306083268965, 37.483448787313385], [-78.76172056915804, 37.40124192261837], [-78.65886684550681, 37.36688960329154], [-78.56712996351075, 37.41461022503727], [-78.57814150027166, 37.49685473980487], [-78.68121886305214, 37.531341268101194]]]}}, {"type": "Feature", "properties": {"color": "#aa7028"}, "geometry": {"type": "Polygon", "coordinates": [[[-76.44182063194287, 37.78870151370381], [-76.53637697077981, 37.742384502650744], [-76.52881400730159, 37.65967500075188], [-76.42703129874712, 37.62325977151001], [-76.3326062427802, 37.66940960467224], [-76.33983247444104, 37.752141547605675], [-76.44182063194287, 37.78870151370381]]]}}, {"type": "Feature", "properties": {"color": "#aa7028"}, "geometry": {"type": "Polygon", "coordinates": [[[-76.63223214470479, 36.66520934743022], [-76.72443537772155, 36.61950889270296], [-76.71673015538764, 36.53819409047572], [-76.6171427145787, 36.50255612346803], [-76.5250627925541, 36.54809211076258], [-76.5324468649376, 36.62943024562404], [-76.63223214470479, 36.66520934743022]]]}}, {"type": "Feature", "properties": {"color": "#68aa63"}, "geometry": {"type": "Polygon", "coordinates": [[[-81.90495827227049, 37.38966181159206], [-81.99301465605235, 37.33950070563821], [-81.9762807629022, 37.257956946138485], [-81.87180642843417, 37.22651511597547], [-81.78381781016373, 37.27649937681321], [-81.80023543600343, 37.35810205168103], [-81.90495827227049, 37.38966181159206]]]}}, {"type": "Feature", "properties": {"color": "#ed0000"}, "geometry": {"type": "Polygon", "coordinates": [[[-75.88202269399675, 36.94746985867393], [-75.97545778123326, 36.902162429639624], [-75.9689741459397, 36.8204568454936], [-75.86938120949975, 36.78404004881459], [-75.77607881546156, 36.82918422592247], [-75.7822365536243, 36.91090816013171], [-75.88202269399675, 36.94746985867393]]]}}, {"type": "Feature", "properties": {"color": "#68aa63"}, "geometry": {"type": "Polygon", "coordinates": [[[-78.65363180161675, 38.79103444132783], [-78.74794663174532, 38.742268463247555], [-78.73634902496528, 38.658562212027526], [-78.630782867566, 38.623583302626], [-78.53657911825239, 38.67217382150226], [-78.5478302115524, 38.7559184124981], [-78.65363180161675, 38.79103444132783]]]}}, {"type": "Feature", "properties": {"color": "#68aa63"}, "geometry": {"type": "Polygon", "coordinates": [[[-80.77455014761519, 37.11959679362143], [-80.8633852799615, 37.07045935219921], [-80.84862891915982, 36.98904346447827], [-80.74535408896372, 36.95671351317893], [-80.65659881775348, 37.00567651518812], [-80.67103823281869, 37.08714363965976], [-80.77455014761519, 37.11959679362143]]]}}, {"type": "Feature", "properties": {"color": "#68aa63"}, "geometry": {"type": "Polygon", "coordinates": [[[-79.30268649715929, 37.73669909231439], [-79.39426974070669, 37.688183129960095], [-79.38182073025573, 37.605803124126936], [-79.27811810321175, 37.57189678398894], [-79.18663376488544, 37.62023900972383], [-79.1987529060342, 37.702661028755124], [-79.30268649715929, 37.73669909231439]]]}}, {"type": "Feature", "properties": {"color": "#aa7028"}, "geometry": {"type": "Polygon", "coordinates": [[[-77.08273381555168, 38.25619347052848], [-77.17759394878858, 38.20904853870525], [-77.16884394882702, 38.12582116622873], [-77.06557594823623, 38.08971134981395], [-76.97084245551875, 38.136686089504096], [-76.97925015607164, 38.21994053847296], [-77.08273381555168, 38.25619347052848]]]}}, {"type": "Feature", "properties": {"color": "#68aa63"}, "geometry": {"type": "Polygon", "coordinates": [[[-79.77249606455824, 38.20328074860999], [-79.86446613761744, 38.15406412978888], [-79.85108702191451, 38.071190995172316], [-79.74607248941321, 38.03748860109212], [-79.65419776796512, 38.08652920421775], [-79.66724196075684, 38.169447932732325], [-79.77249606455824, 38.20328074860999]]]}}, {"type": "Feature", "properties": {"color": "#68aa63"}, "geometry": {"type": "Polygon", "coordinates": [[[-82.62169904431256, 37.068877560546525], [-82.70834189975831, 37.01847617675548], [-82.69053303811248, 36.93746503018496], [-82.58639010854247, 36.90679191299807], [-82.49980594095483, 36.957016642109636], [-82.51730567420641, 37.03809089070689], [-82.62169904431256, 37.068877560546525]]]}}, {"type": "Feature", "properties": {"color": "#68aa63"}, "geometry": {"type": "Polygon", "coordinates": [[[-80.42232311391052, 36.77804335605371], [-80.51091582480926, 36.729427623612885], [-80.49684919743169, 36.64837658679978], [-80.39450326394613, 36.61589243473305], [-80.30599321713157, 36.664335342670114], [-80.31974617430068, 36.745434959102866], [-80.42232311391052, 36.77804335605371]]]}}, {"type": "Feature", "properties": {"color": "#68aa63"}, "geometry": {"type": "Polygon", "coordinates": [[[-78.6676066488323, 38.1583500190196], [-78.76066863116797, 38.11001767309789], [-78.74920109757748, 38.027056224359356], [-78.64500880071574, 37.99238883123342], [-78.55205484048902, 38.040547508231064], [-78.56318492960895, 38.12354695643973], [-78.6676066488323, 38.1583500190196]]]}}, {"type": "Feature", "properties": {"color": "#b5c98e"}, "geometry": {"type": "Polygon", "coordinates": [[[-81.11360689054358, 36.84170579592287], [-81.20155810584997, 36.79254540563127], [-81.1863243352147, 36.711527554980414], [-81.0834511949661, 36.67961669076308], [-80.99557512704544, 36.72860300208603], [-81.0104967630967, 36.809673993153794], [-81.11360689054358, 36.84170579592287]]]}}, {"type": "Feature", "properties": {"color": "#68aa63"}, "geometry": {"type": "Polygon", "coordinates": [[[-81.99712478930998, 36.882944837758814], [-82.08415540091423, 36.83312956393146], [-82.0674453913036, 36.75222104455419], [-81.96401378000392, 36.72106866730156], [-81.87704848123694, 36.770708569255234], [-81.8934491632715, 36.851675963807025], [-81.99712478930998, 36.882944837758814]]]}}, {"type": "Feature", "properties": {"color": "#68aa63"}, "geometry": {"type": "Polygon", "coordinates": [[[-78.68820745088122, 39.042929718759346], [-78.78298461016765, 38.99396186216881], [-78.77126420976516, 38.90996849406517], [-78.66511650671801, 38.8749039300435], [-78.5704511925007, 38.923695536039055], [-78.58182149720609, 39.00772765811685], [-78.68820745088122, 39.042929718759346]]]}}, {"type": "Feature", "properties": {"color": "#68aa63"}, "geometry": {"type": "Polygon", "coordinates": [[[-78.58556107211002, 38.28983799526422], [-78.67896436288201, 38.24147662967148], [-78.6676066488323, 38.1583500190196], [-78.56318492960895, 38.12354695643973], [-78.46989120728173, 38.171734450085566], [-78.48090941153845, 38.25489858581239], [-78.58556107211002, 38.28983799526422]]]}}, {"type": "Feature", "properties": {"color": "#68aa63"}, "geometry": {"type": "Polygon", "coordinates": [[[-79.27166521849057, 36.868804834946964], [-79.36164718302938, 36.82095901883222], [-79.34947449223984, 36.739635124441286], [-79.24763790682024, 36.706115673048316], [-79.15775169283388, 36.753790426653694], [-79.1696060851373, 36.8351554178047], [-79.27166521849057, 36.868804834946964]]]}}, {"type": "Feature", "properties": {"color": "#aa7028"}, "geometry": {"type": "Polygon", "coordinates": [[[-75.56481381933912, 37.953825775166784], [-75.66051287434149, 37.908111567230016], [-75.65443688270155, 37.82516199487056], [-75.5530018658015, 37.78790993687634], [-75.45744462438614, 37.833459000818245], [-75.46318048017645, 37.91642496552727], [-75.56481381933912, 37.953825775166784]]]}}, {"type": "Feature", "properties": {"color": "#dbd83d"}, "geometry": {"type": "Polygon", "coordinates": [[[-77.4811219371099, 37.35902063297724], [-77.57384123249697, 37.31217643951845], [-77.56457824376132, 37.23006242580781], [-77.4629248299472, 37.1947629232804], [-77.37032317525991, 37.24143849197986], [-77.37925712155774, 37.323581898252655], [-77.4811219371099, 37.35902063297724]]]}}, {"type": "Feature", "properties": {"color": "#bad8ea"}, "geometry": {"type": "Polygon", "coordinates": [[[-76.1618106526195, 36.8114186462458], [-76.25472840853647, 36.765983355223376], [-76.24779183047478, 36.684460035743214], [-76.14826111399536, 36.648351508402286], [-76.05547237692195, 36.69362316193043], [-76.06208521745776, 36.77516669072271], [-76.1618106526195, 36.8114186462458]]]}}, {"type": "Feature", "properties": {"color": "#dbd83d"}, "geometry": {"type": "Polygon", "coordinates": [[[-83.51751417886585, 36.724978158106005], [-83.60248643389195, 36.674257827217154], [-83.58333949690058, 36.59386271638107], [-83.47952073605722, 36.564119460789996], [-83.39459621881379, 36.61466341936161], [-83.41344236436007, 36.695126764554445], [-83.51751417886585, 36.724978158106005]]]}}, {"type": "Feature", "properties": {"color": "#68aa63"}, "geometry": {"type": "Polygon", "coordinates": [[[-79.15052376542516, 37.37356136017525], [-79.24157861917561, 37.32542849118453], [-79.2294814408807, 37.243469132337125], [-79.12665453197506, 37.20960166457238], [-79.03569881600397, 37.25756218152591], [-79.04747063953683, 37.33956223697113], [-79.15052376542516, 37.37356136017525]]]}}, {"type": "Feature", "properties": {"color": "#b5c98e"}, "geometry": {"type": "Polygon", "coordinates": [[[-77.56457824376132, 37.23006242580781], [-77.65696825285195, 37.18324431751504], [-77.64758892089404, 37.10129544456796], [-77.54614653367949, 37.06613449977611], [-77.45387262556045, 37.11278415843227], [-77.4629248299472, 37.1947629232804], [-77.56457824376132, 37.23006242580781]]]}}, {"type": "Feature", "properties": {"color": "#dbd83d"}, "geometry": {"type": "Polygon", "coordinates": [[[-79.61399352002132, 38.468069739701], [-79.70664636726097, 38.418781429018516], [-79.69346602616584, 38.33557424040865], [-79.58797171059528, 38.301610336484096], [-79.49541715238557, 38.35072215192778], [-79.50825835547268, 38.43397407881566], [-79.61399352002132, 38.468069739701]]]}}, {"type": "Feature", "properties": {"color": "#dbd83d"}, "geometry": {"type": "Polygon", "coordinates": [[[-78.1153761534585, 39.33582610699619], [-78.21134472568966, 39.287121482093504], [-78.20056299217278, 39.2027296253655], [-78.09416836136506, 39.16700719047702], [-77.99831994333309, 39.21553604875587], [-78.0087457814034, 39.29996280421365], [-78.1153761534585, 39.33582610699619]]]}}, {"type": "Feature", "properties": {"color": "#68aa63"}, "geometry": {"type": "Polygon", "coordinates": [[[-80.34739070344813, 36.90792957062477], [-80.43630304760815, 36.85926641669216], [-80.42232311391052, 36.77804335605371], [-80.31974617430068, 36.745434959102866], [-80.23091777772534, 36.79392500786601], [-80.24458210807927, 36.87519628909495], [-80.34739070344813, 36.90792957062477]]]}}, {"type": "Feature", "properties": {"color": "#1c6330"}, "geometry": {"type": "Polygon", "coordinates": [[[-77.5645701620465, 38.103100535145956], [-77.65865142891911, 38.055674358480964], [-77.64909779126918, 37.97266803702805], [-77.54580190833353, 37.937057244253225], [-77.45184103072138, 37.9843124496624], [-77.4610554633445, 38.06734912321186], [-77.5645701620465, 38.103100535145956]]]}}, {"type": "Feature", "properties": {"color": "#68aa63"}, "geometry": {"type": "Polygon", "coordinates": [[[-80.3135978619027, 37.28302472226412], [-80.40324073877318, 37.23409571690189], [-80.38920752005531, 37.15240748280253], [-80.28585180930828, 37.119599611023816], [-80.19629457897427, 37.16835441328746], [-80.21000714265021, 37.250091017480464], [-80.3135978619027, 37.28302472226412]]]}}, {"type": "Feature", "properties": {"color": "#dbd83d"}, "geometry": {"type": "Polygon", "coordinates": [[[-81.47095453018426, 37.181392501935875], [-81.55912521080192, 37.13170675329411], [-81.54318669962865, 37.05033501442926], [-81.43939243346215, 37.0185929129752], [-81.35129389388653, 37.06810302512503], [-81.36691717273696, 37.149530611950546], [-81.47095453018426, 37.181392501935875]]]}}, {"type": "Feature", "properties": {"color": "#dbd83d"}, "geometry": {"type": "Polygon", "coordinates": [[[-78.10521936070155, 38.44751508501259], [-78.19942902838879, 38.39942248494932], [-78.1888664326477, 38.31605855606683], [-78.0844368869489, 38.280752632513504], [-77.99034310254345, 38.32867198998348], [-78.00056277239318, 38.41207021721581], [-78.10521936070155, 38.44751508501259]]]}}, {"type": "Feature", "properties": {"color": "#1c6330"}, "geometry": {"type": "Polygon", "coordinates": [[[-77.04114526173694, 36.889320988860554], [-77.13339022831346, 36.843147614698275], [-77.12495925124388, 36.761579584760675], [-77.02460664703172, 36.726158459703434], [-76.93248177920074, 36.7721656661232], [-76.9405892650978, 36.85375987795728], [-77.04114526173694, 36.889320988860554]]]}}, {"type": "Feature", "properties": {"color": "#68aa63"}, "geometry": {"type": "Polygon", "coordinates": [[[-79.14310644238512, 37.99909877016124], [-79.23536072026606, 37.95051300242326], [-79.22311616964733, 37.86779820625306], [-79.11895104161059, 37.8336277534796], [-79.02679859876949, 37.88203932604626], [-79.03870920837207, 37.96479525987581], [-79.14310644238512, 37.99909877016124]]]}}, {"type": "Feature", "properties": {"color": "#68aa63"}, "geometry": {"type": "Polygon", "coordinates": [[[-79.61663947589507, 37.21435067574406], [-79.70690374961032, 37.16598825971259], [-79.69406179924044, 37.084283747758214], [-79.59127722994423, 37.05089769373527], [-79.501106218436, 37.09908734331137], [-79.51362626862475, 37.18083553627414], [-79.61663947589507, 37.21435067574406]]]}}, {"type": "Feature", "properties": {"color": "#68aa63"}, "geometry": {"type": "Polygon", "coordinates": [[[-79.2165823623271, 38.497838730996754], [-79.30972260637697, 38.44883693048409], [-79.29722135700813, 38.36554161707095], [-79.19192035913815, 38.33120578394827], [-79.09888322481504, 38.380031783534676], [-79.11104372771224, 38.463369126628386], [-79.2165823623271, 38.497838730996754]]]}}, {"type": "Feature", "properties": {"color": "#476ba0"}, "geometry": {"type": "Polygon", "coordinates": [[[-78.46969054250013, 36.678879309438884], [-78.5601387778429, 36.63177184886344], [-78.5493527167147, 36.550591720615905], [-78.44843605466579, 36.51648314265457], [-78.35809155679549, 36.56342174616272], [-78.36855978461118, 36.64463750545999], [-78.46969054250013, 36.678879309438884]]]}}, {"type": "Feature", "properties": {"color": "#b5c98e"}, "geometry": {"type": "Polygon", "coordinates": [[[-79.85108702191451, 38.071190995172316], [-79.942718726109, 38.02201201134866], [-79.92924225403186, 37.93930668554528], [-79.82446664924666, 37.905734049682145], [-79.7329288561075, 37.95473726413651], [-79.74607248941321, 38.03748860109212], [-79.85108702191451, 38.071190995172316]]]}}, {"type": "Feature", "properties": {"color": "#dbd83d"}, "geometry": {"type": "Polygon", "coordinates": [[[-80.70006347948812, 37.25037023027859], [-80.78922209256248, 37.201184511055125], [-80.77455014761519, 37.11959679362143], [-80.67103823281869, 37.08714363965976], [-80.58196076270671, 37.13615463163648], [-80.5963137818184, 37.21779323495827], [-80.70006347948812, 37.25037023027859]]]}}, {"type": "Feature", "properties": {"color": "#68aa63"}, "geometry": {"type": "Polygon", "coordinates": [[[-76.99615358437649, 38.386744323366536], [-77.09135760851704, 38.33958194858106], [-77.08273381555168, 38.25619347052848], [-76.97925015607164, 38.21994053847296], [-76.88417444962639, 38.26693258056594], [-76.89245392014499, 38.350347586626945], [-76.99615358437649, 38.386744323366536]]]}}, {"type": "Feature", "properties": {"color": "#68aa63"}, "geometry": {"type": "Polygon", "coordinates": [[[-83.13868219989487, 36.76621067795893], [-83.22417721040519, 36.71570954507811], [-83.20563298249569, 36.63517911080686], [-83.10189642140531, 36.60508362759453], [-83.0164535210332, 36.65540857129092], [-83.03469472157667, 36.736004942111514], [-83.13868219989487, 36.76621067795893]]]}}, {"type": "Feature", "properties": {"color": "#e2e2c1"}, "geometry": {"type": "Polygon", "coordinates": [[[-77.00644935839966, 37.51013852702546], [-77.09992207378818, 37.46356103312861], [-77.09143930841853, 37.38122596914397], [-76.98981564621442, 37.34544188424615], [-76.89646653903998, 37.391851499885], [-76.90461732942532, 37.47421278574569], [-77.00644935839966, 37.51013852702546]]]}}, {"type": "Feature", "properties": {"color": "#1c6330"}, "geometry": {"type": "Polygon", "coordinates": [[[-78.37241917852249, 37.42766290332299], [-78.46437972241239, 37.38008173517522], [-78.45358813992806, 37.2979673826584], [-78.35116387653171, 37.26339842508917], [-78.25931142307758, 37.31080870705965], [-78.26977493770109, 37.39295854666757], [-78.37241917852249, 37.42766290332299]]]}}, {"type": "Feature", "properties": {"color": "#1c6330"}, "geometry": {"type": "Polygon", "coordinates": [[[-76.95688674122353, 37.01725130238255], [-77.04945659857286, 36.97105372220014], [-77.04114526173694, 36.889320988860554], [-76.9405892650978, 36.85375987795728], [-76.84814104934748, 36.899791130025534], [-76.85612703868303, 36.98154953230515], [-76.95688674122353, 37.01725130238255]]]}}, {"type": "Feature", "properties": {"color": "#b5c98e"}, "geometry": {"type": "Polygon", "coordinates": [[[-78.45358813992806, 37.2979673826584], [-78.5452191651092, 37.25041803089005], [-78.53431952411643, 37.1684706851824], [-78.43211476841158, 37.13403645795783], [-78.34059035211396, 37.181415130670906], [-78.35116387653171, 37.26339842508917], [-78.45358813992806, 37.2979673826584]]]}}, {"type": "Feature", "properties": {"color": "#68aa63"}, "geometry": {"type": "Polygon", "coordinates": [[[-83.0713591828792, 36.897483062105444], [-83.15716674549766, 36.84691676245092], [-83.13868219989487, 36.76621067795893], [-83.03469472157667, 36.736004942111514], [-82.94894031980942, 36.78639469440113], [-82.96711988462557, 36.86716648302145], [-83.0713591828792, 36.897483062105444]]]}}, {"type": "Feature", "properties": {"color": "#dbd83d"}, "geometry": {"type": "Polygon", "coordinates": [[[-79.77177079442971, 37.57598270836119], [-79.86254864034797, 37.52723247211404], [-79.84934603707872, 37.4451093940927], [-79.74569162913107, 37.41169123724539], [-79.65500668508264, 37.46026732877574], [-79.66788299071698, 37.54243544277326], [-79.77177079442971, 37.57598270836119]]]}}, {"type": "Feature", "properties": {"color": "#b5c98e"}, "geometry": {"type": "Polygon", "coordinates": [[[-78.38960204211892, 36.80737026208426], [-78.48037142810482, 36.76022795432785], [-78.46969054250013, 36.678879309438884], [-78.36855978461118, 36.64463750545999], [-78.27789556053729, 36.691610739869475], [-78.28825673470466, 36.77299457087052], [-78.38960204211892, 36.80737026208426]]]}}, {"type": "Feature", "properties": {"color": "#68aa63"}, "geometry": {"type": "Polygon", "coordinates": [[[-77.6799698196923, 39.10755907773008], [-77.77592960299685, 39.05936156953754], [-77.76596673329205, 38.975188527644775], [-77.66039737692479, 38.9391810046705], [-77.56456177862856, 38.987204433558965], [-77.57417115171249, 39.07140916032261], [-77.6799698196923, 39.10755907773008]]]}}, {"type": "Feature", "properties": {"color": "#68aa63"}, "geometry": {"type": "Polygon", "coordinates": [[[-79.13549218095743, 38.63033228902269], [-79.22897789980694, 38.58129938018178], [-79.2165823623271, 38.497838730996754], [-79.11104372771224, 38.463369126628386], [-79.01766265262587, 38.51222601602223], [-79.02971531844256, 38.595728237028915], [-79.13549218095743, 38.63033228902269]]]}}, {"type": "Feature", "properties": {"color": "#68aa63"}, "geometry": {"type": "Polygon", "coordinates": [[[-77.64909779126918, 37.97266803702805], [-77.7428394877755, 37.925264757553634], [-77.73316670370126, 37.84242178371568], [-77.63008923443334, 37.80695092733429], [-77.53646632068322, 37.85418340275618], [-77.54580190833353, 37.937057244253225], [-77.64909779126918, 37.97266803702805]]]}}, {"type": "Feature", "properties": {"color": "#68aa63"}, "geometry": {"type": "Polygon", "coordinates": [[[-82.37845678890145, 36.84520340278811], [-82.46498115348868, 36.79515484753688], [-82.44765552542503, 36.71436765314951], [-82.34411250123358, 36.68356750504313], [-82.2576490365698, 36.73344037106405], [-82.27466736744908, 36.81428882152427], [-82.37845678890145, 36.84520340278811]]]}}, {"type": "Feature", "properties": {"color": "#b5c98e"}, "geometry": {"type": "Polygon", "coordinates": [[[-79.19343494055127, 36.99818363233493], [-79.28373964212582, 36.950298461768064], [-79.27166521849057, 36.868804834946964], [-79.1696060851373, 36.8351554178047], [-79.07939851553981, 36.88286928416353], [-79.09115271956719, 36.96440359397074], [-79.19343494055127, 36.99818363233493]]]}}, {"type": "Feature", "properties": {"color": "#68aa63"}, "geometry": {"type": "Polygon", "coordinates": [[[-80.23757198049049, 37.41385711170296], [-80.32754146989555, 37.36488363514739], [-80.3135978619027, 37.28302472226412], [-80.21000714265021, 37.250091017480464], [-80.1201246332893, 37.29889001964994], [-80.13374559332112, 37.38079692642861], [-80.23757198049049, 37.41385711170296]]]}}, {"type": "Feature", "properties": {"color": "#bad8ea"}, "geometry": {"type": "Polygon", "coordinates": [[[-77.47958042229504, 38.23371742737402], [-77.57400316417736, 38.186269623904565], [-77.5645701620465, 38.103100535145956], [-77.4610554633445, 38.06734912321186], [-77.36675473668942, 38.11462579346859], [-77.37584651179863, 38.19782471144689], [-77.47958042229504, 38.23371742737402]]]}}, {"type": "Feature", "properties": {"color": "#b5c98e"}, "geometry": {"type": "Polygon", "coordinates": [[[-78.88700283060791, 36.89662805507924], [-78.9774342577501, 36.84904715231149], [-78.96589886563339, 36.76764232831538], [-78.86425151204239, 36.73377956376175], [-78.77392018478585, 36.78119008137214], [-78.78513589533817, 36.86263346987141], [-78.88700283060791, 36.89662805507924]]]}}, {"type": "Feature", "properties": {"color": "#68aa63"}, "geometry": {"type": "Polygon", "coordinates": [[[-78.1888664326477, 38.31605855606683], [-78.28273204203053, 38.267990825311784], [-78.27205403186136, 38.184790525529294], [-78.16785105772618, 38.149622862885245], [-78.07409973181845, 38.19751753390804], [-78.0844368869489, 38.280752632513504], [-78.1888664326477, 38.31605855606683]]]}}, {"type": "Feature", "properties": {"color": "#1c6330"}, "geometry": {"type": "Polygon", "coordinates": [[[-77.50965574939221, 36.73948344262002], [-77.60116578665595, 36.6930566550708], [-77.59197475453232, 36.61171107831752], [-77.49159417971514, 36.57676274506007], [-77.4001984990765, 36.62302266011564], [-77.40906887000037, 36.70439749668063], [-77.50965574939221, 36.73948344262002]]]}}, {"type": "Feature", "properties": {"color": "#68aa63"}, "geometry": {"type": "Polygon", "coordinates": [[[-79.07113481394003, 37.503858065547924], [-79.16251940435035, 37.45568900072074], [-79.15052376542516, 37.37356136017525], [-79.04747063953683, 37.33956223697113], [-78.95618662194445, 37.387558718815995], [-78.96785492671657, 37.4697266239625], [-79.07113481394003, 37.503858065547924]]]}}, {"type": "Feature", "properties": {"color": "#68aa63"}, "geometry": {"type": "Polygon", "coordinates": [[[-82.0674453913036, 36.75222104455419], [-82.15416049495974, 36.70246408885211], [-82.13738013583861, 36.62173005281129], [-82.03419173479122, 36.59069356019764], [-81.94754079988458, 36.64027547390684], [-81.96401378000392, 36.72106866730156], [-82.0674453913036, 36.75222104455419]]]}}, {"type": "Feature", "properties": {"color": "#68aa63"}, "geometry": {"type": "Polygon", "coordinates": [[[-77.36305305000943, 38.99887607929991], [-77.45911636316063, 38.95100941432929], [-77.44973378415341, 38.86693392230976], [-77.3446402551814, 38.83069540426554], [-77.24870429223924, 38.87838908739511], [-77.25773432208473, 38.962493965570914], [-77.36305305000943, 38.99887607929991]]]}}, {"type": "Feature", "properties": {"color": "#68aa63"}, "geometry": {"type": "Polygon", "coordinates": [[[-80.32140131640614, 37.90748572012916], [-80.41220639163775, 37.85807496363259], [-80.39797491699596, 37.775634714035014], [-80.29326714061573, 37.74255591103115], [-80.20254987350432, 37.7917905593753], [-80.21645229346579, 37.874279840829644], [-80.32140131640614, 37.90748572012916]]]}}, {"type": "Feature", "properties": {"color": "#ed0000"}, "geometry": {"type": "Polygon", "coordinates": [[[-76.07537815647798, 36.93855848876089], [-76.1686198384556, 36.89310456921659], [-76.1618106526195, 36.8114186462458], [-76.06208521745776, 36.77516669072271], [-75.9689741459397, 36.8204568454936], [-75.97545778123326, 36.902162429639624], [-76.07537815647798, 36.93855848876089]]]}}, {"type": "Feature", "properties": {"color": "#1c6330"}, "geometry": {"type": "Polygon", "coordinates": [[[-78.60468278869467, 39.17607798015978], [-78.69981411751283, 39.12708560115555], [-78.68820745088122, 39.042929718759346], [-78.58182149720609, 39.00772765811685], [-78.48680364641228, 39.05654359489702], [-78.49805803350834, 39.140737734333165], [-78.60468278869467, 39.17607798015978]]]}}, {"type": "Feature", "properties": {"color": "#aa7028"}, "geometry": {"type": "Polygon", "coordinates": [[[-76.11580331698663, 37.431161081185714], [-76.20996419096787, 37.38534370198934], [-76.20301462719593, 37.30305180117075], [-76.10223627530215, 37.26655690449025], [-76.00820826918579, 37.312209009057185], [-76.01482562405916, 37.39452098978004], [-76.11580331698663, 37.431161081185714]]]}}, {"type": "Feature", "properties": {"color": "#68aa63"}, "geometry": {"type": "Polygon", "coordinates": [[[-81.92641534124897, 37.01390007932483], [-82.01376336508254, 36.96402747304566], [-81.99712478930998, 36.882944837758814], [-81.8934491632715, 36.851675963807025], [-81.8061676118223, 36.901372871590816], [-81.8224948960037, 36.982514093677345], [-81.92641534124897, 37.01390007932483]]]}}, {"type": "Feature", "properties": {"color": "#b5c98e"}, "geometry": {"type": "Polygon", "coordinates": [[[-78.6002778069636, 37.66163975466676], [-78.69245226493759, 37.613715035740846], [-78.68121886305214, 37.531341268101194], [-78.57814150027166, 37.49685473980487], [-78.48607361579633, 37.5446073875494], [-78.49697630449332, 37.627018347862055], [-78.6002778069636, 37.66163975466676]]]}}, {"type": "Feature", "properties": {"color": "#68aa63"}, "geometry": {"type": "Polygon", "coordinates": [[[-79.22311616964733, 37.86779820625306], [-79.31503395713898, 37.81924674905947], [-79.30268649715929, 37.73669909231439], [-79.1987529060342, 37.702661028755124], [-79.10693547945127, 37.75103851779518], [-79.11895104161059, 37.8336277534796], [-79.22311616964733, 37.86779820625306]]]}}, {"type": "Feature", "properties": {"color": "#68aa63"}, "geometry": {"type": "Polygon", "coordinates": [[[-80.68754644386986, 36.63212028360529], [-80.77558467314681, 36.58342973383113], [-80.7611216311846, 36.502601276483134], [-80.65893099927169, 36.470412951793556], [-80.57097199994487, 36.518930713421696], [-80.58512413100667, 36.59980932289248], [-80.68754644386986, 36.63212028360529]]]}}, {"type": "Feature", "properties": {"color": "#1c6330"}, "geometry": {"type": "Polygon", "coordinates": [[[-77.03161477274415, 37.75793151558993], [-77.12554547991824, 37.71116452800418], [-77.11697500955889, 37.628530479326066], [-77.01480903656926, 37.59263661987305], [-76.92100293726014, 37.63923495640513], [-76.92923804327883, 37.72189550841799], [-77.03161477274415, 37.75793151558993]]]}}, {"type": "Feature", "properties": {"color": "#1c6330"}, "geometry": {"type": "Polygon", "coordinates": [[[-78.61461654202131, 37.03917447822305], [-78.70559406607649, 36.99169225682835], [-78.69448237694236, 36.910080404323864], [-78.59271520929957, 36.875913640640256], [-78.50184138452602, 36.92322561130814], [-78.51263081970697, 37.00487431486755], [-78.61461654202131, 37.03917447822305]]]}}, {"type": "Feature", "properties": {"color": "#476ba0"}, "geometry": {"type": "Polygon", "coordinates": [[[-76.74872743731277, 37.89797209528913], [-76.84320577268998, 37.85133585976623], [-76.83509674076986, 37.768513430039235], [-76.73284701883038, 37.732302332356866], [-76.63849716667153, 37.77877025802054], [-76.64626840266345, 37.86161729391777], [-76.74872743731277, 37.89797209528913]]]}}, {"type": "Feature", "properties": {"color": "#70a3ba"}, "geometry": {"type": "Polygon", "coordinates": [[[-76.39775557059363, 37.29357622996982], [-76.49138606619603, 37.24762722835334], [-76.48397693302469, 37.16551875911448], [-76.38326711802503, 37.12933702870688], [-76.28976570904193, 37.175120372331435], [-76.29684489617252, 37.257250811247296], [-76.39775557059363, 37.29357622996982]]]}}, {"type": "Feature", "properties": {"color": "#ed0000"}, "geometry": {"type": "Polygon", "coordinates": [[[-77.37032317525991, 37.24143849197986], [-77.4629248299472, 37.1947629232804], [-77.45387262556045, 37.11278415843227], [-77.35254625203083, 37.07745209413837], [-77.26006287635589, 37.123959650563144], [-77.2687874282879, 37.20596699440374], [-77.37032317525991, 37.24143849197986]]]}}, {"type": "Feature", "properties": {"color": "#bad8ea"}, "geometry": {"type": "Polygon", "coordinates": [[[-77.70692008315211, 38.47217634606326], [-77.80158476403332, 38.42438442596601], [-77.7917086525233, 38.34095327902926], [-77.68751183376428, 38.305282216444475], [-77.5929677678875, 38.352901770351366], [-77.60249971256056, 38.436364454499326], [-77.70692008315211, 38.47217634606326]]]}}, {"type": "Feature", "properties": {"color": "#68aa63"}, "geometry": {"type": "Polygon", "coordinates": [[[-80.93791830175144, 37.47899513510992], [-81.02723627054701, 37.42945835965317], [-81.0120936246943, 37.34763240121288], [-80.90795384115869, 37.315290253280466], [-80.81871505577014, 37.364651234673296], [-80.83353657583615, 37.446529888162864], [-80.93791830175144, 37.47899513510992]]]}}, {"type": "Feature", "properties": {"color": "#aa7028"}, "geometry": {"type": "Polygon", "coordinates": [[[-75.65443688270155, 37.82516199487056], [-75.74979820216728, 37.779457597554426], [-75.74358452782988, 37.69666649685951], [-75.64234765339184, 37.65956250345376], [-75.54712641948412, 37.70510184601145], [-75.5530018658015, 37.78790993687634], [-75.65443688270155, 37.82516199487056]]]}}, {"type": "Feature", "properties": {"color": "#68aa63"}, "geometry": {"type": "Polygon", "coordinates": [[[-79.34947449223984, 36.739635124441286], [-79.43913555044078, 36.69182976569207], [-79.42686586649944, 36.61067604687601], [-79.32525128591006, 36.57728590819552], [-79.23568461379288, 36.62492045043551], [-79.24763790682024, 36.706115673048316], [-79.34947449223984, 36.739635124441286]]]}}, {"type": "Feature", "properties": {"color": "#68aa63"}, "geometry": {"type": "Polygon", "coordinates": [[[-77.84625309708007, 37.960696678363234], [-77.9397736101693, 37.91314631150872], [-77.92976421246495, 37.830335558284325], [-77.8265707229842, 37.79504265795539], [-77.73316670370126, 37.84242178371568], [-77.7428394877755, 37.925264757553634], [-77.84625309708007, 37.960696678363234]]]}}, {"type": "Feature", "properties": {"color": "#68aa63"}, "geometry": {"type": "Polygon", "coordinates": [[[-81.1863243352147, 36.711527554980414], [-81.27395839443014, 36.662419900568956], [-81.25864567066449, 36.58157541786984], [-81.15600879757615, 36.549784865106076], [-81.06844866997488, 36.59871874543619], [-81.0834511949661, 36.67961669076308], [-81.1863243352147, 36.711527554980414]]]}}, {"type": "Feature", "properties": {"color": "#1c6330"}, "geometry": {"type": "Polygon", "coordinates": [[[-76.72494775615219, 37.649616628324175], [-76.81896221948989, 37.6031668781455], [-76.81093644436065, 37.52064309472379], [-76.70923042396937, 37.48454442109163], [-76.61534338550342, 37.53082662683428], [-76.62303479517927, 37.613374755462175], [-76.72494775615219, 37.649616628324175]]]}}, {"type": "Feature", "properties": {"color": "#b5c98e"}, "geometry": {"type": "Polygon", "coordinates": [[[-80.49684919743169, 36.64837658679978], [-80.58512413100667, 36.59980932289248], [-80.57097199994487, 36.518930713421696], [-80.46885642098273, 36.48657016921211], [-80.38066288426307, 36.534964893118165], [-80.39450326394613, 36.61589243473305], [-80.49684919743169, 36.64837658679978]]]}}, {"type": "Feature", "properties": {"color": "#68aa63"}, "geometry": {"type": "Polygon", "coordinates": [[[-80.39797491699596, 37.775634714035014], [-80.48844677925692, 37.726266739121776], [-80.47412470650643, 37.64399607751308], [-80.36965748803999, 37.611043698293734], [-80.27927206595902, 37.660235833292695], [-80.29326714061573, 37.74255591103115], [-80.39797491699596, 37.775634714035014]]]}}, {"type": "Feature", "properties": {"color": "#68aa63"}, "geometry": {"type": "Polygon", "coordinates": [[[-83.39459621881379, 36.61466341936161], [-83.47952073605722, 36.564119460789996], [-83.4606178330698, 36.483832314440384], [-83.3570900414175, 36.45402157859275], [-83.27221442801725, 36.504389616725376], [-83.29081734817994, 36.58474406944681], [-83.39459621881379, 36.61466341936161]]]}}, {"type": "Feature", "properties": {"color": "#68aa63"}, "geometry": {"type": "Polygon", "coordinates": [[[-79.57502832218685, 38.21852474085888], [-79.66724196075684, 38.169447932732325], [-79.65419776796512, 38.08652920421775], [-79.54927542070003, 38.05264273654535], [-79.4571595086542, 38.10154385567978], [-79.46986795763448, 38.18450684564542], [-79.57502832218685, 38.21852474085888]]]}}, {"type": "Feature", "properties": {"color": "#b5c98e"}, "geometry": {"type": "Polygon", "coordinates": [[[-80.23091777772534, 36.79392500786601], [-80.31974617430068, 36.745434959102866], [-80.30599321713157, 36.664335342670114], [-80.20372609452423, 36.63167816032704], [-80.11498254536859, 36.67999565010105], [-80.12842101199065, 36.76114261166224], [-80.23091777772534, 36.79392500786601]]]}}, {"type": "Feature", "properties": {"color": "#68aa63"}, "geometry": {"type": "Polygon", "coordinates": [[[-81.37689946772876, 36.69415606448983], [-81.46428998853592, 36.64492817110749], [-81.44866798046165, 36.56413835741788], [-81.34596444128829, 36.532521507893506], [-81.25864567066449, 36.58157541786984], [-81.27395839443014, 36.662419900568956], [-81.37689946772876, 36.69415606448983]]]}}, {"type": "Feature", "properties": {"color": "#1c6330"}, "geometry": {"type": "Polygon", "coordinates": [[[-76.52881400730159, 37.65967500075188], [-76.62303479517927, 37.613374755462175], [-76.61534338550342, 37.53082662683428], [-76.51376585267, 37.49455545045695], [-76.41967469397872, 37.5406886457753], [-76.42703129874712, 37.62325977151001], [-76.52881400730159, 37.65967500075188]]]}}, {"type": "Feature", "properties": {"color": "#68aa63"}, "geometry": {"type": "Polygon", "coordinates": [[[-79.54106310700672, 36.725177192080544], [-79.63049730172193, 36.677242248552375], [-79.61791195127867, 36.596131283848855], [-79.51620783707602, 36.56291223503986], [-79.42686586649944, 36.61067604687601], [-79.43913555044078, 36.69182976569207], [-79.54106310700672, 36.725177192080544]]]}}, {"type": "Feature", "properties": {"color": "#68aa63"}, "geometry": {"type": "Polygon", "coordinates": [[[-81.2052973231363, 37.33030677067607], [-81.2940407828215, 37.280693053555694], [-81.27849713667302, 37.19909304778426], [-81.1745279110862, 37.16705220529026], [-81.08586008682757, 37.21649019345985], [-81.10108555190776, 37.29814448647378], [-81.2052973231363, 37.33030677067607]]]}}, {"type": "Feature", "properties": {"color": "#bad8ea"}, "geometry": {"type": "Polygon", "coordinates": [[[-75.85137523772605, 37.816537373267664], [-75.94653848990097, 37.77067850265631], [-75.93998692628283, 37.68790575805219], [-75.83860988372571, 37.65097322866864], [-75.74358452782988, 37.69666649685951], [-75.74979820216728, 37.779457597554426], [-75.85137523772605, 37.816537373267664]]]}}, {"type": "Feature", "properties": {"color": "#b5c98e"}, "geometry": {"type": "Polygon", "coordinates": [[[-76.4641969166206, 38.03761030783547], [-76.55922301879127, 37.991109882880885], [-76.5515813409569, 37.9081021157288], [-76.44925362289503, 37.87157179281255], [-76.3543599215865, 37.91790428224445], [-76.36166139640966, 38.000934730596626], [-76.4641969166206, 38.03761030783547]]]}}, {"type": "Feature", "properties": {"color": "#1c6330"}, "geometry": {"type": "Polygon", "coordinates": [[[-77.1759760643728, 37.252499084723794], [-77.2687874282879, 37.20596699440374], [-77.26006287635589, 37.123959650563144], [-77.15885495588591, 37.08845684411982], [-77.06616404393024, 37.134821370740255], [-77.07456044043761, 37.216855977475966], [-77.1759760643728, 37.252499084723794]]]}}, {"type": "Feature", "properties": {"color": "#ed0000"}, "geometry": {"type": "Polygon", "coordinates": [[[-77.28632592422251, 37.37028216840388], [-77.37925712155774, 37.323581898252655], [-77.37032317525991, 37.24143849197986], [-77.2687874282879, 37.20596699440374], [-77.1759760643728, 37.252499084723794], [-77.18458044879358, 37.3346705618336], [-77.28632592422251, 37.37028216840388]]]}}, {"type": "Feature", "properties": {"color": "#ccba7c"}, "geometry": {"type": "Polygon", "coordinates": [[[-79.80881876788095, 36.581286957889546], [-79.89770629294244, 36.533267668949286], [-79.88471408100649, 36.45237208547671], [-79.78314712542964, 36.41945113826852], [-79.69434834494744, 36.467299254768726], [-79.70702753320315, 36.54823922027521], [-79.80881876788095, 36.581286957889546]]]}}, {"type": "Feature", "properties": {"color": "#aa7028"}, "geometry": {"type": "Polygon", "coordinates": [[[-75.83226009938491, 37.56834122512407], [-75.92695125459377, 37.52266039106597], [-75.92046691574491, 37.44018809815689], [-75.8196257536969, 37.403378178502024], [-75.72507128599109, 37.44889415409178], [-75.73122117927622, 37.531384610678955], [-75.83226009938491, 37.56834122512407]]]}}, {"type": "Feature", "properties": {"color": "#ed0000"}, "geometry": {"type": "Polygon", "coordinates": [[[-77.56456177862856, 38.987204433558965], [-77.66039737692479, 38.9391810046705], [-77.65066283403252, 38.85513631882774], [-77.54544446285013, 38.81908395185833], [-77.44973378415341, 38.86693392230976], [-77.45911636316063, 38.95100941432929], [-77.56456177862856, 38.987204433558965]]]}}, {"type": "Feature", "properties": {"color": "#68aa63"}, "geometry": {"type": "Polygon", "coordinates": [[[-78.8762407282854, 37.51775791370041], [-78.96785492671657, 37.4697266239625], [-78.95618662194445, 37.387558718815995], [-78.85323193597787, 37.353382859722956], [-78.76172056915804, 37.40124192261837], [-78.77306083268965, 37.483448787313385], [-78.8762407282854, 37.51775791370041]]]}}, {"type": "Feature", "properties": {"color": "#68aa63"}, "geometry": {"type": "Polygon", "coordinates": [[[-78.351265147596, 39.57662548295171], [-78.44747156180048, 39.527567493564675], [-78.43621529337759, 39.44292783887183], [-78.32911130317967, 39.40730914712933], [-78.23302339221848, 39.45619014971949], [-78.24392073468985, 39.54086652557466], [-78.351265147596, 39.57662548295171]]]}}, {"type": "Feature", "properties": {"color": "#68aa63"}, "geometry": {"type": "Polygon", "coordinates": [[[-82.09779804939166, 37.37087912181744], [-82.1855974679294, 37.32059663901697], [-82.16854833656156, 37.239113019683565], [-82.0640146941945, 37.20785148356689], [-81.9762807629022, 37.257956946138485], [-81.99301465605235, 37.33950070563821], [-82.09779804939166, 37.37087912181744]]]}}, {"type": "Feature", "properties": {"color": "#dbd83d"}, "geometry": {"type": "Polygon", "coordinates": [[[-82.2576490365698, 36.73344037106405], [-82.34411250123358, 36.68356750504313], [-82.32702576821704, 36.602893810811814], [-82.2237816216758, 36.57203238767055], [-82.13738013583861, 36.62173005281129], [-82.15416049495974, 36.70246408885211], [-82.2576490365698, 36.73344037106405]]]}}, {"type": "Feature", "properties": {"color": "#68aa63"}, "geometry": {"type": "Polygon", "coordinates": [[[-77.2812040396269, 38.24512156756257], [-77.37584651179863, 38.19782471144689], [-77.36675473668942, 38.11462579346859], [-77.26336209028082, 38.07869497873823], [-77.16884394882702, 38.12582116622873], [-77.17759394878858, 38.20904853870525], [-77.2812040396269, 38.24512156756257]]]}}, {"type": "Feature", "properties": {"color": "#dbd83d"}, "geometry": {"type": "Polygon", "coordinates": [[[-78.38727397344829, 38.30311365620673], [-78.48090941153845, 38.25489858581239], [-78.46989120728173, 38.171734450085566], [-78.36557754208964, 38.13674892705609], [-78.27205403186136, 38.184790525529294], [-78.28273204203053, 38.267990825311784], [-78.38727397344829, 38.30311365620673]]]}}, {"type": "Feature", "properties": {"color": "#68aa63"}, "geometry": {"type": "Polygon", "coordinates": [[[-79.49829873701849, 37.72204079803571], [-79.58964597610044, 37.67338742948169], [-79.57686786193871, 37.5910507464475], [-79.47307136332972, 37.55732382706203], [-79.38182073025573, 37.605803124126936], [-79.39426974070669, 37.688183129960095], [-79.49829873701849, 37.72204079803571]]]}}, {"type": "Feature", "properties": {"color": "#b5c98e"}, "geometry": {"type": "Polygon", "coordinates": [[[-79.07939851553981, 36.88286928416353], [-79.1696060851373, 36.8351554178047], [-79.15775169283388, 36.753790426653694], [-79.05600850885916, 36.7200991914081], [-78.96589886563339, 36.76764232831538], [-78.9774342577501, 36.84904715231149], [-79.07939851553981, 36.88286928416353]]]}}, {"type": "Feature", "properties": {"color": "#68aa63"}, "geometry": {"type": "Polygon", "coordinates": [[[-80.50691221067434, 37.26685114879007], [-80.5963137818184, 37.21779323495827], [-80.58196076270671, 37.13615463163648], [-80.47852569640973, 37.103524039945235], [-80.38920752005531, 37.15240748280253], [-80.40324073877318, 37.23409571690189], [-80.50691221067434, 37.26685114879007]]]}}, {"type": "Feature", "properties": {"color": "#b5c98e"}, "geometry": {"type": "Polygon", "coordinates": [[[-78.40457553827046, 37.674801832850605], [-78.49697630449332, 37.627018347862055], [-78.48607361579633, 37.5446073875494], [-78.3831013246911, 37.50994375441179], [-78.29080940108976, 37.55755555493694], [-78.30138071675137, 37.64000238499226], [-78.40457553827046, 37.674801832850605]]]}}, {"type": "Feature", "properties": {"color": "#68aa63"}, "geometry": {"type": "Polygon", "coordinates": [[[-81.73489518900955, 37.032267011611566], [-81.8224948960037, 36.982514093677345], [-81.8061676118223, 36.901372871590816], [-81.70255258910272, 36.86992693027586], [-81.61502158231411, 36.91950433093837], [-81.63103658572963, 37.0007029302755], [-81.73489518900955, 37.032267011611566]]]}}, {"type": "Feature", "properties": {"color": "#ccba7c"}, "geometry": {"type": "Polygon", "coordinates": [[[-77.78365639880103, 36.60009460704002], [-77.87463707174739, 36.55356040602406], [-77.86501459873796, 36.4724125368378], [-77.76472956673544, 36.43776757263502], [-77.67385966908, 36.48413467494895], [-77.68316385354365, 36.56531355829964], [-77.78365639880103, 36.60009460704002]]]}}, {"type": "Feature", "properties": {"color": "#dbd83d"}, "geometry": {"type": "Polygon", "coordinates": [[[-78.40268558012708, 39.189576690416985], [-78.49805803350834, 39.140737734333165], [-78.48680364641228, 39.05654359489702], [-78.38052958111656, 39.02115126801401], [-78.28527310059671, 39.06981419855571], [-78.29617448256712, 39.154045180057125], [-78.40268558012708, 39.189576690416985]]]}}, {"type": "Feature", "properties": {"color": "#b5c98e"}, "geometry": {"type": "Polygon", "coordinates": [[[-78.1775926042198, 37.4403992586678], [-78.26977493770109, 37.39295854666757], [-78.25931142307758, 37.31080870705965], [-78.1569940691036, 37.27606511792915], [-78.06492205611845, 37.3233353390784], [-78.07505687852809, 37.40551935300085], [-78.1775926042198, 37.4403992586678]]]}}, {"type": "Feature", "properties": {"color": "#aa7028"}, "geometry": {"type": "Polygon", "coordinates": [[[-76.76335374106102, 37.02760362881322], [-76.85612703868303, 36.98154953230515], [-76.84814104934748, 36.899791130025534], [-76.74770741584553, 36.86406217328989], [-76.6550578879869, 36.90995040823608], [-76.66271808070627, 36.99173317189734], [-76.76335374106102, 37.02760362881322]]]}}, {"type": "Feature", "properties": {"color": "#68aa63"}, "geometry": {"type": "Polygon", "coordinates": [[[-83.32820807682526, 36.74573809220466], [-83.41344236436007, 36.695126764554445], [-83.39459621881379, 36.61466341936161], [-83.29081734817994, 36.58474406944681], [-83.20563298249569, 36.63517911080686], [-83.22417721040519, 36.71570954507811], [-83.32820807682526, 36.74573809220466]]]}}, {"type": "Feature", "properties": {"color": "#b5c98e"}, "geometry": {"type": "Polygon", "coordinates": [[[-80.04782279486398, 38.055530114894765], [-80.13920967677576, 38.00621386316176], [-80.12540121103768, 37.92355586604214], [-80.02053758298335, 37.89016651073363], [-79.92924225403186, 37.93930668554528], [-79.942718726109, 38.02201201134866], [-80.04782279486398, 38.055530114894765]]]}}, {"type": "Feature", "properties": {"color": "#bad8ea"}, "geometry": {"type": "Polygon", "coordinates": [[[-76.35458399579831, 36.802070010539346], [-76.44730645810408, 36.75649043553725], [-76.44004651783051, 36.67498862601992], [-76.34038735069178, 36.63904459260989], [-76.24779183047478, 36.684460035743214], [-76.25472840853647, 36.765983355223376], [-76.35458399579831, 36.802070010539346]]]}}, {"type": "Feature", "properties": {"color": "#68aa63"}, "geometry": {"type": "Polygon", "coordinates": [[[-78.66137111520139, 36.66584386856588], [-78.75160158290396, 36.618603154969875], [-78.74049831560534, 36.537459920802355], [-78.63948158155246, 36.50352022802765], [-78.5493527167147, 36.550591720615905], [-78.5601387778429, 36.63177184886344], [-78.66137111520139, 36.66584386856588]]]}}, {"type": "Feature", "properties": {"color": "#dbd83d"}, "geometry": {"type": "Polygon", "coordinates": [[[-77.47798120019411, 39.119449432307626], [-77.57417115171249, 39.07140916032261], [-77.56456177862856, 38.987204433558965], [-77.45911636316063, 38.95100941432929], [-77.36305305000943, 38.99887607929991], [-77.37230832194274, 39.083111065077304], [-77.47798120019411, 39.119449432307626]]]}}, {"type": "Feature", "properties": {"color": "#dbd83d"}, "geometry": {"type": "Polygon", "coordinates": [[[-79.41536086132656, 38.483119689818714], [-79.50825835547268, 38.43397407881566], [-79.49541715238557, 38.35072215192778], [-79.39001815075801, 38.316572160366356], [-79.29722135700813, 38.36554161707095], [-79.30972260637697, 38.44883693048409], [-79.41536086132656, 38.483119689818714]]]}}, {"type": "Feature", "properties": {"color": "#dbd83d"}, "geometry": {"type": "Polygon", "coordinates": [[[-79.34472766079271, 37.359250616885085], [-79.43555155572426, 37.310982402005095], [-79.42312975411886, 37.2290650309983], [-79.32020844270723, 37.19537360701898], [-79.2294814408807, 37.243469132337125], [-79.24157861917561, 37.32542849118453], [-79.34472766079271, 37.359250616885085]]]}}, {"type": "Feature", "properties": {"color": "#68aa63"}, "geometry": {"type": "Polygon", "coordinates": [[[-82.18788915867583, 36.86422131341799], [-82.27466736744908, 36.81428882152427], [-82.2576490365698, 36.73344037106405], [-82.15416049495974, 36.70246408885211], [-82.0674453913036, 36.75222104455419], [-82.08415540091423, 36.83312956393146], [-82.18788915867583, 36.86422131341799]]]}}, {"type": "Feature", "properties": {"color": "#aa7028"}, "geometry": {"type": "Polygon", "coordinates": [[[-78.86519576453271, 38.14463796924684], [-78.95802407514824, 38.09616182441025], [-78.94621980847302, 38.01323972234329], [-78.8419237317459, 37.97875412885024], [-78.74920109757748, 38.027056224359356], [-78.76066863116797, 38.11001767309789], [-78.86519576453271, 38.14463796924684]]]}}, {"type": "Feature", "properties": {"color": "#ccba7c"}, "geometry": {"type": "Polygon", "coordinates": [[[-79.00062196879013, 37.01215546109936], [-79.09115271956719, 36.96440359397074], [-79.07939851553981, 36.88286928416353], [-78.9774342577501, 36.84904715231149], [-78.88700283060791, 36.89662805507924], [-78.89843611627062, 36.97820177491389], [-79.00062196879013, 37.01215546109936]]]}}, {"type": "Feature", "properties": {"color": "#1c6330"}, "geometry": {"type": "Polygon", "coordinates": [[[-77.2340661962408, 36.87854047816615], [-77.32610599291829, 36.83222588736899], [-77.31735200121638, 36.750685335448], [-77.21688106905178, 36.71543160975232], [-77.12495925124388, 36.761579584760675], [-77.13339022831346, 36.843147614698275], [-77.2340661962408, 36.87854047816615]]]}}, {"type": "Feature", "properties": {"color": "#68aa63"}, "geometry": {"type": "Polygon", "coordinates": [[[-77.76228558141896, 38.0912459811512], [-77.8561453623341, 38.04367128561866], [-77.84625309708007, 37.960696678363234], [-77.7428394877755, 37.925264757553634], [-77.64909779126918, 37.97266803702805], [-77.65865142891911, 38.055674358480964], [-77.76228558141896, 38.0912459811512]]]}}, {"type": "Feature", "properties": {"color": "#68aa63"}, "geometry": {"type": "Polygon", "coordinates": [[[-80.04353589676785, 37.42963902759684], [-80.13374559332112, 37.38079692642861], [-80.1201246332893, 37.29889001964994], [-80.01661719423502, 37.26577821957714], [-79.92649674634929, 37.31444613234677], [-79.93979422541504, 37.396399757544614], [-80.04353589676785, 37.42963902759684]]]}}]}